  0
SECTION
  2
HEADER
  9
$ACADVER
  1
AC1021
  9
$ACADMAINTVER
 70
    25
  9
$DWGCODEPAGE
  3
ANSI_1252
  9
$LASTSAVEDBY
  1
39204
  9
$INSBASE
 10
0.0
 20
0.0
 30
0.0
  9
$EXTMIN
 10
0.0
 20
0.0
 30
0.0
  9
$EXTMAX
 10
284.9839039896083
 20
94.5649377714999
 30
0.0000000000003575
  9
$LIMMIN
 10
0.0
 20
0.0
  9
$LIMMAX
 10
12.0
 20
9.0
  9
$ORTHOMODE
 70
     0
  9
$REGENMODE
 70
     1
  9
$FILLMODE
 70
     1
  9
$QTEXTMODE
 70
     0
  9
$MIRRTEXT
 70
     1
  9
$LTSCALE
 40
1.0
  9
$ATTMODE
 70
     1
  9
$TEXTSIZE
 40
0.2
  9
$TRACEWID
 40
0.05
  9
$TEXTSTYLE
  7
Standard
  9
$CLAYER
  8
0
  9
$CELTYPE
  6
ByLayer
  9
$CECOLOR
 62
   256
  9
$CELTSCALE
 40
1.0
  9
$DISPSILH
 70
     0
  9
$DIMSCALE
 40
1.0
  9
$DIMASZ
 40
0.18
  9
$DIMEXO
 40
0.0625
  9
$DIMDLI
 40
0.38
  9
$DIMRND
 40
0.0
  9
$DIMDLE
 40
0.0
  9
$DIMEXE
 40
0.18
  9
$DIMTP
 40
0.0
  9
$DIMTM
 40
0.0
  9
$DIMTXT
 40
0.18
  9
$DIMCEN
 40
0.09
  9
$DIMTSZ
 40
0.0
  9
$DIMTOL
 70
     0
  9
$DIMLIM
 70
     0
  9
$DIMTIH
 70
     1
  9
$DIMTOH
 70
     1
  9
$DIMSE1
 70
     0
  9
$DIMSE2
 70
     0
  9
$DIMTAD
 70
     0
  9
$DIMZIN
 70
     0
  9
$DIMBLK
  1

  9
$DIMASO
 70
     1
  9
$DIMSHO
 70
     1
  9
$DIMPOST
  1

  9
$DIMAPOST
  1

  9
$DIMALT
 70
     0
  9
$DIMALTD
 70
     2
  9
$DIMALTF
 40
25.4
  9
$DIMLFAC
 40
1.0
  9
$DIMTOFL
 70
     0
  9
$DIMTVP
 40
0.0
  9
$DIMTIX
 70
     0
  9
$DIMSOXD
 70
     0
  9
$DIMSAH
 70
     0
  9
$DIMBLK1
  1

  9
$DIMBLK2
  1

  9
$DIMSTYLE
  2
STANDARD_ACAD
  9
$DIMCLRD
 70
     0
  9
$DIMCLRE
 70
     0
  9
$DIMCLRT
 70
     0
  9
$DIMTFAC
 40
1.0
  9
$DIMGAP
 40
0.09
  9
$DIMJUST
 70
     0
  9
$DIMSD1
 70
     0
  9
$DIMSD2
 70
     0
  9
$DIMTOLJ
 70
     1
  9
$DIMTZIN
 70
     0
  9
$DIMALTZ
 70
     0
  9
$DIMALTTZ
 70
     0
  9
$DIMUPT
 70
     0
  9
$DIMDEC
 70
     4
  9
$DIMTDEC
 70
     4
  9
$DIMALTU
 70
     2
  9
$DIMALTTD
 70
     2
  9
$DIMTXSTY
  7
Standard
  9
$DIMAUNIT
 70
     0
  9
$DIMADEC
 70
     0
  9
$DIMALTRND
 40
0.0
  9
$DIMAZIN
 70
     0
  9
$DIMDSEP
 70
    46
  9
$DIMATFIT
 70
     3
  9
$DIMFRAC
 70
     0
  9
$DIMLDRBLK
  1

  9
$DIMLUNIT
 70
     2
  9
$DIMLWD
 70
    -2
  9
$DIMLWE
 70
    -2
  9
$DIMTMOVE
 70
     2
  9
$DIMFXL
 40
1.0
  9
$DIMFXLON
 70
     0
  9
$DIMJOGANG
 40
0.7853981633974483
  9
$DIMTFILL
 70
     0
  9
$DIMTFILLCLR
 70
     0
  9
$DIMARCSYM
 70
     0
  9
$DIMLTYPE
  6

  9
$DIMLTEX1
  6

  9
$DIMLTEX2
  6

  9
$LUNITS
 70
     2
  9
$LUPREC
 70
     3
  9
$SKETCHINC
 40
0.1
  9
$FILLETRAD
 40
0.0
  9
$AUNITS
 70
     0
  9
$AUPREC
 70
     0
  9
$MENU
  1
.
  9
$ELEVATION
 40
0.0
  9
$PELEVATION
 40
0.0
  9
$THICKNESS
 40
0.0
  9
$LIMCHECK
 70
     0
  9
$CHAMFERA
 40
0.0
  9
$CHAMFERB
 40
0.0
  9
$CHAMFERC
 40
0.0
  9
$CHAMFERD
 40
0.0
  9
$SKPOLY
 70
     0
  9
$TDCREATE
 40
2460950.975510915
  9
$TDUCREATE
 40
2460950.642177581
  9
$TDUPDATE
 40
2460950.975520903
  9
$TDUUPDATE
 40
2460950.64218757
  9
$TDINDWG
 40
0.0000000116
  9
$TDUSRTIMER
 40
0.0000000116
  9
$USRTIMER
 70
     1
  9
$ANGBASE
 50
0.0
  9
$ANGDIR
 70
     0
  9
$PDMODE
 70
     0
  9
$PDSIZE
 40
0.0
  9
$PLINEWID
 40
0.0
  9
$SPLFRAME
 70
     0
  9
$SPLINETYPE
 70
     6
  9
$SPLINESEGS
 70
     8
  9
$HANDSEED
  5
491
  9
$SURFTAB1
 70
     6
  9
$SURFTAB2
 70
     6
  9
$SURFTYPE
 70
     6
  9
$SURFU
 70
     6
  9
$SURFV
 70
     6
  9
$UCSBASE
  2

  9
$UCSNAME
  2

  9
$UCSORG
 10
0.0
 20
0.0
 30
0.0
  9
$UCSXDIR
 10
1.0
 20
0.0
 30
0.0
  9
$UCSYDIR
 10
0.0
 20
1.0
 30
0.0
  9
$UCSORTHOREF
  2

  9
$UCSORTHOVIEW
 70
     0
  9
$UCSORGTOP
 10
0.0
 20
0.0
 30
0.0
  9
$UCSORGBOTTOM
 10
0.0
 20
0.0
 30
0.0
  9
$UCSORGLEFT
 10
0.0
 20
0.0
 30
0.0
  9
$UCSORGRIGHT
 10
0.0
 20
0.0
 30
0.0
  9
$UCSORGFRONT
 10
0.0
 20
0.0
 30
0.0
  9
$UCSORGBACK
 10
0.0
 20
0.0
 30
0.0
  9
$PUCSBASE
  2

  9
$PUCSNAME
  2

  9
$PUCSORG
 10
0.0
 20
0.0
 30
0.0
  9
$PUCSXDIR
 10
1.0
 20
0.0
 30
0.0
  9
$PUCSYDIR
 10
0.0
 20
1.0
 30
0.0
  9
$PUCSORTHOREF
  2

  9
$PUCSORTHOVIEW
 70
     0
  9
$PUCSORGTOP
 10
0.0
 20
0.0
 30
0.0
  9
$PUCSORGBOTTOM
 10
0.0
 20
0.0
 30
0.0
  9
$PUCSORGLEFT
 10
0.0
 20
0.0
 30
0.0
  9
$PUCSORGRIGHT
 10
0.0
 20
0.0
 30
0.0
  9
$PUCSORGFRONT
 10
0.0
 20
0.0
 30
0.0
  9
$PUCSORGBACK
 10
0.0
 20
0.0
 30
0.0
  9
$USERI1
 70
     0
  9
$USERI2
 70
     0
  9
$USERI3
 70
     0
  9
$USERI4
 70
     0
  9
$USERI5
 70
     0
  9
$USERR1
 40
0.0
  9
$USERR2
 40
0.0
  9
$USERR3
 40
0.0
  9
$USERR4
 40
0.0
  9
$USERR5
 40
0.0
  9
$WORLDVIEW
 70
     1
  9
$SHADEDGE
 70
     3
  9
$SHADEDIF
 70
    70
  9
$TILEMODE
 70
     1
  9
$MAXACTVP
 70
    64
  9
$PINSBASE
 10
0.0
 20
0.0
 30
0.0
  9
$PLIMCHECK
 70
     0
  9
$PEXTMIN
 10
1.000000000000000E+20
 20
1.000000000000000E+20
 30
1.000000000000000E+20
  9
$PEXTMAX
 10
-1.000000000000000E+20
 20
-1.000000000000000E+20
 30
-1.000000000000000E+20
  9
$PLIMMIN
 10
0.0
 20
0.0
  9
$PLIMMAX
 10
12.0
 20
9.0
  9
$UNITMODE
 70
     0
  9
$VISRETAIN
 70
     1
  9
$PLINEGEN
 70
     0
  9
$PSLTSCALE
 70
     1
  9
$TREEDEPTH
 70
  3020
  9
$CMLSTYLE
  2
Standard
  9
$CMLJUST
 70
     0
  9
$CMLSCALE
 40
1.0
  9
$PROXYGRAPHICS
 70
     1
  9
$MEASUREMENT
 70
     1
  9
$CELWEIGHT
370
    -1
  9
$ENDCAPS
280
     0
  9
$JOINSTYLE
280
     0
  9
$LWDISPLAY
290
     0
  9
$INSUNITS
 70
     4
  9
$HYPERLINKBASE
  1

  9
$STYLESHEET
  1

  9
$XEDIT
290
     1
  9
$CEPSNTYPE
380
     0
  9
$PSTYLEMODE
290
     1
  9
$FINGERPRINTGUID
  2
{9ea97b00-ffa0-4604-b57b-eec91f6a3ada}
  9
$VERSIONGUID
  2
{FAEB1C32-E019-11D5-929B-00C0DF256EC4}
  9
$EXTNAMES
290
     1
  9
$PSVPSCALE
 40
0.0
  9
$OLESTARTUP
290
     0
  9
$SORTENTS
280
   127
  9
$INDEXCTL
280
     0
  9
$HIDETEXT
280
     1
  9
$XCLIPFRAME
290
     0
  9
$HALOGAP
280
     0
  9
$OBSCOLOR
 70
   257
  9
$OBSLTYPE
280
     0
  9
$INTERSECTIONDISPLAY
280
     0
  9
$INTERSECTIONCOLOR
 70
   257
  9
$DIMASSOC
280
     2
  9
$PROJECTNAME
  1

  9
$CAMERADISPLAY
290
     0
  9
$LENSLENGTH
 40
50.0
  9
$CAMERAHEIGHT
 40
0.0
  9
$STEPSPERSEC
 40
2.0
  9
$STEPSIZE
 40
6.0
  9
$3DDWFPREC
 40
2.0
  9
$PSOLWIDTH
 40
0.25
  9
$PSOLHEIGHT
 40
4.0
  9
$LOFTANG1
 40
1.570796326794897
  9
$LOFTANG2
 40
1.570796326794897
  9
$LOFTMAG1
 40
0.0
  9
$LOFTMAG2
 40
0.0
  9
$LOFTPARAM
 70
     7
  9
$LOFTNORMALS
280
     1
  9
$LATITUDE
 40
37.795
  9
$LONGITUDE
 40
-122.394
  9
$NORTHDIRECTION
 40
0.0
  9
$TIMEZONE
 70
 -8000
  9
$LIGHTGLYPHDISPLAY
280
     1
  9
$TILEMODELIGHTSYNCH
280
     1
  9
$CMATERIAL
347
44
  9
$SOLIDHIST
280
     0
  9
$SHOWHIST
280
     1
  9
$DWFFRAME
280
     2
  9
$DGNFRAME
280
     2
  9
$REALWORLDSCALE
290
     1
  9
$INTERFERECOLOR
 62
   256
  9
$CSHADOW
280
     0
  9
$SHADOWPLANELOCATION
 40
0.0
  0
ENDSEC
  0
SECTION
  2
CLASSES
  0
CLASS
  1
ACDBDICTIONARYWDFLT
  2
AcDbDictionaryWithDefault
  3
ObjectDBX Classes
 90
        0
 91
        3
280
     0
281
     0
  0
CLASS
  1
VISUALSTYLE
  2
AcDbVisualStyle
  3
ObjectDBX Classes
 90
     4095
 91
        3
280
     0
281
     0
  0
CLASS
  1
MATERIAL
  2
AcDbMaterial
  3
ObjectDBX Classes
 90
     1153
 91
        3
280
     0
281
     0
  0
CLASS
  1
SCALE
  2
AcDbScale
  3
ObjectDBX Classes
 90
     1153
 91
        3
280
     0
281
     0
  0
CLASS
  1
TABLESTYLE
  2
AcDbTableStyle
  3
ObjectDBX Classes
 90
     4095
 91
        3
280
     0
281
     0
  0
CLASS
  1
MLEADERSTYLE
  2
AcDbMLeaderStyle
  3
ACDB_MLEADERSTYLE_CLASS
 90
     4095
 91
        3
280
     0
281
     0
  0
CLASS
  1
SUN
  2
AcDbSun
  3
SCENEOE
 90
     1153
 91
        3
280
     0
281
     0
  0
CLASS
  1
DICTIONARYVAR
  2
AcDbDictionaryVar
  3
ObjectDBX Classes
 90
        0
 91
        3
280
     0
281
     0
  0
CLASS
  1
CELLSTYLEMAP
  2
AcDbCellStyleMap
  3
ObjectDBX Classes
 90
     1152
 91
        3
280
     0
281
     0
  0
ENDSEC
  0
SECTION
  2
TABLES
  0
TABLE
  2
VPORT
  5
8
330
0
100
AcDbSymbolTable
 70
     1
  0
VPORT
  5
29
330
8
100
AcDbSymbolTableRecord
100
AcDbViewportTableRecord
  2
*Active
 70
     0
 10
0.0
 20
0.0
 11
1.0
 21
1.0
 12
10.42990654205607
 22
4.5
 13
0.0
 23
0.0
 14
0.5
 24
0.5
 15
0.5
 25
0.5
 16
0.0
 26
0.0
 36
1.0
 17
0.0
 27
0.0
 37
0.0
 40
9.0
 41
1.972972972850329
 42
50.0
 43
0.0
 44
0.0
 50
0.0
 51
0.0
 71
     0
 72
   100
 73
     1
 74
     3
 75
     0
 76
     0
 77
     0
 78
     0
281
     0
 65
     1
110
0.0
120
0.0
130
0.0
111
1.0
121
0.0
131
0.0
112
0.0
122
1.0
132
0.0
 79
     0
146
0.0
348
2F
 60
     3
 61
     5
292
     1
282
     1
141
0.0
142
0.0
 63
   250
361
5D
  0
ENDTAB
  0
TABLE
  2
LTYPE
  5
5
330
0
100
AcDbSymbolTable
 70
     5
  0
LTYPE
  5
14
330
5
100
AcDbSymbolTableRecord
100
AcDbLinetypeTableRecord
  2
ByBlock
 70
     0
  3

 72
    65
 73
     0
 40
0.0
  0
LTYPE
  5
15
330
5
100
AcDbSymbolTableRecord
100
AcDbLinetypeTableRecord
  2
ByLayer
 70
     0
  3

 72
    65
 73
     0
 40
0.0
  0
LTYPE
  5
16
330
5
100
AcDbSymbolTableRecord
100
AcDbLinetypeTableRecord
  2
Continuous
 70
     0
  3
Solid line
 72
    65
 73
     0
 40
0.0
  0
LTYPE
  5
7D
330
5
100
AcDbSymbolTableRecord
100
AcDbLinetypeTableRecord
  2
Dashed
 70
     0
  3

 72
    65
 73
     2
 40
10.0
 49
5.0
 74
     0
 49
-5.0
 74
     0
  0
LTYPE
  5
7F
330
5
100
AcDbSymbolTableRecord
100
AcDbLinetypeTableRecord
  2
Center
 70
     0
  3

 72
    65
 73
     4
 40
4.0
 49
2.5
 74
     0
 49
-0.5
 74
     0
 49
0.5
 74
     0
 49
-0.5
 74
     0
  0
LTYPE
  5
93
330
5
100
AcDbSymbolTableRecord
100
AcDbLinetypeTableRecord
  2
Hidden
 70
     0
  3

 72
    65
 73
     2
 40
4.0
 49
2.0
 74
     0
 49
-2.0
 74
     0
  0
LTYPE
  5
95
330
5
100
AcDbSymbolTableRecord
100
AcDbLinetypeTableRecord
  2
PHANTOM
 70
     0
  3

 72
    65
 73
     6
 40
12.7
 49
6.35
 74
     0
 49
-1.27
 74
     0
 49
1.27
 74
     0
 49
-1.27
 74
     0
 49
1.27
 74
     0
 49
-1.27
 74
     0
  0
ENDTAB
  0
TABLE
  2
LAYER
  5
2
330
0
100
AcDbSymbolTable
 70
   144
  0
LAYER
  5
10
330
2
100
AcDbSymbolTableRecord
100
AcDbLayerTableRecord
  2
0
 70
     0
 62
    18
420
        0
  6
Continuous
370
    -3
390
F
347
46
  0
LAYER
  5
5F
330
2
100
AcDbSymbolTableRecord
100
AcDbLayerTableRecord
  2
默认
 70
     0
 62
    18
420
        0
  6
Continuous
370
    -3
390
F
347
46
  0
LAYER
  5
60
330
2
100
AcDbSymbolTableRecord
100
AcDbLayerTableRecord
  2
图层01
 70
     0
 62
    12
420
 13107200
  6
Continuous
370
    -3
390
F
347
46
  0
LAYER
  5
61
330
2
100
AcDbSymbolTableRecord
100
AcDbLayerTableRecord
  2
图层02
 70
     0
 62
   192
420
  8201933
  6
Continuous
370
    -3
390
F
347
46
  0
LAYER
  5
62
330
2
100
AcDbSymbolTableRecord
100
AcDbLayerTableRecord
  2
图层03
 70
     0
 62
     5
420
      255
  6
Continuous
370
    -3
390
F
347
46
  0
LAYER
  5
63
330
2
100
AcDbSymbolTableRecord
100
AcDbLayerTableRecord
  2
图层04
 70
     0
 62
    96
420
    32512
  6
Continuous
370
    -3
390
F
347
46
  0
LAYER
  5
64
330
2
100
AcDbSymbolTableRecord
100
AcDbLayerTableRecord
  2
图层05
 70
     0
 62
     7
420
 16777215
  6
Continuous
370
    -3
390
F
347
46
  0
LAYER
  5
65
330
2
100
AcDbSymbolTableRecord
100
AcDbLayerTableRecord
  2
Mechanical 1
 70
     0
 62
     6
420
 16711935
  6
Continuous
370
    -3
390
F
347
46
  0
LAYER
  5
66
330
2
100
AcDbSymbolTableRecord
100
AcDbLayerTableRecord
  2
BoltGen
 70
     0
 62
    12
420
 13107200
  6
Continuous
370
    -3
390
F
347
46
  0
LAYER
  5
67
330
2
100
AcDbSymbolTableRecord
100
AcDbLayerTableRecord
  2
BoltGen$2x.4 Std 平头机器 飞利浦螺丝刀 (长度 6)
 70
     0
 62
    12
420
 13107200
  6
Continuous
370
    -3
390
F
347
46
  0
LAYER
  5
68
330
2
100
AcDbSymbolTableRecord
100
AcDbLayerTableRecord
  2
BoltGen$2x.4 Std 平头机器 飞利浦螺丝刀 (长度 6)$_T_2x.4 Std 平头机器 飞利浦螺丝刀 (长度 6)
 70
     0
 62
     9
420
 12500670
  6
Continuous
370
    -3
390
F
347
46
  0
LAYER
  5
69
330
2
100
AcDbSymbolTableRecord
100
AcDbLayerTableRecord
  2
默认值
 70
     0
 62
    18
420
        0
  6
Continuous
370
    -3
390
F
347
46
  0
LAYER
  5
6A
330
2
100
AcDbSymbolTableRecord
100
AcDbLayerTableRecord
  2
BoltGen$2x.4 Std 平头机器 梅花扳手 (长度 3)
 70
     0
 62
    12
420
 13107200
  6
Continuous
370
    -3
390
F
347
46
  0
LAYER
  5
6B
330
2
100
AcDbSymbolTableRecord
100
AcDbLayerTableRecord
  2
BoltGen$2x.4 Std 平头机器 梅花扳手 (长度 3)$_T_2x.4 Std 平头机器 梅花扳手 (长度 3)
 70
     0
 62
     9
420
 12500670
  6
Continuous
370
    -3
390
F
347
46
  0
LAYER
  5
6C
330
2
100
AcDbSymbolTableRecord
100
AcDbLayerTableRecord
  2
BoltGen$1.4x.3 Std (长度 4)
 70
     0
 62
    12
420
 13107200
  6
Continuous
370
    -3
390
F
347
46
  0
LAYER
  5
6D
330
2
100
AcDbSymbolTableRecord
100
AcDbLayerTableRecord
  2
BoltGen$1.4x.3 Std (长度 4)$_T_1.4x.3 Std (长度 4)
 70
     0
 62
     9
420
 12500670
  6
Continuous
370
    -3
390
F
347
46
  0
LAYER
  5
6E
330
2
100
AcDbSymbolTableRecord
100
AcDbLayerTableRecord
  2
BoltGen$2x.4 Std 内六角螺钉 艾伦内六角扳手 (长度 4)
 70
     0
 62
    12
420
 13107200
  6
Continuous
370
    -3
390
F
347
46
  0
LAYER
  5
6F
330
2
100
AcDbSymbolTableRecord
100
AcDbLayerTableRecord
  2
BoltGen$2x.4 Std 内六角螺钉 艾伦内六角扳手 (长度 4)$_T_2x.4 Std 内六角螺钉 艾伦内六角扳手 (长度 4)
 70
     0
 62
     9
420
 12500670
  6
Continuous
370
    -3
390
F
347
46
  0
LAYER
  5
70
330
2
100
AcDbSymbolTableRecord
100
AcDbLayerTableRecord
  2
Mechanical 16
 70
     0
 62
    56
420
  8355584
  6
Continuous
370
    -3
390
F
347
46
  0
LAYER
  5
71
330
2
100
AcDbSymbolTableRecord
100
AcDbLayerTableRecord
  2
Bottom Overlay
 70
     0
 62
    54
420
 10066176
  6
Continuous
370
    -3
390
F
347
46
  0
LAYER
  5
72
330
2
100
AcDbSymbolTableRecord
100
AcDbLayerTableRecord
  2
Multi-Layer
 70
     0
 62
     9
420
 12632256
  6
Continuous
370
    -3
390
F
347
46
  0
LAYER
  5
73
330
2
100
AcDbSymbolTableRecord
100
AcDbLayerTableRecord
  2
Bottom Paste
 70
     0
 62
    16
420
  8323072
  6
Continuous
370
    -3
390
F
347
46
  0
LAYER
  5
74
330
2
100
AcDbSymbolTableRecord
100
AcDbLayerTableRecord
  2
Top Overlay
 70
     0
 62
     2
420
 16776960
  6
Continuous
370
    -3
390
F
347
46
  0
LAYER
  5
75
330
2
100
AcDbSymbolTableRecord
100
AcDbLayerTableRecord
  2
Mechanical 21
 70
     0
 62
    56
420
  8355584
  6
Continuous
370
    -3
390
F
347
46
  0
LAYER
  5
76
330
2
100
AcDbSymbolTableRecord
100
AcDbLayerTableRecord
  2
Top Paste
 70
     0
 62
     8
420
  8421504
  6
Continuous
370
    -3
390
F
347
46
  0
LAYER
  5
77
330
2
100
AcDbSymbolTableRecord
100
AcDbLayerTableRecord
  2
Mechanical1
 70
     0
 62
     6
420
 16711935
  6
Continuous
370
    -3
390
F
347
46
  0
LAYER
  5
78
330
2
100
AcDbSymbolTableRecord
100
AcDbLayerTableRecord
  2
KeepOutLayer
 70
     0
 62
     6
420
 16711935
  6
Continuous
370
    -3
390
F
347
46
  0
LAYER
  5
79
330
2
100
AcDbSymbolTableRecord
100
AcDbLayerTableRecord
  2
BoltGen$2.5x.45 Std 平头机器 梅花扳手 (长度 4)
 70
     0
 62
    12
420
 13107200
  6
Continuous
370
    -3
390
F
347
46
  0
LAYER
  5
7A
330
2
100
AcDbSymbolTableRecord
100
AcDbLayerTableRecord
  2
BoltGen$2.5x.45 Std 平头机器 梅花扳手 (长度 4)$_T_2.5x.45 Std 平头机器 梅花扳手 (长度 4)
 70
     0
 62
     9
420
 12500670
  6
Continuous
370
    -3
390
F
347
46
  0
LAYER
  5
7B
330
2
100
AcDbSymbolTableRecord
100
AcDbLayerTableRecord
  2
1
 70
     0
 62
    18
420
        0
  6
Continuous
370
    -3
390
F
347
46
  0
LAYER
  5
7C
330
2
100
AcDbSymbolTableRecord
100
AcDbLayerTableRecord
  2
attrib
 70
     0
 62
    -2
420
 16776960
  6
Continuous
370
    35
390
F
347
46
  0
LAYER
  5
7E
330
2
100
AcDbSymbolTableRecord
100
AcDbLayerTableRecord
  2
hidden
 70
     0
 62
     3
420
    65280
  6
Dashed
370
    25
390
F
347
46
  0
LAYER
  5
80
330
2
100
AcDbSymbolTableRecord
100
AcDbLayerTableRecord
  2
center
 70
     0
 62
     4
420
    65535
  6
Center
370
    25
390
F
347
46
  0
LAYER
  5
81
330
2
100
AcDbSymbolTableRecord
100
AcDbLayerTableRecord
  2
vis
 70
     0
 62
     1
420
 16711680
  6
Continuous
370
    50
390
F
347
46
  0
LAYER
  5
82
330
2
100
AcDbSymbolTableRecord
100
AcDbLayerTableRecord
  2
AM_4
 70
     0
 62
     3
420
    65280
  6
Continuous
370
    25
390
F
347
46
  0
LAYER
  5
83
330
2
100
AcDbSymbolTableRecord
100
AcDbLayerTableRecord
  2
2d ConnectionPoints
 70
     0
 62
    18
420
        0
  6
Continuous
370
    50
390
F
347
46
  0
LAYER
  5
84
330
2
100
AcDbSymbolTableRecord
100
AcDbLayerTableRecord
  2
图层 1
 70
     0
 62
    18
420
        0
  6
Continuous
370
    -3
390
F
347
46
  0
LAYER
  5
85
330
2
100
AcDbSymbolTableRecord
100
AcDbLayerTableRecord
  2
200
 70
     0
 62
    18
420
        0
  6
Continuous
370
    -3
390
F
347
46
  0
LAYER
  5
86
330
2
100
AcDbSymbolTableRecord
100
AcDbLayerTableRecord
  2
TopLayer
 70
     0
 62
     1
420
 16711680
  6
Continuous
370
    -3
390
F
347
46
  0
LAYER
  5
87
330
2
100
AcDbSymbolTableRecord
100
AcDbLayerTableRecord
  2
BottomLayer
 70
     0
 62
     5
420
      255
  6
Continuous
370
    -3
390
F
347
46
  0
LAYER
  5
88
330
2
100
AcDbSymbolTableRecord
100
AcDbLayerTableRecord
  2
TopSolder
 70
     0
 62
   216
420
  8323199
  6
Continuous
370
    -3
390
F
347
46
  0
LAYER
  5
89
330
2
100
AcDbSymbolTableRecord
100
AcDbLayerTableRecord
  2
BottomSolder
 70
     0
 62
     6
420
 16711935
  6
Continuous
370
    -3
390
F
347
46
  0
LAYER
  5
8A
330
2
100
AcDbSymbolTableRecord
100
AcDbLayerTableRecord
  2
MultiLayer
 70
     0
 62
     9
420
 12632256
  6
Continuous
370
    -3
390
F
347
46
  0
LAYER
  5
8B
330
2
100
AcDbSymbolTableRecord
100
AcDbLayerTableRecord
  2
BottomOverlay
 70
     0
 62
    54
420
 10066176
  6
Continuous
370
    -3
390
F
347
46
  0
LAYER
  5
8C
330
2
100
AcDbSymbolTableRecord
100
AcDbLayerTableRecord
  2
TopOverlay
 70
     0
 62
     2
420
 16776960
  6
Continuous
370
    -3
390
F
347
46
  0
LAYER
  5
8D
330
2
100
AcDbSymbolTableRecord
100
AcDbLayerTableRecord
  2
BottomPaste
 70
     0
 62
    16
420
  8323072
  6
Continuous
370
    -3
390
F
347
46
  0
LAYER
  5
8E
330
2
100
AcDbSymbolTableRecord
100
AcDbLayerTableRecord
  2
TopPaste
 70
     0
 62
     8
420
  8421504
  6
Continuous
370
    -3
390
F
347
46
  0
LAYER
  5
8F
330
2
100
AcDbSymbolTableRecord
100
AcDbLayerTableRecord
  2
BoltGen$2.5x.45 Std 内六角螺钉 梅花扳手 (长度 12)
 70
     0
 62
    12
420
 13107200
  6
Continuous
370
    -3
390
F
347
46
  0
LAYER
  5
90
330
2
100
AcDbSymbolTableRecord
100
AcDbLayerTableRecord
  2
BoltGen$2.5x.45 Std 内六角螺钉 梅花扳手 (长度 12)$_T_2.5x.45 Std 内六角螺钉 梅花扳手 (长度 12)
 70
     0
 62
     9
420
 12500670
  6
Continuous
370
    -3
390
F
347
46
  0
LAYER
  5
91
330
2
100
AcDbSymbolTableRecord
100
AcDbLayerTableRecord
  2
3_ALL_SYMBOLS
 70
     0
 62
    18
420
        0
  6
Continuous
370
    -3
390
F
347
46
  0
LAYER
  5
92
330
2
100
AcDbSymbolTableRecord
100
AcDbLayerTableRecord
  2
DEFAULT_1
 70
     0
 62
    18
420
        0
  6
Center
370
    -3
390
F
347
46
  0
LAYER
  5
94
330
2
100
AcDbSymbolTableRecord
100
AcDbLayerTableRecord
  2
DEFAULT_2
 70
     0
 62
     8
420
  8421504
  6
Hidden
370
    -3
390
F
347
46
  0
LAYER
  5
96
330
2
100
AcDbSymbolTableRecord
100
AcDbLayerTableRecord
  2
DEFAULT_3
 70
     0
 62
    18
420
        0
  6
PHANTOM
370
    -3
390
F
347
46
  0
LAYER
  5
97
330
2
100
AcDbSymbolTableRecord
100
AcDbLayerTableRecord
  2
新定位板线框
 70
     0
 62
     1
420
 16711680
  6
Continuous
370
    -3
390
F
347
46
  0
LAYER
  5
98
330
2
100
AcDbSymbolTableRecord
100
AcDbLayerTableRecord
  2
Defpoints
 70
     0
 62
    18
420
        0
  6
Continuous
290
     0
370
    -3
390
F
347
46
  0
LAYER
  5
99
330
2
100
AcDbSymbolTableRecord
100
AcDbLayerTableRecord
  2
Layer1
 70
     0
 62
     4
420
    65535
  6
Continuous
370
    -3
390
F
347
46
  0
LAYER
  5
9A
330
2
100
AcDbSymbolTableRecord
100
AcDbLayerTableRecord
  2
BoltGen$2x.4 Std 内六角螺钉 艾伦内六角扳手 (长度 6)
 70
     0
 62
    12
420
 13107200
  6
Continuous
370
    -3
390
F
347
46
  0
LAYER
  5
9B
330
2
100
AcDbSymbolTableRecord
100
AcDbLayerTableRecord
  2
BoltGen$2x.4 Std 内六角螺钉 艾伦内六角扳手 (长度 6)$_T_2x.4 Std 内六角螺钉 艾伦内六角扳手 (长度 6)
 70
     0
 62
     9
420
 12500670
  6
Continuous
370
    -3
390
F
347
46
  0
LAYER
  5
9C
330
2
100
AcDbSymbolTableRecord
100
AcDbLayerTableRecord
  2
BoltGen$2x.4 Std 平头机器 梅花扳手 (长度 5)
 70
     0
 62
    12
420
 13107200
  6
Continuous
370
    -3
390
F
347
46
  0
LAYER
  5
9D
330
2
100
AcDbSymbolTableRecord
100
AcDbLayerTableRecord
  2
BoltGen$2x.4 Std 平头机器 梅花扳手 (长度 5)$_T_2x.4 Std 平头机器 梅花扳手 (长度 5)
 70
     0
 62
     9
420
 12500670
  6
Continuous
370
    -3
390
F
347
46
  0
LAYER
  5
9E
330
2
100
AcDbSymbolTableRecord
100
AcDbLayerTableRecord
  2
BoltGen$3x.5 Std 内六角螺钉 艾伦内六角扳手 (长度 6)
 70
     0
 62
    12
420
 13107200
  6
Continuous
370
    -3
390
F
347
46
  0
LAYER
  5
9F
330
2
100
AcDbSymbolTableRecord
100
AcDbLayerTableRecord
  2
BoltGen$3x.5 Std 内六角螺钉 艾伦内六角扳手 (长度 6)$_T_3x.5 Std 内六角螺钉 艾伦内六角扳手 (长度 6)
 70
     0
 62
     9
420
 12500670
  6
Continuous
370
    -3
390
F
347
46
  0
LAYER
  5
A0
330
2
100
AcDbSymbolTableRecord
100
AcDbLayerTableRecord
  2
BoltGen$3x.5 Std 平头机器 梅花扳手 (长度 6)
 70
     0
 62
    12
420
 13107200
  6
Continuous
370
    -3
390
F
347
46
  0
LAYER
  5
A1
330
2
100
AcDbSymbolTableRecord
100
AcDbLayerTableRecord
  2
BoltGen$3x.5 Std 平头机器 梅花扳手 (长度 6)$_T_3x.5 Std 平头机器 梅花扳手 (长度 6)
 70
     0
 62
     9
420
 12500670
  6
Continuous
370
    -3
390
F
347
46
  0
LAYER
  5
A2
330
2
100
AcDbSymbolTableRecord
100
AcDbLayerTableRecord
  2
BoltGen$2.5x.45 Std 内六角螺钉 艾伦内六角扳手 (长度 6)
 70
     0
 62
    12
420
 13107200
  6
Continuous
370
    -3
390
F
347
46
  0
LAYER
  5
A3
330
2
100
AcDbSymbolTableRecord
100
AcDbLayerTableRecord
  2
BoltGen$2.5x.45 Std 内六角螺钉 艾伦内六角扳手 (长度 6)$_T_2.5x.45 Std 内六角螺钉 艾伦内六角扳手 (长度 6)
 70
     0
 62
     9
420
 12500670
  6
Continuous
370
    -3
390
F
347
46
  0
LAYER
  5
A4
330
2
100
AcDbSymbolTableRecord
100
AcDbLayerTableRecord
  2
BoltGen$2.5x.45 Std 内六角螺钉 艾伦内六角扳手 (长度 8)
 70
     0
 62
    12
420
 13107200
  6
Continuous
370
    -3
390
F
347
46
  0
LAYER
  5
A5
330
2
100
AcDbSymbolTableRecord
100
AcDbLayerTableRecord
  2
BoltGen$2.5x.45 Std 内六角螺钉 艾伦内六角扳手 (长度 8)$_T_2.5x.45 Std 内六角螺钉 艾伦内六角扳手 (长度 8)
 70
     0
 62
     9
420
 12500670
  6
Continuous
370
    -3
390
F
347
46
  0
LAYER
  5
A6
330
2
100
AcDbSymbolTableRecord
100
AcDbLayerTableRecord
  2
Mechanical15
 70
     0
 62
    56
420
  8355584
  6
Continuous
370
    -3
390
F
347
46
  0
LAYER
  5
A7
330
2
100
AcDbSymbolTableRecord
100
AcDbLayerTableRecord
  2
Mechanical13
 70
     0
 62
    56
420
  8355584
  6
Continuous
370
    -3
390
F
347
46
  0
LAYER
  5
A8
330
2
100
AcDbSymbolTableRecord
100
AcDbLayerTableRecord
  2
图层 01
 70
     0
 62
    18
420
        0
  6
Continuous
370
    -3
390
F
347
46
  0
LAYER
  5
A9
330
2
100
AcDbSymbolTableRecord
100
AcDbLayerTableRecord
  2
BottomSilkLayer
 70
     0
 62
    18
420
        0
  6
Continuous
370
    -3
390
F
347
46
  0
LAYER
  5
AA
330
2
100
AcDbSymbolTableRecord
100
AcDbLayerTableRecord
  2
TopSolderMaskLayer
 70
     0
 62
   216
420
  8388736
  6
Continuous
370
    -3
390
F
347
46
  0
LAYER
  5
AB
330
2
100
AcDbSymbolTableRecord
100
AcDbLayerTableRecord
  2
TopSilkLayer
 70
     0
 62
    40
420
 16763904
  6
Continuous
370
    -3
390
F
347
46
  0
LAYER
  5
AC
330
2
100
AcDbSymbolTableRecord
100
AcDbLayerTableRecord
  2
Document
 70
     0
 62
     7
420
 16777215
  6
Continuous
370
    -3
390
F
347
46
  0
LAYER
  5
AD
330
2
100
AcDbSymbolTableRecord
100
AcDbLayerTableRecord
  2
BottomSolderMaskLayer
 70
     0
 62
   200
420
 11141375
  6
Continuous
370
    -3
390
F
347
46
  0
LAYER
  5
AE
330
2
100
AcDbSymbolTableRecord
100
AcDbLayerTableRecord
  2
BoardOutline
 70
     0
 62
     6
420
 16711935
  6
Continuous
370
    -3
390
F
347
46
  0
LAYER
  5
AF
330
2
100
AcDbSymbolTableRecord
100
AcDbLayerTableRecord
  2
粗实线层
 70
     0
 62
    18
420
        0
  6
Continuous
370
    35
390
F
347
46
  0
LAYER
  5
B0
330
2
100
AcDbSymbolTableRecord
100
AcDbLayerTableRecord
  2
尺寸线层
 70
     0
 62
     3
420
    65280
  6
Continuous
370
    18
390
F
347
46
  0
LAYER
  5
B1
330
2
100
AcDbSymbolTableRecord
100
AcDbLayerTableRecord
  2
PUB_DIM尺寸
 70
     0
 62
     3
420
    65280
  6
Continuous
370
    20
390
F
347
46
  0
LAYER
  5
B2
330
2
100
AcDbSymbolTableRecord
100
AcDbLayerTableRecord
  2
TopPasteMaskLayer
 70
     0
 62
     8
420
  8421504
  6
Continuous
370
    -3
390
F
347
46
  0
LAYER
  5
B3
330
2
100
AcDbSymbolTableRecord
100
AcDbLayerTableRecord
  2
Hole
 70
     0
 62
   250
420
  2236962
  6
Continuous
370
    -3
390
F
347
46
  0
LAYER
  5
B4
330
2
100
AcDbSymbolTableRecord
100
AcDbLayerTableRecord
  2
Ä¬ÈÏÖµ
 70
     0
 62
    18
420
        0
  6
Continuous
370
    -3
390
F
347
46
  0
LAYER
  5
B5
330
2
100
AcDbSymbolTableRecord
100
AcDbLayerTableRecord
  2
PCB-RCB_PBL1
 70
     0
 62
    18
420
        0
  6
Continuous
370
    -3
390
F
347
46
  0
LAYER
  5
B6
330
2
100
AcDbSymbolTableRecord
100
AcDbLayerTableRecord
  2
SUIT-00-06_PBL7
 70
     0
 62
    18
420
        0
  6
Continuous
370
    -3
390
F
347
46
  0
LAYER
  5
B7
330
2
100
AcDbSymbolTableRecord
100
AcDbLayerTableRecord
  2
图层1
 70
     0
 62
     3
420
    65280
  6
Continuous
370
    -3
390
F
347
46
  0
LAYER
  5
B8
330
2
100
AcDbSymbolTableRecord
100
AcDbLayerTableRecord
  2
Make2D$可见线$普通线
 70
     0
 62
    18
420
        0
  6
Continuous
370
    -3
390
F
347
46
  0
LAYER
  5
B9
330
2
100
AcDbSymbolTableRecord
100
AcDbLayerTableRecord
  2
CYBER-PLATE-AL-R_CONTINUOUSLINE
 70
     0
 62
    18
420
        0
  6
Continuous
370
    -3
390
F
347
46
  0
LAYER
  5
BA
330
2
100
AcDbSymbolTableRecord
100
AcDbLayerTableRecord
  2
图层2
 70
     0
 62
    -3
420
    65280
  6
Continuous
370
    -3
390
F
347
46
  0
LAYER
  5
BB
330
2
100
AcDbSymbolTableRecord
100
AcDbLayerTableRecord
  2
SUIT-00-15_PBL1
 70
     0
 62
    18
420
        0
  6
Continuous
370
    -3
390
F
347
46
  0
LAYER
  5
BC
330
2
100
AcDbSymbolTableRecord
100
AcDbLayerTableRecord
  2
layer 1
 70
     0
 62
    18
420
        0
  6
Continuous
370
    -3
390
F
347
46
  0
LAYER
  5
BD
330
2
100
AcDbSymbolTableRecord
100
AcDbLayerTableRecord
  2
细实线层
 70
     0
 62
    18
420
        0
  6
Continuous
370
    18
390
F
347
46
  0
LAYER
  5
BE
330
2
100
AcDbSymbolTableRecord
100
AcDbLayerTableRecord
  2
PadHoleLayer
 70
     0
 62
   156
420
    16255
  6
Continuous
370
    -3
390
F
347
46
  0
LAYER
  5
BF
330
2
100
AcDbSymbolTableRecord
100
AcDbLayerTableRecord
  2
Make2D$可见线$曲线
 70
     0
 62
    18
420
        0
  6
Continuous
370
    -3
390
F
347
46
  0
LAYER
  5
C0
330
2
100
AcDbSymbolTableRecord
100
AcDbLayerTableRecord
  2
6
 70
     0
 62
    18
420
        0
  6
Continuous
370
    -3
390
F
347
46
  0
LAYER
  5
C1
330
2
100
AcDbSymbolTableRecord
100
AcDbLayerTableRecord
  2
7
 70
     0
 62
    18
420
        0
  6
Continuous
370
    -3
390
F
347
46
  0
LAYER
  5
C2
330
2
100
AcDbSymbolTableRecord
100
AcDbLayerTableRecord
  2
4
 70
     0
 62
    18
420
        0
  6
Continuous
370
    -3
390
F
347
46
  0
LAYER
  5
C3
330
2
100
AcDbSymbolTableRecord
100
AcDbLayerTableRecord
  2
3
 70
     0
 62
    18
420
        0
  6
Continuous
370
    -3
390
F
347
46
  0
LAYER
  5
C4
330
2
100
AcDbSymbolTableRecord
100
AcDbLayerTableRecord
  2
2
 70
     0
 62
    18
420
        0
  6
Continuous
370
    -3
390
F
347
46
  0
LAYER
  5
C5
330
2
100
AcDbSymbolTableRecord
100
AcDbLayerTableRecord
  2
ViaHoleLayer
 70
     0
 62
    16
420
  8323072
  6
Continuous
370
    -3
390
F
347
46
  0
LAYER
  5
C6
330
2
100
AcDbSymbolTableRecord
100
AcDbLayerTableRecord
  2
BoltGen$2x.4 Std 平头机器 飞利浦螺丝刀 (长度 5)
 70
     0
 62
    12
420
 13107200
  6
Continuous
370
    -3
390
F
347
46
  0
LAYER
  5
C7
330
2
100
AcDbSymbolTableRecord
100
AcDbLayerTableRecord
  2
BoltGen$2x.4 Std 平头机器 飞利浦螺丝刀 (长度 5)$_T_2x.4 Std 平头机器 飞利浦螺丝刀 (长度 5)
 70
     0
 62
     9
420
 12500670
  6
Continuous
370
    -3
390
F
347
46
  0
LAYER
  5
C8
330
2
100
AcDbSymbolTableRecord
100
AcDbLayerTableRecord
  2
BoltGen$2x.4 Std 平头机器 梅花扳手 (长度 6)
 70
     0
 62
    12
420
 13107200
  6
Continuous
370
    -3
390
F
347
46
  0
LAYER
  5
C9
330
2
100
AcDbSymbolTableRecord
100
AcDbLayerTableRecord
  2
BoltGen$2x.4 Std 平头机器 梅花扳手 (长度 6)$_T_2x.4 Std 平头机器 梅花扳手 (长度 6)
 70
     0
 62
     9
420
 12500670
  6
Continuous
370
    -3
390
F
347
46
  0
LAYER
  5
CA
330
2
100
AcDbSymbolTableRecord
100
AcDbLayerTableRecord
  2
BoltGen$2.5x.45 Std 平头机器 梅花扳手 (长度 6)
 70
     0
 62
    12
420
 13107200
  6
Continuous
370
    -3
390
F
347
46
  0
LAYER
  5
CB
330
2
100
AcDbSymbolTableRecord
100
AcDbLayerTableRecord
  2
BoltGen$2.5x.45 Std 平头机器 梅花扳手 (长度 6)$_T_2.5x.45 Std 平头机器 梅花扳手 (长度 6)
 70
     0
 62
     9
420
 12500670
  6
Continuous
370
    -3
390
F
347
46
  0
LAYER
  5
CC
330
2
100
AcDbSymbolTableRecord
100
AcDbLayerTableRecord
  2
BoltGen$2.5x.45 Std 内六角螺钉 艾伦内六角扳手 (长度 4)
 70
     0
 62
    12
420
 13107200
  6
Continuous
370
    -3
390
F
347
46
  0
LAYER
  5
CD
330
2
100
AcDbSymbolTableRecord
100
AcDbLayerTableRecord
  2
BoltGen$2.5x.45 Std 内六角螺钉 艾伦内六角扳手 (长度 4)$_T_2.5x.45 Std 内六角螺钉 艾伦内六角扳手 (长度 4)
 70
     0
 62
     9
420
 12500670
  6
Continuous
370
    -3
390
F
347
46
  0
LAYER
  5
CE
330
2
100
AcDbSymbolTableRecord
100
AcDbLayerTableRecord
  2
BoltGen$2.5x.45 Std 内六角螺钉 艾伦内六角扳手 (长度 20)
 70
     0
 62
    12
420
 13107200
  6
Continuous
370
    -3
390
F
347
46
  0
LAYER
  5
CF
330
2
100
AcDbSymbolTableRecord
100
AcDbLayerTableRecord
  2
BoltGen$2.5x.45 Std 内六角螺钉 艾伦内六角扳手 (长度 20)$_T_2.5x.45 Std 内六角螺钉 艾伦内六角扳手 (长度 20)
 70
     0
 62
     9
420
 12500670
  6
Continuous
370
    -3
390
F
347
46
  0
LAYER
  5
D0
330
2
100
AcDbSymbolTableRecord
100
AcDbLayerTableRecord
  2
BoltGen$7f12c6f6-c529-49ed-8c0c-7b4ad7df6cd6
 70
     0
 62
    18
420
        0
  6
Continuous
370
    -3
390
F
347
46
  0
LAYER
  5
D1
330
2
100
AcDbSymbolTableRecord
100
AcDbLayerTableRecord
  2
BoltGen$7f12c6f6-c529-49ed-8c0c-7b4ad7df6cd6$2x.4 Std 平头机器 梅花扳手 (长度 3)
 70
     0
 62
    12
420
 13107200
  6
Continuous
370
    -3
390
F
347
46
  0
LAYER
  5
D2
330
2
100
AcDbSymbolTableRecord
100
AcDbLayerTableRecord
  2
BoltGen$7f12c6f6-c529-49ed-8c0c-7b4ad7df6cd6$2x.4 Std 平头机器 梅花扳手 (长度 5)
 70
     0
 62
    12
420
 13107200
  6
Continuous
370
    -3
390
F
347
46
  0
LAYER
  5
D3
330
2
100
AcDbSymbolTableRecord
100
AcDbLayerTableRecord
  2
BoltGen$7f12c6f6-c529-49ed-8c0c-7b4ad7df6cd6$2.5x.45 Std 内六角螺钉 艾伦内六角扳手 (长度 18)
 70
     0
 62
    12
420
 13107200
  6
Continuous
370
    -3
390
F
347
46
  0
LAYER
  5
D4
330
2
100
AcDbSymbolTableRecord
100
AcDbLayerTableRecord
  2
BoltGen$7f12c6f6-c529-49ed-8c0c-7b4ad7df6cd6$2x.4 Std 平头机器 梅花扳手 (长度 3)$_T_2x.4 Std 平头机器 梅花扳手 (长度 3)
 70
     0
 62
     9
420
 12500670
  6
Continuous
370
    -3
390
F
347
46
  0
LAYER
  5
D5
330
2
100
AcDbSymbolTableRecord
100
AcDbLayerTableRecord
  2
BoltGen$7f12c6f6-c529-49ed-8c0c-7b4ad7df6cd6$2x.4 Std 平头机器 梅花扳手 (长度 5)$_T_2x.4 Std 平头机器 梅花扳手 (长度 5)
 70
     0
 62
     9
420
 12500670
  6
Continuous
370
    -3
390
F
347
46
  0
LAYER
  5
D6
330
2
100
AcDbSymbolTableRecord
100
AcDbLayerTableRecord
  2
BoltGen$7f12c6f6-c529-49ed-8c0c-7b4ad7df6cd6$2.5x.45 Std 内六角螺钉 艾伦内六角扳手 (长度 18)$_T_2.5x.45 Std 内六角螺钉 艾伦内六角扳手 (长度 18)
 70
     0
 62
     9
420
 12500670
  6
Continuous
370
    -3
390
F
347
46
  0
LAYER
  5
D7
330
2
100
AcDbSymbolTableRecord
100
AcDbLayerTableRecord
  2
User Library-ws2812B-1
 70
     0
 62
     7
420
 16777215
  6
Continuous
370
    -3
390
F
347
46
  0
LAYER
  5
D8
330
2
100
AcDbSymbolTableRecord
100
AcDbLayerTableRecord
  2
Make2D
 70
     0
 62
    18
420
        0
  6
Continuous
370
    -3
390
F
347
46
  0
LAYER
  5
D9
330
2
100
AcDbSymbolTableRecord
100
AcDbLayerTableRecord
  2
Make2D$隐藏线
 70
     0
 62
   252
420
  9211020
  6
Hidden
370
    -3
390
F
347
46
  0
LAYER
  5
DA
330
2
100
AcDbSymbolTableRecord
100
AcDbLayerTableRecord
  2
Make2D$隐藏线$曲线
 70
     0
 62
   252
420
  9211020
  6
Hidden
370
    -3
390
F
347
46
  0
LAYER
  5
DB
330
2
100
AcDbSymbolTableRecord
100
AcDbLayerTableRecord
  2
Make2D$可见线
 70
     0
 62
    18
420
        0
  6
Continuous
370
    -3
390
F
347
46
  0
LAYER
  5
DC
330
2
100
AcDbSymbolTableRecord
100
AcDbLayerTableRecord
  2
Mechanical6
 70
     0
 62
    56
420
  8355584
  6
Continuous
370
    -3
390
F
347
46
  0
LAYER
  5
DD
330
2
100
AcDbSymbolTableRecord
100
AcDbLayerTableRecord
  2
Make2D$可见线$场景轮廓线
 70
     0
 62
    18
420
        0
  6
Continuous
370
    50
390
F
347
46
  0
LAYER
  5
DE
330
2
100
AcDbSymbolTableRecord
100
AcDbLayerTableRecord
  2
Bottom Layer
 70
     0
 62
   163
420
  5078980
  6
Continuous
370
    -3
390
F
347
46
  0
LAYER
  5
DF
330
2
100
AcDbSymbolTableRecord
100
AcDbLayerTableRecord
  2
Top Layer
 70
     0
 62
    22
420
 13120564
  6
Continuous
370
    -3
390
F
347
46
  0
LAYER
  5
E0
330
2
100
AcDbSymbolTableRecord
100
AcDbLayerTableRecord
  2
Board Outline Layer
 70
     0
 62
     6
420
 16711935
  6
Continuous
370
    -3
390
F
347
46
  0
LAYER
  5
E1
330
2
100
AcDbSymbolTableRecord
100
AcDbLayerTableRecord
  2
Make2D$可见线$截平面交线
 70
     0
 62
    18
420
        0
  6
Continuous
370
    50
390
F
347
46
  0
LAYER
  5
E2
330
2
100
AcDbSymbolTableRecord
100
AcDbLayerTableRecord
  2
Make2D$隐藏线$截平面交线
 70
     0
 62
   252
420
  9211020
  6
Hidden
370
    50
390
F
347
46
  0
LAYER
  5
E3
330
2
100
AcDbSymbolTableRecord
100
AcDbLayerTableRecord
  2
预设值
 70
     0
 62
    18
420
        0
  6
Continuous
370
    -3
390
F
347
46
  0
LAYER
  5
E4
330
2
100
AcDbSymbolTableRecord
100
AcDbLayerTableRecord
  2
Mechanical 2
 70
     0
 62
   216
420
  8323199
  6
Continuous
370
    -3
390
F
347
46
  0
LAYER
  5
E5
330
2
100
AcDbSymbolTableRecord
100
AcDbLayerTableRecord
  2
Bottom Solder
 70
     0
 62
     6
420
 16711935
  6
Continuous
370
    -3
390
F
347
46
  0
LAYER
  5
E6
330
2
100
AcDbSymbolTableRecord
100
AcDbLayerTableRecord
  2
Top Solder
 70
     0
 62
   216
420
  8323199
  6
Continuous
370
    -3
390
F
347
46
  0
LAYER
  5
E7
330
2
100
AcDbSymbolTableRecord
100
AcDbLayerTableRecord
  2
Via Holes
 70
     0
 62
    16
420
  8323072
  6
Continuous
370
    -3
390
F
347
46
  0
LAYER
  5
E8
330
2
100
AcDbSymbolTableRecord
100
AcDbLayerTableRecord
  2
Pad Holes
 70
     0
 62
   156
420
    16255
  6
Continuous
370
    -3
390
F
347
46
  0
LAYER
  5
E9
330
2
100
AcDbSymbolTableRecord
100
AcDbLayerTableRecord
  2
Keep-Out Layer
 70
     0
 62
     6
420
 16711935
  6
Continuous
370
    -3
390
F
347
46
  0
LAYER
  5
EA
330
2
100
AcDbSymbolTableRecord
100
AcDbLayerTableRecord
  2
Mechanical 15
 70
     0
 62
    56
420
  8355584
  6
Continuous
370
    -3
390
F
347
46
  0
LAYER
  5
EB
330
2
100
AcDbSymbolTableRecord
100
AcDbLayerTableRecord
  2
Mechanical 6
 70
     0
 62
    56
420
  8355584
  6
Continuous
370
    -3
390
F
347
46
  0
LAYER
  5
EC
330
2
100
AcDbSymbolTableRecord
100
AcDbLayerTableRecord
  2
BoltGen$1.6x.35 Std 平头 飞利浦螺丝刀 (长度 4)
 70
     0
 62
    12
420
 13107200
  6
Continuous
370
    -3
390
F
347
46
  0
LAYER
  5
ED
330
2
100
AcDbSymbolTableRecord
100
AcDbLayerTableRecord
  2
BoltGen$1.6x.35 Std 平头 飞利浦螺丝刀 (长度 4)$_T_1.6x.35 Std 平头 飞利浦螺丝刀 (长度 4)
 70
     0
 62
     9
420
 12500670
  6
Continuous
370
    -3
390
F
347
46
  0
LAYER
  5
EE
330
2
100
AcDbSymbolTableRecord
100
AcDbLayerTableRecord
  2
BoltGen$1.6x.35 Std 平头机器 飞利浦螺丝刀 (长度 3)
 70
     0
 62
    12
420
 13107200
  6
Continuous
370
    -3
390
F
347
46
  0
LAYER
  5
EF
330
2
100
AcDbSymbolTableRecord
100
AcDbLayerTableRecord
  2
BoltGen$1.6x.35 Std 平头机器 飞利浦螺丝刀 (长度 3)$_T_1.6x.35 Std 平头机器 飞利浦螺丝刀 (长度 3)
 70
     0
 62
     9
420
 12500670
  6
Continuous
370
    -3
390
F
347
46
  0
LAYER
  5
F0
330
2
100
AcDbSymbolTableRecord
100
AcDbLayerTableRecord
  2
BoltGen$1.6x.35 Std 平头机器 飞利浦螺丝刀 (长度 4)
 70
     0
 62
    12
420
 13107200
  6
Continuous
370
    -3
390
F
347
46
  0
LAYER
  5
F1
330
2
100
AcDbSymbolTableRecord
100
AcDbLayerTableRecord
  2
BoltGen$1.6x.35 Std 平头机器 飞利浦螺丝刀 (长度 4)$_T_1.6x.35 Std 平头机器 飞利浦螺丝刀 (长度 4)
 70
     0
 62
     9
420
 12500670
  6
Continuous
370
    -3
390
F
347
46
  0
ENDTAB
  0
TABLE
  2
STYLE
  5
3
330
0
100
AcDbSymbolTable
 70
     1
  0
STYLE
  5
11
330
3
100
AcDbSymbolTableRecord
100
AcDbTextStyleTableRecord
  2
Standard
 70
     0
 40
0.0
 41
1.0
 50
0.0
 71
     0
 42
0.2
  3
txt
  4

  0
ENDTAB
  0
TABLE
  2
VIEW
  5
6
330
0
100
AcDbSymbolTable
 70
     0
  0
ENDTAB
  0
TABLE
  2
UCS
  5
7
330
0
100
AcDbSymbolTable
 70
     0
  0
ENDTAB
  0
TABLE
  2
APPID
  5
9
330
0
100
AcDbSymbolTable
 70
     3
  0
APPID
  5
12
330
9
100
AcDbSymbolTableRecord
100
AcDbRegAppTableRecord
  2
ACAD
 70
     0
  0
APPID
  5
5E
330
9
100
AcDbSymbolTableRecord
100
AcDbRegAppTableRecord
  2
Rhino
 70
     0
  0
APPID
  5
489
330
9
100
AcDbSymbolTableRecord
100
AcDbRegAppTableRecord
  2
ACAD_MLEADERVER
 70
     0
  0
ENDTAB
  0
TABLE
  2
DIMSTYLE
  5
A
330
0
100
AcDbSymbolTable
 70
     1
100
AcDbDimStyleTable
  0
DIMSTYLE
105
27
330
A
100
AcDbSymbolTableRecord
100
AcDbDimStyleTableRecord
  2
STANDARD_ACAD
 70
     0
178
     0
340
11
  0
ENDTAB
  0
TABLE
  2
BLOCK_RECORD
  5
1
330
0
100
AcDbSymbolTable
 70
     1
  0
BLOCK_RECORD
  5
1F
330
1
100
AcDbSymbolTableRecord
100
AcDbBlockTableRecord
  2
*Model_Space
340
22
 70
     0
280
     1
281
     0
  0
BLOCK_RECORD
  5
1B
330
1
100
AcDbSymbolTableRecord
100
AcDbBlockTableRecord
  2
*Paper_Space
340
1E
 70
     0
280
     1
281
     0
  0
BLOCK_RECORD
  5
23
330
1
100
AcDbSymbolTableRecord
100
AcDbBlockTableRecord
  2
*Paper_Space0
340
26
 70
     0
280
     1
281
     0
  0
ENDTAB
  0
ENDSEC
  0
SECTION
  2
BLOCKS
  0
BLOCK
  5
20
330
1F
100
AcDbEntity
  8
0
100
AcDbBlockBegin
  2
*Model_Space
 70
     0
 10
0.0
 20
0.0
 30
0.0
  3
*Model_Space
  1

  0
ENDBLK
  5
21
330
1F
100
AcDbEntity
  8
0
100
AcDbBlockEnd
  0
BLOCK
  5
1C
330
1B
100
AcDbEntity
 67
     1
  8
0
100
AcDbBlockBegin
  2
*Paper_Space
 70
     0
 10
0.0
 20
0.0
 30
0.0
  3
*Paper_Space
  1

  0
ENDBLK
  5
1D
330
1B
100
AcDbEntity
 67
     1
  8
0
100
AcDbBlockEnd
  0
BLOCK
  5
24
330
23
100
AcDbEntity
  8
0
100
AcDbBlockBegin
  2
*Paper_Space0
 70
     0
 10
0.0
 20
0.0
 30
0.0
  3
*Paper_Space0
  1

  0
ENDBLK
  5
25
330
23
100
AcDbEntity
  8
0
100
AcDbBlockEnd
  0
ENDSEC
  0
SECTION
  2
ENTITIES
  0
LINE
  5
F2
330
1F
100
AcDbEntity
  8
Mechanical 1
 62
    96
420
    32512
100
AcDbLine
 10
277.5242561163147
 20
59.33755538680566
 30
0.0000000000003575
 11
264.6252549363146
 21
59.33755538680566
 31
0.0000000000003575
  0
ARC
  5
F3
330
1F
100
AcDbEntity
  8
Mechanical 1
 62
    96
420
    32512
100
AcDbCircle
 10
-264.6252549363163
 20
59.88755428680723
 30
-0.0000000000003575
 40
0.5499989000015619
210
0.0
220
0.0
230
-1.0
100
AcDbArc
 50
270.0000000001776
 51
359.9999999998453
  0
LINE
  5
F4
330
1F
100
AcDbEntity
  8
Mechanical 1
 62
    96
420
    32512
100
AcDbLine
 10
264.0752560363147
 20
59.88755428680574
 30
0.0000000000003575
 11
264.0752560363146
 21
72.78685264680564
 31
0.0000000000003575
  0
ARC
  5
F5
330
1F
100
AcDbEntity
  8
Mechanical 1
 62
    96
420
    32512
100
AcDbCircle
 10
-264.625254936318
 20
72.78685264680234
 30
-0.0000000000003575
 40
0.549998900003367
210
0.0
220
0.0
230
-1.0
100
AcDbArc
 50
0.0000000003434543
 51
89.99999999965063
  0
LINE
  5
F6
330
1F
100
AcDbEntity
  8
Mechanical 1
 62
    96
420
    32512
100
AcDbLine
 10
264.6252549363146
 20
73.33685154680572
 30
0.0000000000003575
 11
277.5242561163147
 21
73.33685154680565
 31
0.0000000000003575
  0
ARC
  5
F7
330
1F
100
AcDbEntity
  8
Mechanical 1
 62
    96
420
    32512
100
AcDbCircle
 10
-277.5242561163129
 20
72.78685264680372
 30
-0.0000000000003575
 40
0.5499989000019296
210
0.0
220
0.0
230
-1.0
100
AcDbArc
 50
90.00000000018949
 51
179.9999999997987
  0
LINE
  5
F8
330
1F
100
AcDbEntity
  8
Mechanical 1
 62
    96
420
    32512
100
AcDbLine
 10
278.0742550163149
 20
72.78685264680564
 30
0.0000000000003575
 11
278.0742550163147
 21
59.88755428680565
 31
0.0000000000003575
  0
ARC
  5
F9
330
1F
100
AcDbEntity
  8
Mechanical 1
 62
    96
420
    32512
100
AcDbCircle
 10
-277.5242561163097
 20
59.88755428681068
 30
-0.0000000000003575
 40
0.5499989000050258
210
0.0
220
0.0
230
-1.0
100
AcDbArc
 50
180.0000000005248
 51
269.9999999994789
  0
LINE
  5
FA
330
1F
100
AcDbEntity
  8
Mechanical 1
 62
    96
420
    32512
100
AcDbLine
 10
257.4304813163146
 20
54.33615304680563
 30
0.0000000000003575
 11
270.4314814763147
 21
54.33615304680563
 31
0.0000000000003575
  0
ARC
  5
FB
330
1F
100
AcDbEntity
  8
Mechanical 1
 62
    96
420
    32512
100
AcDbCircle
 10
-270.431481476312
 20
53.78615414680317
 30
-0.0000000000003575
 40
0.5499989000024681
210
0.0
220
0.0
230
-1.0
100
AcDbArc
 50
90.00000000028423
 51
179.9999999997395
  0
LINE
  5
FC
330
1F
100
AcDbEntity
  8
Mechanical 1
 62
    96
420
    32512
100
AcDbLine
 10
270.9814803763145
 20
53.78615414680567
 30
0.0000000000003575
 11
270.9814803763147
 21
49.5856545468057
 31
0.0000000000003575
  0
LINE
  5
FD
330
1F
100
AcDbEntity
  8
Mechanical 1
 62
    96
420
    32512
100
AcDbLine
 10
270.9814803763147
 20
49.5856545468057
 30
0.0000000000003575
 11
272.4554804763147
 21
49.5856545468057
 31
0.0000000000003575
  0
LINE
  5
FE
330
1F
100
AcDbEntity
  8
Mechanical 1
 62
    96
420
    32512
100
AcDbLine
 10
272.4554804763147
 20
49.5856545468057
 30
0.0000000000003575
 11
272.4554830163148
 21
52.31575322680567
 31
0.0000000000003575
  0
ARC
  5
FF
330
1F
100
AcDbEntity
  8
Mechanical 1
 62
    96
420
    32512
100
AcDbCircle
 10
-272.955482016313
 20
52.31575322680746
 30
-0.0000000000003575
 40
0.4999989999982383
210
0.0
220
0.0
230
-1.0
100
AcDbArc
 50
359.9999999997948
 51
90.00000000020192
  0
LINE
  5
100
330
1F
100
AcDbEntity
  8
Mechanical 1
 62
    96
420
    32512
100
AcDbLine
 10
272.9554820163148
 20
52.8157522268057
 30
0.0000000000003575
 11
278.7064814363146
 21
52.81575222680567
 31
0.0000000000003575
  0
ARC
  5
101
330
1F
100
AcDbEntity
  8
Mechanical 1
 62
    96
420
    32512
100
AcDbCircle
 10
-278.7064814363132
 20
52.31575322680419
 30
-0.0000000000003575
 40
0.4999990000014813
210
0.0
220
0.0
230
-1.0
100
AcDbArc
 50
90.00000000015633
 51
179.9999999998339
  0
LINE
  5
102
330
1F
100
AcDbEntity
  8
Mechanical 1
 62
    96
420
    32512
100
AcDbLine
 10
279.2064804363147
 20
52.31575322680564
 30
0.0000000000003575
 11
279.2064804363147
 21
49.5856545468057
 31
0.0000000000003575
  0
LINE
  5
103
330
1F
100
AcDbEntity
  8
Mechanical 1
 62
    96
420
    32512
100
AcDbLine
 10
279.2064804363147
 20
49.5856545468057
 30
0.0000000000003575
 11
279.5304802963146
 21
49.58565200680579
 31
0.0000000000003575
  0
ARC
  5
104
330
1F
100
AcDbEntity
  8
Mechanical 1
 62
    96
420
    32512
100
AcDbCircle
 10
-279.5304802963122
 20
49.08565300680321
 30
-0.0000000000003575
 40
0.4999990000025722
210
0.0
220
0.0
230
-1.0
100
AcDbArc
 50
90.00000000027359
 51
179.9999999997191
  0
LINE
  5
105
330
1F
100
AcDbEntity
  8
Mechanical 1
 62
    96
420
    32512
100
AcDbLine
 10
280.0304792963148
 20
49.08565300680567
 30
0.0000000000003575
 11
280.0304792963147
 21
47.28675388680563
 31
0.0000000000003575
  0
ARC
  5
106
330
1F
100
AcDbEntity
  8
Mechanical 1
 62
    96
420
    32512
100
AcDbCircle
 10
-279.5304802963128
 20
47.28675388680755
 30
-0.0000000000003575
 40
0.4999990000019491
210
0.0
220
0.0
230
-1.0
100
AcDbArc
 50
180.0000000002198
 51
269.999999999772
  0
LINE
  5
107
330
1F
100
AcDbEntity
  8
Mechanical 1
 62
    96
420
    32512
100
AcDbLine
 10
279.5304802963147
 20
46.7867548868056
 30
0.0000000000003575
 11
279.2064804363147
 21
46.78675234680566
 31
0.0000000000003575
  0
LINE
  5
108
330
1F
100
AcDbEntity
  8
Mechanical 1
 62
    96
420
    32512
100
AcDbLine
 10
279.2064804363147
 20
46.78675234680566
 30
0.0000000000003575
 11
279.2064804363146
 21
41.01685278680566
 31
0.0000000000003575
  0
ARC
  5
109
330
1F
100
AcDbEntity
  8
Mechanical 1
 62
    96
420
    32512
100
AcDbCircle
 10
-278.7064814363143
 20
41.01685278680597
 30
-0.0000000000003575
 40
0.4999990000002958
210
0.0
220
0.0
230
-1.0
100
AcDbArc
 50
180.000000000035
 51
269.9999999999609
  0
LINE
  5
10A
330
1F
100
AcDbEntity
  8
Mechanical 1
 62
    96
420
    32512
100
AcDbLine
 10
278.7064814363146
 20
40.51685378680567
 30
0.0000000000003575
 11
277.4814800763147
 21
40.51685378680565
 31
0.0000000000003575
  0
LINE
  5
10B
330
1F
100
AcDbEntity
  8
Mechanical 1
 62
    96
420
    32512
100
AcDbLine
 10
277.4814800763147
 20
40.51685378680565
 30
0.0000000000003575
 11
277.4814800763147
 21
39.81665452680568
 31
0.0000000000003575
  0
ARC
  5
10C
330
1F
100
AcDbEntity
  8
Mechanical 1
 62
    96
420
    32512
100
AcDbCircle
 10
-276.9814810763125
 20
39.81665452680778
 30
-0.0000000000003575
 40
0.4999990000021663
210
0.0
220
0.0
230
-1.0
100
AcDbArc
 50
180.0000000002418
 51
269.999999999746
  0
LINE
  5
10D
330
1F
100
AcDbEntity
  8
Mechanical 1
 62
    96
420
    32512
100
AcDbLine
 10
276.9814810763148
 20
39.31665552680562
 30
0.0000000000003575
 11
274.6804798363146
 21
39.31665552680568
 31
0.0000000000003575
  0
ARC
  5
10E
330
1F
100
AcDbEntity
  8
Mechanical 1
 62
    96
420
    32512
100
AcDbCircle
 10
-274.680479836313
 20
39.81665452680394
 30
-0.0000000000003575
 40
0.4999989999982746
210
0.0
220
0.0
230
-1.0
100
AcDbArc
 50
269.9999999998176
 51
0.0000000002011132
  0
LINE
  5
10F
330
1F
100
AcDbEntity
  8
Mechanical 1
 62
    96
420
    32512
100
AcDbLine
 10
274.1804808363147
 20
39.81665452680571
 30
0.0000000000003575
 11
274.1804808363147
 21
40.51685378680565
 31
0.0000000000003575
  0
LINE
  5
110
330
1F
100
AcDbEntity
  8
Mechanical 1
 62
    96
420
    32512
100
AcDbLine
 10
274.1804808363147
 20
40.51685378680565
 30
0.0000000000003575
 11
272.9554820163146
 21
40.51685378680571
 31
0.0000000000003575
  0
ARC
  5
111
330
1F
100
AcDbEntity
  8
Mechanical 1
 62
    96
420
    32512
100
AcDbCircle
 10
-272.9554820163132
 20
41.01685278680428
 30
-0.0000000000003575
 40
0.4999989999985627
210
0.0
220
0.0
230
-1.0
100
AcDbArc
 50
269.9999999998437
 51
0.0000000001628447
  0
LINE
  5
112
330
1F
100
AcDbEntity
  8
Mechanical 1
 62
    96
420
    32512
100
AcDbLine
 10
272.4554830163146
 20
41.0168527868057
 30
0.0000000000003575
 11
272.4554804763147
 21
44.98585424680562
 31
0.0000000000003575
  0
LINE
  5
113
330
1F
100
AcDbEntity
  8
Mechanical 1
 62
    96
420
    32512
100
AcDbLine
 10
272.4554804763147
 20
44.98585424680562
 30
0.0000000000003575
 11
270.9814803763147
 21
44.98585424680562
 31
0.0000000000003575
  0
LINE
  5
114
330
1F
100
AcDbEntity
  8
Mechanical 1
 62
    96
420
    32512
100
AcDbLine
 10
270.9814803763147
 20
44.98585424680562
 30
0.0000000000003575
 11
270.9814803763147
 21
40.78685324680578
 31
0.0000000000003575
  0
ARC
  5
115
330
1F
100
AcDbEntity
  8
Mechanical 1
 62
    96
420
    32512
100
AcDbCircle
 10
-270.431481476312
 20
40.78685324680841
 30
-0.0000000000003575
 40
0.5499989000027085
210
0.0
220
0.0
230
-1.0
100
AcDbArc
 50
180.0000000002739
 51
269.9999999996979
  0
LINE
  5
116
330
1F
100
AcDbEntity
  8
Mechanical 1
 62
    96
420
    32512
100
AcDbLine
 10
270.4314814763149
 20
40.2368543468057
 30
0.0000000000003575
 11
257.4304813163149
 21
40.23685434680552
 31
0.0000000000003575
  0
ARC
  5
117
330
1F
100
AcDbEntity
  8
Mechanical 1
 62
    96
420
    32512
100
AcDbCircle
 10
-257.4304813163131
 20
40.78685324680387
 30
-0.0000000000003575
 40
0.5499988999983584
210
0.0
220
0.0
230
-1.0
100
AcDbArc
 50
269.9999999998224
 51
0.0000000001835704
  0
LINE
  5
118
330
1F
100
AcDbEntity
  8
Mechanical 1
 62
    96
420
    32512
100
AcDbLine
 10
256.8804824163148
 20
40.78685324680563
 30
0.0000000000003575
 11
256.8804798763147
 21
44.98585424680562
 31
0.0000000000003575
  0
LINE
  5
119
330
1F
100
AcDbEntity
  8
Mechanical 1
 62
    96
420
    32512
100
AcDbLine
 10
256.8804798763147
 20
44.98585424680562
 30
0.0000000000003575
 11
255.4064797763147
 21
44.98585424680562
 31
0.0000000000003575
  0
LINE
  5
11A
330
1F
100
AcDbEntity
  8
Mechanical 1
 62
    96
420
    32512
100
AcDbLine
 10
255.4064797763147
 20
44.98585424680562
 30
0.0000000000003575
 11
255.4064797763149
 21
41.01685278680566
 31
0.0000000000003575
  0
ARC
  5
11B
330
1F
100
AcDbEntity
  8
Mechanical 1
 62
    96
420
    32512
100
AcDbCircle
 10
-254.906480776312
 20
41.01685278680856
 30
-0.0000000000003575
 40
0.4999990000028409
210
0.0
220
0.0
230
-1.0
100
AcDbArc
 50
180.0000000003314
 51
269.9999999996808
  0
LINE
  5
11C
330
1F
100
AcDbEntity
  8
Mechanical 1
 62
    96
420
    32512
100
AcDbLine
 10
254.9064807763148
 20
40.51685378680571
 30
0.0000000000003575
 11
253.6794804363146
 21
40.51685378680565
 31
0.0000000000003575
  0
LINE
  5
11D
330
1F
100
AcDbEntity
  8
Mechanical 1
 62
    96
420
    32512
100
AcDbLine
 10
253.6794804363146
 20
40.51685378680565
 30
0.0000000000003575
 11
253.6794804363146
 21
39.81665452680568
 31
0.0000000000003575
  0
ARC
  5
11E
330
1F
100
AcDbEntity
  8
Mechanical 1
 62
    96
420
    32512
100
AcDbCircle
 10
-253.1794814363136
 20
39.81665452680672
 30
-0.0000000000003575
 40
0.4999990000010308
210
0.0
220
0.0
230
-1.0
100
AcDbArc
 50
180.0000000001197
 51
269.9999999998827
  0
LINE
  5
11F
330
1F
100
AcDbEntity
  8
Mechanical 1
 62
    96
420
    32512
100
AcDbLine
 10
253.1794814363146
 20
39.31665552680569
 30
0.0000000000003575
 11
250.8804817163145
 21
39.31665552680562
 31
0.0000000000003575
  0
ARC
  5
120
330
1F
100
AcDbEntity
  8
Mechanical 1
 62
    96
420
    32512
100
AcDbCircle
 10
-250.8804817163125
 20
39.81665452680342
 30
-0.0000000000003575
 40
0.4999989999978035
210
0.0
220
0.0
230
-1.0
100
AcDbArc
 50
269.9999999997688
 51
0.0000000002507809
  0
LINE
  5
121
330
1F
100
AcDbEntity
  8
Mechanical 1
 62
    96
420
    32512
100
AcDbLine
 10
250.3804827163147
 20
39.81665452680561
 30
0.0000000000003575
 11
250.3804801763147
 21
40.51685378680565
 31
0.0000000000003575
  0
LINE
  5
122
330
1F
100
AcDbEntity
  8
Mechanical 1
 62
    96
420
    32512
100
AcDbLine
 10
250.3804801763147
 20
40.51685378680565
 30
0.0000000000003575
 11
249.1554813563148
 21
40.51685378680565
 31
0.0000000000003575
  0
ARC
  5
123
330
1F
100
AcDbEntity
  8
Mechanical 1
 62
    96
420
    32512
100
AcDbCircle
 10
-249.1554813563116
 20
41.01685278680259
 30
-0.0000000000003575
 40
0.4999989999969364
210
0.0
220
0.0
230
-1.0
100
AcDbArc
 50
269.9999999996352
 51
0.0000000003509304
  0
LINE
  5
124
330
1F
100
AcDbEntity
  8
Mechanical 1
 62
    96
420
    32512
100
AcDbLine
 10
248.6554823563147
 20
41.01685278680566
 30
0.0000000000003575
 11
248.6554798163147
 21
46.78675234680566
 31
0.0000000000003575
  0
LINE
  5
125
330
1F
100
AcDbEntity
  8
Mechanical 1
 62
    96
420
    32512
100
AcDbLine
 10
248.6554798163147
 20
46.78675234680566
 30
0.0000000000003575
 11
248.3314799563145
 21
46.78675488680574
 31
0.0000000000003575
  0
ARC
  5
126
330
1F
100
AcDbEntity
  8
Mechanical 1
 62
    96
420
    32512
100
AcDbCircle
 10
-248.3314799563126
 20
47.2867538868036
 30
-0.0000000000003575
 40
0.4999989999978566
210
0.0
220
0.0
230
-1.0
100
AcDbArc
 50
269.9999999997851
 51
0.0000000002361249
  0
LINE
  5
127
330
1F
100
AcDbEntity
  8
Mechanical 1
 62
    96
420
    32512
100
AcDbLine
 10
247.8314809563148
 20
47.28675388680566
 30
0.0000000000003575
 11
247.8314809563146
 21
49.08565300680573
 31
0.0000000000003575
  0
ARC
  5
128
330
1F
100
AcDbEntity
  8
Mechanical 1
 62
    96
420
    32512
100
AcDbCircle
 10
-248.3314799563127
 20
49.0856530068076
 30
-0.0000000000003575
 40
0.4999989999981018
210
0.0
220
0.0
230
-1.0
100
AcDbArc
 50
359.9999999997851
 51
90.00000000024427
  0
LINE
  5
129
330
1F
100
AcDbEntity
  8
Mechanical 1
 62
    96
420
    32512
100
AcDbLine
 10
248.3314799563148
 20
49.5856520068057
 30
0.0000000000003575
 11
248.6554798163147
 21
49.5856545468057
 31
0.0000000000003575
  0
LINE
  5
12A
330
1F
100
AcDbEntity
  8
Mechanical 1
 62
    96
420
    32512
100
AcDbLine
 10
248.6554798163147
 20
49.5856545468057
 30
0.0000000000003575
 11
248.6554823563146
 21
52.31575322680567
 31
0.0000000000003575
  0
ARC
  5
12B
330
1F
100
AcDbEntity
  8
Mechanical 1
 62
    96
420
    32512
100
AcDbCircle
 10
-249.1554813563116
 20
52.31575322680865
 30
-0.0000000000003575
 40
0.4999989999970152
210
0.0
220
0.0
230
-1.0
100
AcDbArc
 50
359.999999999658
 51
90.00000000036803
  0
LINE
  5
12C
330
1F
100
AcDbEntity
  8
Mechanical 1
 62
    96
420
    32512
100
AcDbLine
 10
249.1554813563149
 20
52.81575222680567
 30
0.0000000000003575
 11
254.9064807763148
 21
52.81575222680561
 31
0.0000000000003575
  0
ARC
  5
12D
330
1F
100
AcDbEntity
  8
Mechanical 1
 62
    96
420
    32512
100
AcDbCircle
 10
-254.9064807763129
 20
52.31575322680398
 30
-0.0000000000003575
 40
0.4999990000016361
210
0.0
220
0.0
230
-1.0
100
AcDbArc
 50
90.00000000020518
 51
179.9999999998143
  0
LINE
  5
12E
330
1F
100
AcDbEntity
  8
Mechanical 1
 62
    96
420
    32512
100
AcDbLine
 10
255.4064797763146
 20
52.3157532268056
 30
0.0000000000003575
 11
255.4064797763147
 21
49.5856545468057
 31
0.0000000000003575
  0
LINE
  5
12F
330
1F
100
AcDbEntity
  8
Mechanical 1
 62
    96
420
    32512
100
AcDbLine
 10
255.4064797763147
 20
49.5856545468057
 30
0.0000000000003575
 11
256.8804798763147
 21
49.5856545468057
 31
0.0000000000003575
  0
LINE
  5
130
330
1F
100
AcDbEntity
  8
Mechanical 1
 62
    96
420
    32512
100
AcDbLine
 10
256.8804798763147
 20
49.5856545468057
 30
0.0000000000003575
 11
256.8804824163149
 21
53.78615414680576
 31
0.0000000000003575
  0
ARC
  5
131
330
1F
100
AcDbEntity
  8
Mechanical 1
 62
    96
420
    32512
100
AcDbCircle
 10
-257.4304813163123
 20
53.78615414680822
 30
-0.0000000000003575
 40
0.5499988999974255
210
0.0
220
0.0
230
-1.0
100
AcDbArc
 50
359.9999999997447
 51
90.00000000024279
  0
LINE
  5
132
330
1F
100
AcDbEntity
  8
默认
 62
    96
420
    32512
100
AcDbLine
 10
284.9839039896083
 20
90.5649377714958
 30
0.0000000000003575
 11
284.9839039867463
 21
40.9052224298128
 31
0.0000000000003575
  0
ARC
  5
133
330
1F
100
AcDbEntity
  8
默认
 62
    96
420
    32512
100
AcDbCircle
 10
-284.4839039867461
 20
40.90522242984179
 30
-0.0000000000003575
 40
0.5000000000002333
210
0.0
220
0.0
230
-1.0
100
AcDbArc
 50
180.0000000033228
 51
270.0000004160479
  0
LINE
  5
134
330
1F
100
AcDbEntity
  8
默认
 62
    96
420
    32512
100
AcDbLine
 10
284.4839039831154
 20
40.40522242984156
 30
0.0000000000003575
 11
282.0664113423636
 21
40.40522244739645
 31
0.0000000000003575
  0
ARC
  5
135
330
1F
100
AcDbEntity
  8
默认
 62
    96
420
    32512
100
AcDbCircle
 10
282.0664113423637
 20
38.10522244739644
 30
0.0000000000003575
 40
2.300000000000011
100
AcDbArc
 50
90.00000000000142
 51
269.9999999999986
  0
LINE
  5
136
330
1F
100
AcDbEntity
  8
默认
 62
    96
420
    32512
100
AcDbLine
 10
282.0664113423636
 20
35.80522244739643
 30
0.0000000000003575
 11
284.483903987574
 21
35.80522244347537
 31
0.0000000000003575
  0
ARC
  5
137
330
1F
100
AcDbEntity
  8
默认
 62
    96
420
    32512
100
AcDbCircle
 10
-284.4839039867631
 20
35.30522244347556
 30
-0.0000000000003575
 40
0.4999999999998095
210
0.0
220
0.0
230
-1.0
100
AcDbArc
 50
90.00000009291901
 51
179.999999994811
  0
LINE
  5
138
330
1F
100
AcDbEntity
  8
默认
 62
    96
420
    32512
100
AcDbLine
 10
284.9839039867629
 20
35.30522244352085
 30
0.0000000000003575
 11
284.9839039896083
 21
4.000000000004093
 31
0.0000000000003575
  0
ARC
  5
139
330
1F
100
AcDbEntity
  8
默认
 62
    96
420
    32512
100
AcDbCircle
 10
-280.9839039896041
 20
4.000000000004242
 30
-0.0000000000003575
 40
4.000000000004215
210
0.0
220
0.0
230
-1.0
100
AcDbArc
 50
180.0000000000022
 51
269.9999999999984
  0
LINE
  5
13A
330
1F
100
AcDbEntity
  8
默认
 62
    96
420
    32512
100
AcDbLine
 10
280.9839039896042
 20
0.0000000000000284
 30
0.0000000000003575
 11
4.000000000100032
 21
0.0
 31
0.0000000000003575
  0
ARC
  5
13B
330
1F
100
AcDbEntity
  8
默认
 62
    96
420
    32512
100
AcDbCircle
 10
-4.000000000100007
 20
4.000000000004068
 30
-0.0000000000003575
 40
4.000000000004068
210
0.0
220
0.0
230
-1.0
100
AcDbArc
 50
269.9999999999997
 51
0.0000000000003562
  0
LINE
  5
13C
330
1F
100
AcDbEntity
  8
默认
 62
    96
420
    32512
100
AcDbLine
 10
0.0000000000959393
 20
4.000000000004093
 30
0.0000000000003575
 11
0.000000000000556
 21
35.28654389565258
 31
0.0000000000003575
  0
ARC
  5
13D
330
1F
100
AcDbEntity
  8
默认
 62
    96
420
    32512
100
AcDbCircle
 10
-0.5000000000004707
 20
35.28654389565416
 30
-0.0000000000003575
 40
0.4999999999999143
210
0.0
220
0.0
230
-1.0
100
AcDbArc
 50
359.9999999998201
 51
89.99999999941055
  0
LINE
  5
13E
330
1F
100
AcDbEntity
  8
默认
 62
    96
420
    32512
100
AcDbLine
 10
0.4999999999953264
 20
35.78654389565407
 30
0.0000000000003575
 11
3.416411413719958
 21
35.78654389568413
 31
0.0000000000003575
  0
ARC
  5
13F
330
1F
100
AcDbEntity
  8
默认
 62
    96
420
    32512
100
AcDbCircle
 10
3.416411413719922
 20
38.08654389568412
 30
0.0000000000003575
 40
2.299999999999983
100
AcDbArc
 50
270.0000000000009
 51
89.99999999999918
  0
LINE
  5
140
330
1F
100
AcDbEntity
  8
默认
 62
    96
420
    32512
100
AcDbLine
 10
3.416411413719958
 20
40.3865438956841
 30
0.0000000000003575
 11
0.5000000000149942
 21
40.38654389559667
 31
0.0000000000003575
  0
ARC
  5
141
330
1F
100
AcDbEntity
  8
默认
 62
    96
420
    32512
100
AcDbCircle
 10
-0.4999999999999893
 20
40.88654389559666
 30
-0.0000000000003575
 40
0.4999999999999888
210
0.0
220
0.0
230
-1.0
100
AcDbArc
 50
269.9999999982805
 51
0.0000000001180622
  0
LINE
  5
142
330
1F
100
AcDbEntity
  8
默认
 62
    96
420
    32512
100
AcDbLine
 10
0.0
 20
40.8865438955977
 30
0.0000000000003575
 11
0.0000000000959393
 21
90.5649377714958
 31
0.0000000000003575
  0
ARC
  5
143
330
1F
100
AcDbEntity
  8
默认
 62
    96
420
    32512
100
AcDbCircle
 10
-4.000000000099961
 20
90.56493777149588
 30
-0.0000000000003575
 40
4.00000000000402
210
0.0
220
0.0
230
-1.0
100
AcDbArc
 50
359.999999999999
 51
90.00000000000104
  0
LINE
  5
144
330
1F
100
AcDbEntity
  8
默认
 62
    96
420
    32512
100
AcDbLine
 10
4.000000000100032
 20
94.5649377714999
 30
0.0000000000003575
 11
280.9839039896042
 21
94.5649377714999
 31
0.0000000000003575
  0
ARC
  5
145
330
1F
100
AcDbEntity
  8
默认
 62
    96
420
    32512
100
AcDbCircle
 10
-280.983903989604
 20
90.56493777149566
 30
-0.0000000000003575
 40
4.000000000004235
210
0.0
220
0.0
230
-1.0
100
AcDbArc
 50
90.00000000000244
 51
179.999999999998
  0
CIRCLE
  5
146
330
1F
100
AcDbEntity
  8
Mechanical 1
 62
    96
420
    32512
100
AcDbCircle
 10
279.8624811563147
 20
77.9166545268057
 30
0.0000000000003575
 40
0.0031749999999988
  0
CIRCLE
  5
147
330
1F
100
AcDbEntity
  8
Mechanical 1
 62
    96
420
    32512
100
AcDbCircle
 10
279.3624821563149
 20
77.41665298680562
 30
0.0000000000003575
 40
0.0031750000000272
  0
LINE
  5
148
330
1F
100
AcDbEntity
  8
Mechanical 1
 62
    96
420
    32512
100
AcDbLine
 10
6.269281836314791
 20
33.76585128680568
 30
0.0000000000003575
 11
12.01888171631468
 21
33.76585128680568
 31
0.0000000000003575
  0
ARC
  5
149
330
1F
100
AcDbEntity
  8
Mechanical 1
 62
    96
420
    32512
100
AcDbCircle
 10
-12.01888171631319
 20
33.26585228680415
 30
-0.0000000000003575
 40
0.4999990000015317
210
0.0
220
0.0
230
-1.0
100
AcDbArc
 50
90.00000000017118
 51
179.9999999998274
  0
LINE
  5
14A
330
1F
100
AcDbEntity
  8
Mechanical 1
 62
    96
420
    32512
100
AcDbLine
 10
12.51888071631472
 20
33.26585228680566
 30
0.0000000000003575
 11
12.51888071631469
 21
30.53565454680563
 31
0.0000000000003575
  0
LINE
  5
14B
330
1F
100
AcDbEntity
  8
Mechanical 1
 62
    96
420
    32512
100
AcDbLine
 10
12.51888071631469
 20
30.53565454680563
 30
0.0000000000003575
 11
14.04438195631461
 21
30.53565454680563
 31
0.0000000000003575
  0
LINE
  5
14C
330
1F
100
AcDbEntity
  8
Mechanical 1
 62
    96
420
    32512
100
AcDbLine
 10
14.04438195631461
 20
30.53565454680563
 30
0.0000000000003575
 11
14.0443819563146
 21
34.68605254680563
 31
0.0000000000003575
  0
ARC
  5
14D
330
1F
100
AcDbEntity
  8
Mechanical 1
 62
    96
420
    32512
100
AcDbCircle
 10
-14.59438085631029
 20
34.68605254680995
 30
-0.0000000000003575
 40
0.5499988999956806
210
0.0
220
0.0
230
-1.0
100
AcDbArc
 50
359.9999999995499
 51
90.0000000004556
  0
LINE
  5
14E
330
1F
100
AcDbEntity
  8
Mechanical 1
 62
    96
420
    32512
100
AcDbLine
 10
14.59438085631466
 20
35.23605144680563
 30
0.0000000000003575
 11
27.49387987631484
 21
35.23605144680561
 31
0.0000000000003575
  0
ARC
  5
14F
330
1F
100
AcDbEntity
  8
Mechanical 1
 62
    96
420
    32512
100
AcDbCircle
 10
-27.49387987631211
 20
34.68605254680285
 30
-0.0000000000003575
 40
0.549998900002766
210
0.0
220
0.0
230
-1.0
100
AcDbArc
 50
90.00000000028388
 51
179.9999999997113
  0
LINE
  5
150
330
1F
100
AcDbEntity
  8
Mechanical 1
 62
    96
420
    32512
100
AcDbLine
 10
28.04387877631488
 20
34.68605254680561
 30
0.0000000000003575
 11
28.0438813163148
 21
30.53565454680563
 31
0.0000000000003575
  0
LINE
  5
151
330
1F
100
AcDbEntity
  8
Mechanical 1
 62
    96
420
    32512
100
AcDbLine
 10
28.0438813163148
 20
30.53565454680563
 30
0.0000000000003575
 11
29.56938001631487
 21
30.53565454680563
 31
0.0000000000003575
  0
LINE
  5
152
330
1F
100
AcDbEntity
  8
Mechanical 1
 62
    96
420
    32512
100
AcDbLine
 10
29.56938001631487
 20
30.53565454680563
 30
0.0000000000003575
 11
29.56938255631461
 21
33.26585228680568
 31
0.0000000000003575
  0
ARC
  5
153
330
1F
100
AcDbEntity
  8
Mechanical 1
 62
    96
420
    32512
100
AcDbCircle
 10
-30.06938155631268
 20
33.26585228680763
 30
-0.0000000000003575
 40
0.4999989999980681
210
0.0
220
0.0
230
-1.0
100
AcDbArc
 50
359.9999999997769
 51
90.00000000024019
  0
LINE
  5
154
330
1F
100
AcDbEntity
  8
Mechanical 1
 62
    96
420
    32512
100
AcDbLine
 10
30.06938155631477
 20
33.7658512868057
 30
0.0000000000003575
 11
35.81887983631485
 21
33.76585128680568
 31
0.0000000000003575
  0
ARC
  5
155
330
1F
100
AcDbEntity
  8
Mechanical 1
 62
    96
420
    32512
100
AcDbCircle
 10
-35.81887983631302
 20
33.26585228680392
 30
-0.0000000000003575
 40
0.4999990000017665
210
0.0
220
0.0
230
-1.0
100
AcDbArc
 50
90.00000000020925
 51
179.9999999997981
  0
LINE
  5
156
330
1F
100
AcDbEntity
  8
Mechanical 1
 62
    96
420
    32512
100
AcDbLine
 10
36.31887883631479
 20
33.26585228680567
 30
0.0000000000003575
 11
36.31888137631471
 21
30.53565454680563
 31
0.0000000000003575
  0
LINE
  5
157
330
1F
100
AcDbEntity
  8
Mechanical 1
 62
    96
420
    32512
100
AcDbLine
 10
36.31888137631471
 20
30.53565454680563
 30
0.0000000000003575
 11
36.64437983631477
 21
30.53565200680573
 31
0.0000000000003575
  0
ARC
  5
158
330
1F
100
AcDbEntity
  8
Mechanical 1
 62
    96
420
    32512
100
AcDbCircle
 10
-36.64437983631451
 20
30.03565300680555
 30
-0.0000000000003575
 40
0.4999990000001777
210
0.0
220
0.0
230
-1.0
100
AcDbArc
 50
90.00000000002932
 51
179.9999999999837
  0
LINE
  5
159
330
1F
100
AcDbEntity
  8
Mechanical 1
 62
    96
420
    32512
100
AcDbLine
 10
37.14437883631469
 20
30.03565300680569
 30
0.0000000000003575
 11
37.14437883631466
 21
28.2368529468057
 31
0.0000000000003575
  0
ARC
  5
15A
330
1F
100
AcDbEntity
  8
Mechanical 1
 62
    96
420
    32512
100
AcDbCircle
 10
-36.64437983631409
 20
28.23685294680624
 30
-0.0000000000003575
 40
0.4999990000005686
210
0.0
220
0.0
230
-1.0
100
AcDbArc
 50
180.0000000000623
 51
269.9999999999333
  0
LINE
  5
15B
330
1F
100
AcDbEntity
  8
Mechanical 1
 62
    96
420
    32512
100
AcDbLine
 10
36.64437983631468
 20
27.73685394680567
 30
0.0000000000003575
 11
36.31888137631471
 21
27.7368539468057
 31
0.0000000000003575
  0
LINE
  5
15C
330
1F
100
AcDbEntity
  8
Mechanical 1
 62
    96
420
    32512
100
AcDbLine
 10
36.31888137631471
 20
27.7368539468057
 30
0.0000000000003575
 11
36.31887883631474
 21
21.96685278680565
 31
0.0000000000003575
  0
ARC
  5
15D
330
1F
100
AcDbEntity
  8
Mechanical 1
 62
    96
420
    32512
100
AcDbCircle
 10
-35.8188798363153
 20
21.96685278680506
 30
-0.0000000000003575
 40
0.4999989999994376
210
0.0
220
0.0
230
-1.0
100
AcDbArc
 50
179.999999999932
 51
270.0000000000684
  0
LINE
  5
15E
330
1F
100
AcDbEntity
  8
Mechanical 1
 62
    96
420
    32512
100
AcDbLine
 10
35.81887983631471
 20
21.46685378680561
 30
0.0000000000003575
 11
34.59368035631472
 21
21.4668537868057
 31
0.0000000000003575
  0
LINE
  5
15F
330
1F
100
AcDbEntity
  8
Mechanical 1
 62
    96
420
    32512
100
AcDbLine
 10
34.59368035631472
 20
21.4668537868057
 30
0.0000000000003575
 11
34.59368035631472
 21
20.76655292680562
 31
0.0000000000003575
  0
ARC
  5
160
330
1F
100
AcDbEntity
  8
Mechanical 1
 62
    96
420
    32512
100
AcDbCircle
 10
-34.09368135631392
 20
20.76655292680643
 30
-0.0000000000003575
 40
0.4999990000007969
210
0.0
220
0.0
230
-1.0
100
AcDbArc
 50
180.0000000000936
 51
269.9999999999112
  0
LINE
  5
161
330
1F
100
AcDbEntity
  8
Mechanical 1
 62
    96
420
    32512
100
AcDbLine
 10
34.0936813563147
 20
20.26655392680563
 30
0.0000000000003575
 11
31.79328209631466
 21
20.26655392680562
 31
0.0000000000003575
  0
ARC
  5
162
330
1F
100
AcDbEntity
  8
Mechanical 1
 62
    96
420
    32512
100
AcDbCircle
 10
-31.79328209631783
 20
20.76655292680869
 30
-0.0000000000003575
 40
0.4999990000030644
210
0.0
220
0.0
230
-1.0
100
AcDbArc
 50
270.000000000364
 51
359.9999999996475
  0
LINE
  5
163
330
1F
100
AcDbEntity
  8
Mechanical 1
 62
    96
420
    32512
100
AcDbLine
 10
31.29328309631477
 20
20.76655292680561
 30
0.0000000000003575
 11
31.29328055631457
 21
21.4668537868057
 31
0.0000000000003575
  0
LINE
  5
164
330
1F
100
AcDbEntity
  8
Mechanical 1
 62
    96
420
    32512
100
AcDbLine
 10
31.29328055631457
 20
21.4668537868057
 30
0.0000000000003575
 11
30.06938155631472
 21
21.46685378680564
 31
0.0000000000003575
  0
ARC
  5
165
330
1F
100
AcDbEntity
  8
Mechanical 1
 62
    96
420
    32512
100
AcDbCircle
 10
-30.06938155631493
 20
21.96685278680582
 30
-0.0000000000003575
 40
0.4999990000001752
210
0.0
220
0.0
230
-1.0
100
AcDbArc
 50
270.000000000024
 51
359.999999999978
  0
LINE
  5
166
330
1F
100
AcDbEntity
  8
Mechanical 1
 62
    96
420
    32512
100
AcDbLine
 10
29.56938255631476
 20
21.96685278680562
 30
0.0000000000003575
 11
29.56938001631487
 21
25.93575264680567
 31
0.0000000000003575
  0
LINE
  5
167
330
1F
100
AcDbEntity
  8
Mechanical 1
 62
    96
420
    32512
100
AcDbLine
 10
29.56938001631487
 20
25.93575264680567
 30
0.0000000000003575
 11
28.0438813163148
 21
25.93575264680567
 31
0.0000000000003575
  0
LINE
  5
168
330
1F
100
AcDbEntity
  8
Mechanical 1
 62
    96
420
    32512
100
AcDbLine
 10
28.0438813163148
 20
25.93575264680567
 30
0.0000000000003575
 11
28.04387877631482
 21
21.7866525868057
 31
0.0000000000003575
  0
ARC
  5
169
330
1F
100
AcDbEntity
  8
Mechanical 1
 62
    96
420
    32512
100
AcDbCircle
 10
-27.49387987631484
 20
21.78665258680567
 30
-0.0000000000003575
 40
0.5499988999999839
210
0.0
220
0.0
230
-1.0
100
AcDbArc
 50
179.999999999997
 51
270.0000000000222
  0
LINE
  5
16A
330
1F
100
AcDbEntity
  8
Mechanical 1
 62
    96
420
    32512
100
AcDbLine
 10
27.49387987631462
 20
21.23665368680569
 30
0.0000000000003575
 11
14.5943808563146
 21
21.23665368680565
 31
0.0000000000003575
  0
ARC
  5
16B
330
1F
100
AcDbEntity
  8
Mechanical 1
 62
    96
420
    32512
100
AcDbCircle
 10
-14.5943808563131
 20
21.78665258680411
 30
-0.0000000000003575
 40
0.5499988999984572
210
0.0
220
0.0
230
-1.0
100
AcDbArc
 50
269.9999999998438
 51
0.0000000001584035
  0
LINE
  5
16C
330
1F
100
AcDbEntity
  8
Mechanical 1
 62
    96
420
    32512
100
AcDbLine
 10
14.04438195631465
 20
21.78665258680563
 30
0.0000000000003575
 11
14.04438195631461
 21
25.93575264680567
 31
0.0000000000003575
  0
LINE
  5
16D
330
1F
100
AcDbEntity
  8
Mechanical 1
 62
    96
420
    32512
100
AcDbLine
 10
14.04438195631461
 20
25.93575264680567
 30
0.0000000000003575
 11
12.51888071631469
 21
25.93575264680567
 31
0.0000000000003575
  0
LINE
  5
16E
330
1F
100
AcDbEntity
  8
Mechanical 1
 62
    96
420
    32512
100
AcDbLine
 10
12.51888071631469
 20
25.93575264680567
 30
0.0000000000003575
 11
12.51888071631469
 21
21.9668527868057
 31
0.0000000000003575
  0
ARC
  5
16F
330
1F
100
AcDbEntity
  8
Mechanical 1
 62
    96
420
    32512
100
AcDbCircle
 10
-12.01888171631309
 20
21.96685278680729
 30
-0.0000000000003575
 40
0.4999990000016004
210
0.0
220
0.0
230
-1.0
100
AcDbArc
 50
180.0000000001824
 51
269.9999999998162
  0
LINE
  5
170
330
1F
100
AcDbEntity
  8
Mechanical 1
 62
    96
420
    32512
100
AcDbLine
 10
12.0188817163147
 20
21.46685378680569
 30
0.0000000000003575
 11
10.79358063631467
 21
21.4668537868057
 31
0.0000000000003575
  0
LINE
  5
171
330
1F
100
AcDbEntity
  8
Mechanical 1
 62
    96
420
    32512
100
AcDbLine
 10
10.79358063631467
 20
21.4668537868057
 30
0.0000000000003575
 11
10.79358063631467
 21
20.76655292680562
 31
0.0000000000003575
  0
ARC
  5
172
330
1F
100
AcDbEntity
  8
Mechanical 1
 62
    96
420
    32512
100
AcDbCircle
 10
-10.29358163631399
 20
20.76655292680629
 30
-0.0000000000003575
 40
0.4999990000006869
210
0.0
220
0.0
230
-1.0
100
AcDbArc
 50
180.0000000000778
 51
269.9999999999202
  0
LINE
  5
173
330
1F
100
AcDbEntity
  8
Mechanical 1
 62
    96
420
    32512
100
AcDbLine
 10
10.29358163631468
 20
20.26655392680561
 30
0.0000000000003575
 11
7.994571756314814
 21
20.26655392680567
 31
0.0000000000003575
  0
ARC
  5
174
330
1F
100
AcDbEntity
  8
Mechanical 1
 62
    96
420
    32512
100
AcDbCircle
 10
-7.994571756316395
 20
20.76655292680733
 30
-0.0000000000003575
 40
0.4999990000016546
210
0.0
220
0.0
230
-1.0
100
AcDbArc
 50
270.0000000001812
 51
359.9999999998091
  0
LINE
  5
175
330
1F
100
AcDbEntity
  8
Mechanical 1
 62
    96
420
    32512
100
AcDbLine
 10
7.49457275631474
 20
20.76655292680566
 30
0.0000000000003575
 11
7.494570216314729
 21
21.4668537868057
 31
0.0000000000003575
  0
LINE
  5
176
330
1F
100
AcDbEntity
  8
Mechanical 1
 62
    96
420
    32512
100
AcDbLine
 10
7.494570216314729
 20
21.4668537868057
 30
0.0000000000003575
 11
6.269281836314791
 21
21.46685378680564
 31
0.0000000000003575
  0
ARC
  5
177
330
1F
100
AcDbEntity
  8
Mechanical 1
 62
    96
420
    32512
100
AcDbCircle
 10
-6.269281836313402
 20
21.96685278680434
 30
-0.0000000000003575
 40
0.4999989999986953
210
0.0
220
0.0
230
-1.0
100
AcDbArc
 50
269.9999999998408
 51
0.0000000001473745
  0
LINE
  5
178
330
1F
100
AcDbEntity
  8
Mechanical 1
 62
    96
420
    32512
100
AcDbLine
 10
5.769282836314707
 20
21.96685278680562
 30
0.0000000000003575
 11
5.769280296314706
 21
27.7368539468057
 31
0.0000000000003575
  0
LINE
  5
179
330
1F
100
AcDbEntity
  8
Mechanical 1
 62
    96
420
    32512
100
AcDbLine
 10
5.769280296314706
 20
27.7368539468057
 30
0.0000000000003575
 11
5.443809776314753
 21
27.73685394680564
 31
0.0000000000003575
  0
ARC
  5
17A
330
1F
100
AcDbEntity
  8
Mechanical 1
 62
    96
420
    32512
100
AcDbCircle
 10
-5.443809776312923
 20
28.23685294680388
 30
-0.0000000000003575
 40
0.4999989999982397
210
0.0
220
0.0
230
-1.0
100
AcDbArc
 50
269.9999999997902
 51
0.0000000002011132
  0
LINE
  5
17B
330
1F
100
AcDbEntity
  8
Mechanical 1
 62
    96
420
    32512
100
AcDbLine
 10
4.943810776314683
 20
28.23685294680563
 30
0.0000000000003575
 11
4.943810776314637
 21
30.0356530068056
 31
0.0000000000003575
  0
ARC
  5
17C
330
1F
100
AcDbEntity
  8
Mechanical 1
 62
    96
420
    32512
100
AcDbCircle
 10
-5.443809776312706
 20
30.03565300680755
 30
-0.0000000000003575
 40
0.4999989999980688
210
0.0
220
0.0
230
-1.0
100
AcDbArc
 50
359.9999999997769
 51
90.00000000022646
  0
LINE
  5
17D
330
1F
100
AcDbEntity
  8
Mechanical 1
 62
    96
420
    32512
100
AcDbLine
 10
5.443809776314682
 20
30.53565200680562
 30
0.0000000000003575
 11
5.769280296314706
 21
30.53565454680563
 31
0.0000000000003575
  0
LINE
  5
17E
330
1F
100
AcDbEntity
  8
Mechanical 1
 62
    96
420
    32512
100
AcDbLine
 10
5.769280296314706
 20
30.53565454680563
 30
0.0000000000003575
 11
5.769282836314675
 21
33.26585228680568
 31
0.0000000000003575
  0
ARC
  5
17F
330
1F
100
AcDbEntity
  8
Mechanical 1
 62
    96
420
    32512
100
AcDbCircle
 10
-6.269281836314706
 20
33.26585228680565
 30
-0.0000000000003575
 40
0.4999990000000319
210
0.0
220
0.0
230
-1.0
100
AcDbArc
 50
0.0000000000032569
 51
90.00000000000968
  0
LINE
  5
180
330
1F
100
AcDbEntity
  8
默认
 62
    96
420
    32512
100
AcDbLine
 10
197.9001809763147
 20
21.23720346680568
 30
0.0000000000003575
 11
210.9001809763147
 21
21.23720346680568
 31
0.0000000000003575
  0
ARC
  5
181
330
1F
100
AcDbEntity
  8
默认
 62
    96
420
    32512
100
AcDbCircle
 10
210.9001809763146
 20
21.73720346680579
 30
0.0000000000003575
 40
0.5000000000001119
100
AcDbArc
 50
270.000000000013
 51
359.9999999999874
  0
LINE
  5
182
330
1F
100
AcDbEntity
  8
默认
 62
    96
420
    32512
100
AcDbLine
 10
211.4001809763147
 20
21.73720346680568
 30
0.0000000000003575
 11
211.4001809763147
 21
34.73720346680568
 31
0.0000000000003575
  0
ARC
  5
183
330
1F
100
AcDbEntity
  8
默认
 62
    96
420
    32512
100
AcDbCircle
 10
210.9001809763146
 20
34.73720346680556
 30
0.0000000000003575
 40
0.5000000000001122
100
AcDbArc
 50
0.0000000000138418
 51
89.99999999998697
  0
LINE
  5
184
330
1F
100
AcDbEntity
  8
默认
 62
    96
420
    32512
100
AcDbLine
 10
210.9001809763147
 20
35.23720346680567
 30
0.0000000000003575
 11
197.9001809763147
 21
35.23720346680568
 31
0.0000000000003575
  0
ARC
  5
185
330
1F
100
AcDbEntity
  8
默认
 62
    96
420
    32512
100
AcDbCircle
 10
197.9001809763147
 20
34.73720346680564
 30
0.0000000000003575
 40
0.5000000000000417
100
AcDbArc
 50
90.00000000000651
 51
179.9999999999951
  0
LINE
  5
186
330
1F
100
AcDbEntity
  8
默认
 62
    96
420
    32512
100
AcDbLine
 10
197.4001809763147
 20
34.73720346680568
 30
0.0000000000003575
 11
197.4001809763147
 21
21.73720346680568
 31
0.0000000000003575
  0
ARC
  5
187
330
1F
100
AcDbEntity
  8
默认
 62
    96
420
    32512
100
AcDbCircle
 10
197.9001809763147
 20
21.73720346680565
 30
0.0000000000003575
 40
0.4999999999999656
100
AcDbArc
 50
179.9999999999959
 51
270.0000000000032
  0
LINE
  5
188
330
1F
100
AcDbEntity
  8
默认
 62
    96
420
    32512
100
AcDbLine
 10
135.9876809763148
 20
78.38720346680566
 30
0.0000000000003575
 11
148.9876809763148
 21
78.38720346680566
 31
0.0000000000003575
  0
ARC
  5
189
330
1F
100
AcDbEntity
  8
默认
 62
    96
420
    32512
100
AcDbCircle
 10
148.9876809763147
 20
78.88720346680573
 30
0.0000000000003575
 40
0.500000000000071
100
AcDbArc
 50
270.0000000000065
 51
359.9999999999919
  0
LINE
  5
18A
330
1F
100
AcDbEntity
  8
默认
 62
    96
420
    32512
100
AcDbLine
 10
149.4876809763148
 20
78.88720346680566
 30
0.0000000000003575
 11
149.4876809763148
 21
91.88720346680566
 31
0.0000000000003575
  0
ARC
  5
18B
330
1F
100
AcDbEntity
  8
默认
 62
    96
420
    32512
100
AcDbCircle
 10
148.9876809763147
 20
91.88720346680564
 30
0.0000000000003575
 40
0.5000000000000313
100
AcDbArc
 50
0.0000000000016284
 51
89.99999999999675
  0
LINE
  5
18C
330
1F
100
AcDbEntity
  8
默认
 62
    96
420
    32512
100
AcDbLine
 10
148.9876809763148
 20
92.38720346680567
 30
0.0000000000003575
 11
135.9876809763148
 21
92.38720346680566
 31
0.0000000000003575
  0
ARC
  5
18D
330
1F
100
AcDbEntity
  8
默认
 62
    96
420
    32512
100
AcDbCircle
 10
135.9876809763147
 20
91.88720346680569
 30
0.0000000000003575
 40
0.4999999999999666
100
AcDbArc
 50
89.99999999999349
 51
180.0000000000049
  0
LINE
  5
18E
330
1F
100
AcDbEntity
  8
默认
 62
    96
420
    32512
100
AcDbLine
 10
135.4876809763147
 20
91.88720346680566
 30
0.0000000000003575
 11
135.4876809763148
 21
78.88720346680566
 31
0.0000000000003575
  0
ARC
  5
18F
330
1F
100
AcDbEntity
  8
默认
 62
    96
420
    32512
100
AcDbCircle
 10
135.9876809763148
 20
78.88720346680566
 30
0.0000000000003575
 40
0.5
100
AcDbArc
 50
180.0
 51
270.0
  0
LINE
  5
190
330
1F
100
AcDbEntity
  8
默认
 62
    96
420
    32512
100
AcDbLine
 10
183.6126809763148
 20
59.33720346680565
 30
0.0000000000003575
 11
196.6126809763148
 21
59.33720346680565
 31
0.0000000000003575
  0
ARC
  5
191
330
1F
100
AcDbEntity
  8
默认
 62
    96
420
    32512
100
AcDbCircle
 10
196.6126809763147
 20
59.83720346680568
 30
0.0000000000003575
 40
0.5000000000000235
100
AcDbArc
 50
270.0000000000032
 51
359.9999999999968
  0
LINE
  5
192
330
1F
100
AcDbEntity
  8
默认
 62
    96
420
    32512
100
AcDbLine
 10
197.1126809763148
 20
59.83720346680565
 30
0.0000000000003575
 11
197.1126809763148
 21
72.8372034668057
 31
0.0000000000003575
  0
ARC
  5
193
330
1F
100
AcDbEntity
  8
默认
 62
    96
420
    32512
100
AcDbCircle
 10
196.6126809763147
 20
72.83720346680566
 30
0.0000000000003575
 40
0.5000000000000405
100
AcDbArc
 50
0.0000000000048853
 51
89.99999999999349
  0
LINE
  5
194
330
1F
100
AcDbEntity
  8
默认
 62
    96
420
    32512
100
AcDbLine
 10
196.6126809763148
 20
73.3372034668057
 30
0.0000000000003575
 11
183.6126809763148
 21
73.3372034668057
 31
0.0000000000003575
  0
ARC
  5
195
330
1F
100
AcDbEntity
  8
默认
 62
    96
420
    32512
100
AcDbCircle
 10
183.6126809763148
 20
72.83720346680568
 30
0.0000000000003575
 40
0.5000000000000235
100
AcDbArc
 50
90.00000000000325
 51
179.9999999999984
  0
LINE
  5
196
330
1F
100
AcDbEntity
  8
默认
 62
    96
420
    32512
100
AcDbLine
 10
183.1126809763148
 20
72.8372034668057
 30
0.0000000000003575
 11
183.1126809763148
 21
59.83720346680565
 31
0.0000000000003575
  0
ARC
  5
197
330
1F
100
AcDbEntity
  8
默认
 62
    96
420
    32512
100
AcDbCircle
 10
183.6126809763147
 20
59.83720346680559
 30
0.0000000000003575
 40
0.4999999999999473
100
AcDbArc
 50
179.9999999999943
 51
270.0000000000065
  0
LINE
  5
198
330
1F
100
AcDbEntity
  8
默认
 62
    96
420
    32512
100
AcDbLine
 10
221.7126809763147
 20
59.33720346680565
 30
0.0000000000003575
 11
234.7126809763147
 21
59.33720346680565
 31
0.0000000000003575
  0
ARC
  5
199
330
1F
100
AcDbEntity
  8
默认
 62
    96
420
    32512
100
AcDbCircle
 10
234.7126809763147
 20
59.83720346680556
 30
0.0000000000003575
 40
0.4999999999999138
100
AcDbArc
 50
269.9999999999935
 51
0.0000000000097707
  0
LINE
  5
19A
330
1F
100
AcDbEntity
  8
默认
 62
    96
420
    32512
100
AcDbLine
 10
235.2126809763147
 20
59.83720346680565
 30
0.0000000000003575
 11
235.2126809763147
 21
72.8372034668057
 31
0.0000000000003575
  0
ARC
  5
19B
330
1F
100
AcDbEntity
  8
默认
 62
    96
420
    32512
100
AcDbCircle
 10
234.7126809763148
 20
72.83720346680583
 30
0.0000000000003575
 40
0.4999999999998649
100
AcDbArc
 50
359.9999999999853
 51
90.00000000001629
  0
LINE
  5
19C
330
1F
100
AcDbEntity
  8
默认
 62
    96
420
    32512
100
AcDbLine
 10
234.7126809763147
 20
73.33720346680569
 30
0.0000000000003575
 11
221.7126809763147
 21
73.3372034668057
 31
0.0000000000003575
  0
ARC
  5
19D
330
1F
100
AcDbEntity
  8
默认
 62
    96
420
    32512
100
AcDbCircle
 10
221.7126809763148
 20
72.83720346680562
 30
0.0000000000003575
 40
0.5000000000000844
100
AcDbArc
 50
90.00000000001303
 51
179.9999999999902
  0
LINE
  5
19E
330
1F
100
AcDbEntity
  8
默认
 62
    96
420
    32512
100
AcDbLine
 10
221.2126809763147
 20
72.8372034668057
 30
0.0000000000003575
 11
221.2126809763147
 21
59.83720346680565
 31
0.0000000000003575
  0
ARC
  5
19F
330
1F
100
AcDbEntity
  8
默认
 62
    96
420
    32512
100
AcDbCircle
 10
221.7126809763147
 20
59.83720346680569
 30
0.0000000000003575
 40
0.5000000000000405
100
AcDbArc
 50
180.0000000000049
 51
269.9999999999935
  0
LINE
  5
1A0
330
1F
100
AcDbEntity
  8
默认
 62
    96
420
    32512
100
AcDbLine
 10
35.97518097631472
 20
40.28720346680564
 30
0.0000000000003575
 11
48.97518097631472
 21
40.28720346680564
 31
0.0000000000003575
  0
ARC
  5
1A1
330
1F
100
AcDbEntity
  8
默认
 62
    96
420
    32512
100
AcDbCircle
 10
48.9751809763146
 20
40.78720346680576
 30
0.0000000000003575
 40
0.5000000000001229
100
AcDbArc
 50
270.0000000000138
 51
359.9999999999853
  0
LINE
  5
1A2
330
1F
100
AcDbEntity
  8
默认
 62
    96
420
    32512
100
AcDbLine
 10
49.47518097631472
 20
40.78720346680564
 30
0.0000000000003575
 11
49.47518097631472
 21
53.78720346680564
 31
0.0000000000003575
  0
ARC
  5
1A3
330
1F
100
AcDbEntity
  8
默认
 62
    96
420
    32512
100
AcDbCircle
 10
48.97518097631463
 20
53.78720346680555
 30
0.0000000000003575
 40
0.5000000000000903
100
AcDbArc
 50
0.0000000000105849
 51
89.99999999999022
  0
LINE
  5
1A4
330
1F
100
AcDbEntity
  8
默认
 62
    96
420
    32512
100
AcDbLine
 10
48.97518097631472
 20
54.28720346680564
 30
0.0000000000003575
 11
35.97518097631472
 21
54.28720346680564
 31
0.0000000000003575
  0
ARC
  5
1A5
330
1F
100
AcDbEntity
  8
默认
 62
    96
420
    32512
100
AcDbCircle
 10
35.97518097631463
 20
53.78720346680575
 30
0.0000000000003575
 40
0.4999999999998926
100
AcDbArc
 50
89.99999999998941
 51
180.0000000000122
  0
LINE
  5
1A6
330
1F
100
AcDbEntity
  8
默认
 62
    96
420
    32512
100
AcDbLine
 10
35.47518097631473
 20
53.78720346680564
 30
0.0000000000003575
 11
35.47518097631472
 21
40.78720346680564
 31
0.0000000000003575
  0
ARC
  5
1A7
330
1F
100
AcDbEntity
  8
默认
 62
    96
420
    32512
100
AcDbCircle
 10
35.97518097631467
 20
40.78720346680559
 30
0.0000000000003575
 40
0.4999999999999527
100
AcDbArc
 50
179.9999999999943
 51
270.0000000000049
  0
LINE
  5
1A8
330
1F
100
AcDbEntity
  8
默认
 62
    96
420
    32512
100
AcDbLine
 10
145.5126809763146
 20
59.33720346680565
 30
0.0000000000003575
 11
158.5126809763146
 21
59.33720346680565
 31
0.0000000000003575
  0
ARC
  5
1A9
330
1F
100
AcDbEntity
  8
默认
 62
    96
420
    32512
100
AcDbCircle
 10
158.5126809763146
 20
59.83720346680562
 30
0.0000000000003575
 40
0.4999999999999657
100
AcDbArc
 50
270.0
 51
0.0000000000040711
  0
LINE
  5
1AA
330
1F
100
AcDbEntity
  8
默认
 62
    96
420
    32512
100
AcDbLine
 10
159.0126809763146
 20
59.83720346680565
 30
0.0000000000003575
 11
159.0126809763146
 21
72.8372034668057
 31
0.0000000000003575
  0
ARC
  5
1AB
330
1F
100
AcDbEntity
  8
默认
 62
    96
420
    32512
100
AcDbCircle
 10
158.5126809763147
 20
72.83720346680576
 30
0.0000000000003575
 40
0.4999999999999298
100
AcDbArc
 50
359.9999999999935
 51
90.00000000000651
  0
LINE
  5
1AC
330
1F
100
AcDbEntity
  8
默认
 62
    96
420
    32512
100
AcDbLine
 10
158.5126809763146
 20
73.33720346680569
 30
0.0000000000003575
 11
145.5126809763146
 21
73.3372034668057
 31
0.0000000000003575
  0
ARC
  5
1AD
330
1F
100
AcDbEntity
  8
默认
 62
    96
420
    32512
100
AcDbCircle
 10
145.5126809763146
 20
72.83720346680569
 30
0.0000000000003575
 40
0.50000000000001
100
AcDbArc
 50
90.0
 51
180.0
  0
LINE
  5
1AE
330
1F
100
AcDbEntity
  8
默认
 62
    96
420
    32512
100
AcDbLine
 10
145.0126809763146
 20
72.8372034668057
 30
0.0000000000003575
 11
145.0126809763146
 21
59.83720346680565
 31
0.0000000000003575
  0
ARC
  5
1AF
330
1F
100
AcDbEntity
  8
默认
 62
    96
420
    32512
100
AcDbCircle
 10
145.5126809763146
 20
59.83720346680562
 30
0.0000000000003575
 40
0.4999999999999716
100
AcDbArc
 50
179.9999999999967
 51
270.0000000000032
  0
LINE
  5
1B0
330
1F
100
AcDbEntity
  8
默认
 62
    96
420
    32512
100
AcDbLine
 10
207.4251809763148
 20
40.28720346680564
 30
0.0000000000003575
 11
220.4251809763148
 21
40.28720346680564
 31
0.0000000000003575
  0
ARC
  5
1B1
330
1F
100
AcDbEntity
  8
默认
 62
    96
420
    32512
100
AcDbCircle
 10
220.4251809763147
 20
40.78720346680572
 30
0.0000000000003575
 40
0.5000000000000844
100
AcDbArc
 50
270.0000000000098
 51
359.9999999999902
  0
LINE
  5
1B2
330
1F
100
AcDbEntity
  8
默认
 62
    96
420
    32512
100
AcDbLine
 10
220.9251809763148
 20
40.78720346680564
 30
0.0000000000003575
 11
220.9251809763148
 21
53.78720346680564
 31
0.0000000000003575
  0
ARC
  5
1B3
330
1F
100
AcDbEntity
  8
默认
 62
    96
420
    32512
100
AcDbCircle
 10
220.4251809763148
 20
53.78720346680561
 30
0.0000000000003575
 40
0.5000000000000062
100
AcDbArc
 50
0.0000000000040711
 51
90.0
  0
LINE
  5
1B4
330
1F
100
AcDbEntity
  8
默认
 62
    96
420
    32512
100
AcDbLine
 10
220.4251809763148
 20
54.28720346680561
 30
0.0000000000003575
 11
207.4251809763148
 21
54.28720346680564
 31
0.0000000000003575
  0
ARC
  5
1B5
330
1F
100
AcDbEntity
  8
默认
 62
    96
420
    32512
100
AcDbCircle
 10
207.4251809763148
 20
53.78720346680565
 30
0.0000000000003575
 40
0.4999999999999899
100
AcDbArc
 50
90.0
 51
180.0000000000016
  0
LINE
  5
1B6
330
1F
100
AcDbEntity
  8
默认
 62
    96
420
    32512
100
AcDbLine
 10
206.9251809763148
 20
53.78720346680564
 30
0.0000000000003575
 11
206.9251809763148
 21
40.78720346680564
 31
0.0000000000003575
  0
ARC
  5
1B7
330
1F
100
AcDbEntity
  8
默认
 62
    96
420
    32512
100
AcDbCircle
 10
207.4251809763148
 20
40.78720346680564
 30
0.0000000000003575
 40
0.5
100
AcDbArc
 50
180.0
 51
270.0
  0
CIRCLE
  5
1B8
330
1F
100
AcDbEntity
  8
Mechanical 1
 62
    96
420
    32512
100
AcDbCircle
 10
279.8624811563147
 20
78.61685378680568
 30
0.0000000000003575
 40
0.0031749999999988
  0
LINE
  5
1B9
330
1F
100
AcDbEntity
  8
Mechanical 1
 62
    96
420
    32512
100
AcDbLine
 10
259.8634813763147
 20
92.38615304680565
 30
0.0000000000003575
 11
272.7624800163146
 21
92.38615304680565
 31
0.0000000000003575
  0
ARC
  5
1BA
330
1F
100
AcDbEntity
  8
Mechanical 1
 62
    96
420
    32512
100
AcDbCircle
 10
-272.762480016313
 20
91.83615414680385
 30
-0.0000000000003575
 40
0.5499989000017973
210
0.0
220
0.0
230
-1.0
100
AcDbArc
 50
90.00000000016581
 51
179.999999999812
  0
LINE
  5
1BB
330
1F
100
AcDbEntity
  8
Mechanical 1
 62
    96
420
    32512
100
AcDbLine
 10
273.3124789163148
 20
91.83615414680565
 30
0.0000000000003575
 11
273.3124814563148
 21
87.68565454680561
 31
0.0000000000003575
  0
LINE
  5
1BC
330
1F
100
AcDbEntity
  8
Mechanical 1
 62
    96
420
    32512
100
AcDbLine
 10
273.3124814563148
 20
87.68565454680561
 30
0.0000000000003575
 11
274.8384805363148
 21
87.68565454680561
 31
0.0000000000003575
  0
LINE
  5
1BD
330
1F
100
AcDbEntity
  8
Mechanical 1
 62
    96
420
    32512
100
AcDbLine
 10
274.8384805363148
 20
87.68565454680561
 30
0.0000000000003575
 11
274.8384830763148
 21
90.41575322680569
 31
0.0000000000003575
  0
ARC
  5
1BE
330
1F
100
AcDbEntity
  8
Mechanical 1
 62
    96
420
    32512
100
AcDbCircle
 10
-275.3384820763122
 20
90.41575322680829
 30
-0.0000000000003575
 40
0.4999989999973998
210
0.0
220
0.0
230
-1.0
100
AcDbArc
 50
359.999999999702
 51
90.00000000029313
  0
LINE
  5
1BF
330
1F
100
AcDbEntity
  8
Mechanical 1
 62
    96
420
    32512
100
AcDbLine
 10
275.3384820763147
 20
90.9157522268057
 30
0.0000000000003575
 11
281.0874799763146
 21
90.91575222680564
 31
0.0000000000003575
  0
ARC
  5
1C0
330
1F
100
AcDbEntity
  8
Mechanical 1
 62
    96
420
    32512
100
AcDbCircle
 10
-281.0874799763137
 20
90.41575322680478
 30
-0.0000000000003575
 40
0.4999990000008485
210
0.0
220
0.0
230
-1.0
100
AcDbArc
 50
90.00000000010422
 51
179.9999999999039
  0
LINE
  5
1C1
330
1F
100
AcDbEntity
  8
Mechanical 1
 62
    96
420
    32512
100
AcDbLine
 10
281.5874789763146
 20
90.41575322680563
 30
0.0000000000003575
 11
281.5874815163147
 21
87.68565454680561
 31
0.0000000000003575
  0
LINE
  5
1C2
330
1F
100
AcDbEntity
  8
Mechanical 1
 62
    96
420
    32512
100
AcDbLine
 10
281.5874815163147
 20
87.68565454680561
 30
0.0000000000003575
 11
281.9134803563147
 21
87.6856520068057
 31
0.0000000000003575
  0
ARC
  5
1C3
330
1F
100
AcDbEntity
  8
Mechanical 1
 62
    96
420
    32512
100
AcDbCircle
 10
-281.913480356312
 20
87.18565300680302
 30
-0.0000000000003575
 40
0.4999990000026728
210
0.0
220
0.0
230
-1.0
100
AcDbArc
 50
90.00000000031267
 51
179.9999999996955
  0
LINE
  5
1C4
330
1F
100
AcDbEntity
  8
Mechanical 1
 62
    96
420
    32512
100
AcDbLine
 10
282.4134793563147
 20
87.18565300680568
 30
0.0000000000003575
 11
282.4134793563148
 21
85.38675388680565
 31
0.0000000000003575
  0
ARC
  5
1C5
330
1F
100
AcDbEntity
  8
Mechanical 1
 62
    96
420
    32512
100
AcDbCircle
 10
-281.9134803563126
 20
85.38675388680787
 30
-0.0000000000003575
 40
0.4999990000021942
210
0.0
220
0.0
230
-1.0
100
AcDbArc
 50
180.000000000254
 51
269.9999999997655
  0
LINE
  5
1C6
330
1F
100
AcDbEntity
  8
Mechanical 1
 62
    96
420
    32512
100
AcDbLine
 10
281.9134803563147
 20
84.88675488680568
 30
0.0000000000003575
 11
281.5874815163147
 21
84.88675234680568
 31
0.0000000000003575
  0
LINE
  5
1C7
330
1F
100
AcDbEntity
  8
Mechanical 1
 62
    96
420
    32512
100
AcDbLine
 10
281.5874815163147
 20
84.88675234680568
 30
0.0000000000003575
 11
281.5874789763147
 21
79.11685278680562
 31
0.0000000000003575
  0
ARC
  5
1C8
330
1F
100
AcDbEntity
  8
Mechanical 1
 62
    96
420
    32512
100
AcDbCircle
 10
-281.0874799763135
 20
79.11685278680686
 30
-0.0000000000003575
 40
0.499999000001233
210
0.0
220
0.0
230
-1.0
100
AcDbArc
 50
180.0000000001417
 51
269.9999999998632
  0
LINE
  5
1C9
330
1F
100
AcDbEntity
  8
Mechanical 1
 62
    96
420
    32512
100
AcDbLine
 10
281.0874799763147
 20
78.61685378680562
 30
0.0000000000003575
 11
279.8624811563147
 21
78.61685378680568
 31
0.0000000000003575
  0
LINE
  5
1CA
330
1F
100
AcDbEntity
  8
Mechanical 1
 62
    96
420
    32512
100
AcDbLine
 10
279.8624811563147
 20
78.61685378680568
 30
0.0000000000003575
 11
279.8624811563146
 21
77.91665452680559
 31
0.0000000000003575
  0
ARC
  5
1CB
330
1F
100
AcDbEntity
  8
Mechanical 1
 62
    96
420
    32512
100
AcDbCircle
 10
-279.3624821563144
 20
77.91665452680576
 30
-0.0000000000003575
 40
0.4999990000001659
210
0.0
220
0.0
230
-1.0
100
AcDbArc
 50
180.0000000000212
 51
269.9999999999804
  0
LINE
  5
1CC
330
1F
100
AcDbEntity
  8
Mechanical 1
 62
    96
420
    32512
100
AcDbLine
 10
279.3624821563146
 20
77.4166555268056
 30
0.0000000000003575
 11
277.0634798963147
 21
77.4166555268057
 31
0.0000000000003575
  0
ARC
  5
1CD
330
1F
100
AcDbEntity
  8
Mechanical 1
 62
    96
420
    32512
100
AcDbCircle
 10
-277.0634798963172
 20
77.91665452680819
 30
-0.0000000000003575
 40
0.4999990000024945
210
0.0
220
0.0
230
-1.0
100
AcDbArc
 50
270.0000000002866
 51
359.9999999997102
  0
LINE
  5
1CE
330
1F
100
AcDbEntity
  8
Mechanical 1
 62
    96
420
    32512
100
AcDbLine
 10
276.5634808963147
 20
77.91665452680567
 30
0.0000000000003575
 11
276.5634808963148
 21
78.61685378680568
 31
0.0000000000003575
  0
LINE
  5
1CF
330
1F
100
AcDbEntity
  8
Mechanical 1
 62
    96
420
    32512
100
AcDbLine
 10
276.5634808963148
 20
78.61685378680568
 30
0.0000000000003575
 11
275.3384820763149
 21
78.61685378680562
 31
0.0000000000003575
  0
ARC
  5
1D0
330
1F
100
AcDbEntity
  8
Mechanical 1
 62
    96
420
    32512
100
AcDbCircle
 10
-275.3384820763133
 20
79.11685278680422
 30
-0.0000000000003575
 40
0.4999989999985887
210
0.0
220
0.0
230
-1.0
100
AcDbArc
 50
269.9999999998176
 51
0.0000000001644732
  0
LINE
  5
1D1
330
1F
100
AcDbEntity
  8
Mechanical 1
 62
    96
420
    32512
100
AcDbLine
 10
274.8384830763147
 20
79.11685278680564
 30
0.0000000000003575
 11
274.8384805363148
 21
83.08585424680564
 31
0.0000000000003575
  0
LINE
  5
1D2
330
1F
100
AcDbEntity
  8
Mechanical 1
 62
    96
420
    32512
100
AcDbLine
 10
274.8384805363148
 20
83.08585424680564
 30
0.0000000000003575
 11
273.3124814563148
 21
83.08585424680564
 31
0.0000000000003575
  0
LINE
  5
1D3
330
1F
100
AcDbEntity
  8
Mechanical 1
 62
    96
420
    32512
100
AcDbLine
 10
273.3124814563148
 20
83.08585424680564
 30
0.0000000000003575
 11
273.3124789163145
 21
78.93685324680564
 31
0.0000000000003575
  0
ARC
  5
1D4
330
1F
100
AcDbEntity
  8
Mechanical 1
 62
    96
420
    32512
100
AcDbCircle
 10
-272.7624800163121
 20
78.9368532468081
 30
-0.0000000000003575
 40
0.5499989000024773
210
0.0
220
0.0
230
-1.0
100
AcDbArc
 50
180.0000000002561
 51
269.9999999997276
  0
LINE
  5
1D5
330
1F
100
AcDbEntity
  8
Mechanical 1
 62
    96
420
    32512
100
AcDbLine
 10
272.7624800163147
 20
78.38685434680562
 30
0.0000000000003575
 11
259.8634813763147
 21
78.38685434680565
 31
0.0000000000003575
  0
ARC
  5
1D6
330
1F
100
AcDbEntity
  8
Mechanical 1
 62
    96
420
    32512
100
AcDbCircle
 10
-259.8634813763126
 20
78.93685324680378
 30
-0.0000000000003575
 40
0.549998899998132
210
0.0
220
0.0
230
-1.0
100
AcDbArc
 50
269.9999999997868
 51
0.0000000001983745
  0
LINE
  5
1D7
330
1F
100
AcDbEntity
  8
Mechanical 1
 62
    96
420
    32512
100
AcDbLine
 10
259.3134824763145
 20
78.93685324680568
 30
0.0000000000003575
 11
259.3134799363147
 21
83.08585424680564
 31
0.0000000000003575
  0
LINE
  5
1D8
330
1F
100
AcDbEntity
  8
Mechanical 1
 62
    96
420
    32512
100
AcDbLine
 10
259.3134799363147
 20
83.08585424680564
 30
0.0000000000003575
 11
257.7874808563147
 21
83.08585424680564
 31
0.0000000000003575
  0
LINE
  5
1D9
330
1F
100
AcDbEntity
  8
Mechanical 1
 62
    96
420
    32512
100
AcDbLine
 10
257.7874808563147
 20
83.08585424680564
 30
0.0000000000003575
 11
257.7874808563147
 21
79.11685278680562
 31
0.0000000000003575
  0
ARC
  5
1DA
330
1F
100
AcDbEntity
  8
Mechanical 1
 62
    96
420
    32512
100
AcDbCircle
 10
-257.2874818563134
 20
79.11685278680685
 30
-0.0000000000003575
 40
0.4999990000012398
210
0.0
220
0.0
230
-1.0
100
AcDbArc
 50
180.0000000001401
 51
269.9999999998567
  0
LINE
  5
1DB
330
1F
100
AcDbEntity
  8
Mechanical 1
 62
    96
420
    32512
100
AcDbLine
 10
257.2874818563147
 20
78.6168537868056
 30
0.0000000000003575
 11
256.0624804963147
 21
78.61685378680568
 31
0.0000000000003575
  0
LINE
  5
1DC
330
1F
100
AcDbEntity
  8
Mechanical 1
 62
    96
420
    32512
100
AcDbLine
 10
256.0624804963147
 20
78.61685378680568
 30
0.0000000000003575
 11
256.0624804963147
 21
77.9166545268057
 31
0.0000000000003575
  0
ARC
  5
1DD
330
1F
100
AcDbEntity
  8
Mechanical 1
 62
    96
420
    32512
100
AcDbCircle
 10
-255.5624814963139
 20
77.91665452680648
 30
-0.0000000000003575
 40
0.4999990000008122
210
0.0
220
0.0
230
-1.0
100
AcDbArc
 50
180.0000000000896
 51
269.999999999899
  0
LINE
  5
1DE
330
1F
100
AcDbEntity
  8
Mechanical 1
 62
    96
420
    32512
100
AcDbLine
 10
255.5624814963148
 20
77.41665552680567
 30
0.0000000000003575
 11
253.2614802563148
 21
77.4166555268057
 31
0.0000000000003575
  0
ARC
  5
1DF
330
1F
100
AcDbEntity
  8
Mechanical 1
 62
    96
420
    32512
100
AcDbCircle
 10
-253.2614802563121
 20
77.9166545268032
 30
-0.0000000000003575
 40
0.4999989999975062
210
0.0
220
0.0
230
-1.0
100
AcDbArc
 50
269.9999999996873
 51
0.0000000002833498
  0
LINE
  5
1E0
330
1F
100
AcDbEntity
  8
Mechanical 1
 62
    96
420
    32512
100
AcDbLine
 10
252.7614812563146
 20
77.91665452680569
 30
0.0000000000003575
 11
252.7614812563147
 21
78.61685378680568
 31
0.0000000000003575
  0
LINE
  5
1E1
330
1F
100
AcDbEntity
  8
Mechanical 1
 62
    96
420
    32512
100
AcDbLine
 10
252.7614812563147
 20
78.61685378680568
 30
0.0000000000003575
 11
251.5384814163147
 21
78.61685378680562
 31
0.0000000000003575
  0
ARC
  5
1E2
330
1F
100
AcDbEntity
  8
Mechanical 1
 62
    96
420
    32512
100
AcDbCircle
 10
-251.5384814163131
 20
79.11685278680409
 30
-0.0000000000003575
 40
0.4999989999984691
210
0.0
220
0.0
230
-1.0
100
AcDbArc
 50
269.9999999998176
 51
0.0000000001742439
  0
LINE
  5
1E3
330
1F
100
AcDbEntity
  8
Mechanical 1
 62
    96
420
    32512
100
AcDbLine
 10
251.0384824163146
 20
79.11685278680561
 30
0.0000000000003575
 11
251.0384798763148
 21
84.88675234680568
 31
0.0000000000003575
  0
LINE
  5
1E4
330
1F
100
AcDbEntity
  8
Mechanical 1
 62
    96
420
    32512
100
AcDbLine
 10
251.0384798763148
 20
84.88675234680568
 30
0.0000000000003575
 11
250.7124810363148
 21
84.88675488680565
 31
0.0000000000003575
  0
ARC
  5
1E5
330
1F
100
AcDbEntity
  8
Mechanical 1
 62
    96
420
    32512
100
AcDbCircle
 10
-250.7124810363125
 20
85.38675388680336
 30
-0.0000000000003575
 40
0.4999989999977084
210
0.0
220
0.0
230
-1.0
100
AcDbArc
 50
269.9999999997362
 51
0.00000000026218
  0
LINE
  5
1E6
330
1F
100
AcDbEntity
  8
Mechanical 1
 62
    96
420
    32512
100
AcDbLine
 10
250.2124820363148
 20
85.38675388680564
 30
0.0000000000003575
 11
250.2124820363147
 21
87.18565300680564
 31
0.0000000000003575
  0
ARC
  5
1E7
330
1F
100
AcDbEntity
  8
Mechanical 1
 62
    96
420
    32512
100
AcDbCircle
 10
-250.7124810363139
 20
87.18565300680645
 30
-0.0000000000003575
 40
0.4999989999992135
210
0.0
220
0.0
230
-1.0
100
AcDbArc
 50
359.9999999999072
 51
90.00000000009119
  0
LINE
  5
1E8
330
1F
100
AcDbEntity
  8
Mechanical 1
 62
    96
420
    32512
100
AcDbLine
 10
250.7124810363147
 20
87.68565200680565
 30
0.0000000000003575
 11
251.0384798763148
 21
87.68565454680561
 31
0.0000000000003575
  0
LINE
  5
1E9
330
1F
100
AcDbEntity
  8
Mechanical 1
 62
    96
420
    32512
100
AcDbLine
 10
251.0384798763148
 20
87.68565454680561
 30
0.0000000000003575
 11
251.0384824163148
 21
90.41575322680569
 31
0.0000000000003575
  0
ARC
  5
1EA
330
1F
100
AcDbEntity
  8
Mechanical 1
 62
    96
420
    32512
100
AcDbCircle
 10
-251.5384814163127
 20
90.41575322680782
 30
-0.0000000000003575
 40
0.4999989999978739
210
0.0
220
0.0
230
-1.0
100
AcDbArc
 50
359.9999999997557
 51
90.00000000023124
  0
LINE
  5
1EB
330
1F
100
AcDbEntity
  8
Mechanical 1
 62
    96
420
    32512
100
AcDbLine
 10
251.5384814163147
 20
90.9157522268057
 30
0.0000000000003575
 11
257.2874818563146
 21
90.9157522268057
 31
0.0000000000003575
  0
ARC
  5
1EC
330
1F
100
AcDbEntity
  8
Mechanical 1
 62
    96
420
    32512
100
AcDbCircle
 10
-257.2874818563125
 20
90.41575322680352
 30
-0.0000000000003575
 40
0.4999990000021743
210
0.0
220
0.0
230
-1.0
100
AcDbArc
 50
90.0000000002345
 51
179.9999999997508
  0
LINE
  5
1ED
330
1F
100
AcDbEntity
  8
Mechanical 1
 62
    96
420
    32512
100
AcDbLine
 10
257.7874808563147
 20
90.41575322680569
 30
0.0000000000003575
 11
257.7874808563147
 21
87.68565454680561
 31
0.0000000000003575
  0
LINE
  5
1EE
330
1F
100
AcDbEntity
  8
Mechanical 1
 62
    96
420
    32512
100
AcDbLine
 10
257.7874808563147
 20
87.68565454680561
 30
0.0000000000003575
 11
259.3134799363147
 21
87.68565454680561
 31
0.0000000000003575
  0
LINE
  5
1EF
330
1F
100
AcDbEntity
  8
Mechanical 1
 62
    96
420
    32512
100
AcDbLine
 10
259.3134799363147
 20
87.68565454680561
 30
0.0000000000003575
 11
259.3134824763147
 21
91.83615414680565
 31
0.0000000000003575
  0
ARC
  5
1F0
330
1F
100
AcDbEntity
  8
Mechanical 1
 62
    96
420
    32512
100
AcDbCircle
 10
-259.8634813763147
 20
91.83615414680568
 30
-0.0000000000003575
 40
0.5499988999999634
210
0.0
220
0.0
230
-1.0
100
AcDbArc
 50
359.999999999997
 51
90.00000000000594
  0
CIRCLE
  5
1F1
330
1F
100
AcDbEntity
  8
默认
 62
    96
420
    32512
100
AcDbCircle
 10
24.63331007410123
 20
7.25615443314917
 30
0.0000000000003575
 40
1.0
  0
ARC
  5
1F2
330
1F
100
AcDbEntity
  8
默认
 62
    96
420
    32512
100
AcDbCircle
 10
131.2251809763147
 20
40.78720346680564
 30
0.0000000000003575
 40
0.5
100
AcDbArc
 50
180.0
 51
270.0
  0
LINE
  5
1F3
330
1F
100
AcDbEntity
  8
默认
 62
    96
420
    32512
100
AcDbLine
 10
131.2251809763147
 20
40.28720346680564
 30
0.0000000000003575
 11
144.2251809763147
 21
40.28720346680564
 31
0.0000000000003575
  0
ARC
  5
1F4
330
1F
100
AcDbEntity
  8
默认
 62
    96
420
    32512
100
AcDbCircle
 10
144.2251809763147
 20
40.78720346680566
 30
0.0000000000003575
 40
0.5000000000000293
100
AcDbArc
 50
270.0000000000032
 51
359.9999999999968
  0
LINE
  5
1F5
330
1F
100
AcDbEntity
  8
默认
 62
    96
420
    32512
100
AcDbLine
 10
144.7251809763147
 20
40.78720346680564
 30
0.0000000000003575
 11
144.7251809763147
 21
53.78720346680564
 31
0.0000000000003575
  0
ARC
  5
1F6
330
1F
100
AcDbEntity
  8
默认
 62
    96
420
    32512
100
AcDbCircle
 10
144.2251809763148
 20
53.78720346680568
 30
0.0000000000003575
 40
0.4999999999999402
100
AcDbArc
 50
359.9999999999951
 51
90.00000000000651
  0
LINE
  5
1F7
330
1F
100
AcDbEntity
  8
默认
 62
    96
420
    32512
100
AcDbLine
 10
144.2251809763147
 20
54.28720346680562
 30
0.0000000000003575
 11
131.2251809763147
 21
54.28720346680564
 31
0.0000000000003575
  0
ARC
  5
1F8
330
1F
100
AcDbEntity
  8
默认
 62
    96
420
    32512
100
AcDbCircle
 10
131.2251809763148
 20
53.78720346680561
 30
0.0000000000003575
 40
0.5000000000000333
100
AcDbArc
 50
90.00000000000651
 51
179.9999999999967
  0
LINE
  5
1F9
330
1F
100
AcDbEntity
  8
默认
 62
    96
420
    32512
100
AcDbLine
 10
130.7251809763148
 20
53.78720346680564
 30
0.0000000000003575
 11
130.7251809763147
 21
50.28579583184523
 31
0.0000000000003575
  0
LINE
  5
1FA
330
1F
100
AcDbEntity
  8
默认
 62
    96
420
    32512
100
AcDbLine
 10
130.7251809763147
 20
50.28579583184523
 30
0.0000000000003575
 11
125.6751809763145
 21
50.28579583184569
 31
0.0000000000003575
  0
LINE
  5
1FB
330
1F
100
AcDbEntity
  8
默认
 62
    96
420
    32512
100
AcDbLine
 10
125.6751809763145
 20
50.28579583184569
 30
0.0000000000003575
 11
125.6751809763145
 21
53.78720346680564
 31
0.0000000000003575
  0
ARC
  5
1FC
330
1F
100
AcDbEntity
  8
默认
 62
    96
420
    32512
100
AcDbCircle
 10
125.1751809763146
 20
53.78720346680574
 30
0.0000000000003575
 40
0.4999999999998963
100
AcDbArc
 50
359.9999999999878
 51
90.00000000001303
  0
LINE
  5
1FD
330
1F
100
AcDbEntity
  8
默认
 62
    96
420
    32512
100
AcDbLine
 10
125.1751809763145
 20
54.28720346680564
 30
0.0000000000003575
 11
112.1751809763145
 21
54.28720346680564
 31
0.0000000000003575
  0
ARC
  5
1FE
330
1F
100
AcDbEntity
  8
默认
 62
    96
420
    32512
100
AcDbCircle
 10
112.1751809763146
 20
53.78720346680552
 30
0.0000000000003575
 40
0.5000000000001066
100
AcDbArc
 50
90.00000000001303
 51
179.9999999999878
  0
LINE
  5
1FF
330
1F
100
AcDbEntity
  8
默认
 62
    96
420
    32512
100
AcDbLine
 10
111.6751809763145
 20
53.78720346680564
 30
0.0000000000003575
 11
111.6751809763145
 21
40.78720346680564
 31
0.0000000000003575
  0
ARC
  5
200
330
1F
100
AcDbEntity
  8
默认
 62
    96
420
    32512
100
AcDbCircle
 10
112.1751809763147
 20
40.78720346680578
 30
0.0000000000003575
 40
0.5000000000001521
100
AcDbArc
 50
180.0000000000155
 51
269.9999999999837
  0
LINE
  5
201
330
1F
100
AcDbEntity
  8
默认
 62
    96
420
    32512
100
AcDbLine
 10
112.1751809763145
 20
40.28720346680562
 30
0.0000000000003575
 11
125.1751809763145
 21
40.28720346680564
 31
0.0000000000003575
  0
ARC
  5
202
330
1F
100
AcDbEntity
  8
默认
 62
    96
420
    32512
100
AcDbCircle
 10
125.1751809763146
 20
40.78720346680552
 30
0.0000000000003575
 40
0.4999999999998905
100
AcDbArc
 50
269.999999999987
 51
0.0000000000130276
  0
LINE
  5
203
330
1F
100
AcDbEntity
  8
默认
 62
    96
420
    32512
100
AcDbLine
 10
125.6751809763145
 20
40.78720346680564
 30
0.0000000000003575
 11
125.6751809763145
 21
44.28579583184523
 31
0.0000000000003575
  0
LINE
  5
204
330
1F
100
AcDbEntity
  8
默认
 62
    96
420
    32512
100
AcDbLine
 10
125.6751809763145
 20
44.28579583184523
 30
0.0000000000003575
 11
130.7251809763147
 21
44.28579583184546
 31
0.0000000000003575
  0
LINE
  5
205
330
1F
100
AcDbEntity
  8
默认
 62
    96
420
    32512
100
AcDbLine
 10
130.7251809763147
 20
44.28579583184546
 30
0.0000000000003575
 11
130.7251809763147
 21
40.78720346680564
 31
0.0000000000003575
  0
LINE
  5
206
330
1F
100
AcDbEntity
  8
默认
 62
    96
420
    32512
100
AcDbLine
 10
212.1876809763148
 20
78.38720346680566
 30
0.0000000000003575
 11
225.1876809763148
 21
78.38720346680566
 31
0.0000000000003575
  0
ARC
  5
207
330
1F
100
AcDbEntity
  8
默认
 62
    96
420
    32512
100
AcDbCircle
 10
225.1876809763147
 20
78.88720346680577
 30
0.0000000000003575
 40
0.5000000000001195
100
AcDbArc
 50
270.000000000013
 51
359.9999999999853
  0
LINE
  5
208
330
1F
100
AcDbEntity
  8
默认
 62
    96
420
    32512
100
AcDbLine
 10
225.6876809763148
 20
78.88720346680566
 30
0.0000000000003575
 11
225.6876809763148
 21
91.88720346680566
 31
0.0000000000003575
  0
ARC
  5
209
330
1F
100
AcDbEntity
  8
默认
 62
    96
420
    32512
100
AcDbCircle
 10
225.1876809763147
 20
91.88720346680554
 30
0.0000000000003575
 40
0.5000000000001117
100
AcDbArc
 50
0.0000000000130276
 51
89.99999999998697
  0
LINE
  5
20A
330
1F
100
AcDbEntity
  8
默认
 62
    96
420
    32512
100
AcDbLine
 10
225.1876809763148
 20
92.38720346680566
 30
0.0000000000003575
 11
212.1876809763148
 21
92.38720346680566
 31
0.0000000000003575
  0
ARC
  5
20B
330
1F
100
AcDbEntity
  8
默认
 62
    96
420
    32512
100
AcDbCircle
 10
212.1876809763147
 20
91.8872034668058
 30
0.0000000000003575
 40
0.4999999999998628
100
AcDbArc
 50
89.99999999998371
 51
180.0000000000147
  0
LINE
  5
20C
330
1F
100
AcDbEntity
  8
默认
 62
    96
420
    32512
100
AcDbLine
 10
211.6876809763148
 20
91.88720346680566
 30
0.0000000000003575
 11
211.6876809763148
 21
78.88720346680566
 31
0.0000000000003575
  0
ARC
  5
20D
330
1F
100
AcDbEntity
  8
默认
 62
    96
420
    32512
100
AcDbCircle
 10
212.1876809763147
 20
78.88720346680557
 30
0.0000000000003575
 40
0.4999999999999085
100
AcDbArc
 50
179.9999999999902
 51
270.0000000000098
  0
LINE
  5
20E
330
1F
100
AcDbEntity
  8
默认
 62
    96
420
    32512
100
AcDbLine
 10
150.2751809763147
 20
40.28720346680564
 30
0.0000000000003575
 11
163.2751809763147
 21
40.28720346680564
 31
0.0000000000003575
  0
ARC
  5
20F
330
1F
100
AcDbEntity
  8
默认
 62
    96
420
    32512
100
AcDbCircle
 10
163.2751809763146
 20
40.78720346680571
 30
0.0000000000003575
 40
0.5000000000000777
100
AcDbArc
 50
270.0000000000098
 51
359.999999999991
  0
LINE
  5
210
330
1F
100
AcDbEntity
  8
默认
 62
    96
420
    32512
100
AcDbLine
 10
163.7751809763147
 20
40.78720346680564
 30
0.0000000000003575
 11
163.7751809763147
 21
53.78720346680564
 31
0.0000000000003575
  0
ARC
  5
211
330
1F
100
AcDbEntity
  8
默认
 62
    96
420
    32512
100
AcDbCircle
 10
163.2751809763147
 20
53.78720346680568
 30
0.0000000000003575
 40
0.4999999999999402
100
AcDbArc
 50
359.9999999999951
 51
90.00000000000651
  0
LINE
  5
212
330
1F
100
AcDbEntity
  8
默认
 62
    96
420
    32512
100
AcDbLine
 10
163.2751809763147
 20
54.28720346680562
 30
0.0000000000003575
 11
150.2751809763147
 21
54.28720346680564
 31
0.0000000000003575
  0
ARC
  5
213
330
1F
100
AcDbEntity
  8
默认
 62
    96
420
    32512
100
AcDbCircle
 10
150.2751809763147
 20
53.78720346680565
 30
0.0000000000003575
 40
0.4999999999999899
100
AcDbArc
 50
90.0
 51
180.0000000000016
  0
LINE
  5
214
330
1F
100
AcDbEntity
  8
默认
 62
    96
420
    32512
100
AcDbLine
 10
149.7751809763147
 20
53.78720346680564
 30
0.0000000000003575
 11
149.7751809763147
 21
40.78720346680564
 31
0.0000000000003575
  0
ARC
  5
215
330
1F
100
AcDbEntity
  8
默认
 62
    96
420
    32512
100
AcDbCircle
 10
150.2751809763147
 20
40.78720346680565
 30
0.0000000000003575
 40
0.500000000000008
100
AcDbArc
 50
180.0000000000008
 51
269.9999999999968
  0
CIRCLE
  5
216
330
1F
100
AcDbEntity
  8
Mechanical 1
 62
    96
420
    32512
100
AcDbCircle
 10
275.2694804363148
 20
28.2368529468057
 30
0.0000000000003575
 40
0.0031749999999988
  0
LINE
  5
217
330
1F
100
AcDbEntity
  8
默认
 62
    96
420
    32512
100
AcDbLine
 10
178.8501809763147
 20
21.23720346680568
 30
0.0000000000003575
 11
191.8501809763147
 21
21.23720346680568
 31
0.0000000000003575
  0
ARC
  5
218
330
1F
100
AcDbEntity
  8
默认
 62
    96
420
    32512
100
AcDbCircle
 10
191.8501809763147
 20
21.73720346680571
 30
0.0000000000003575
 40
0.500000000000026
100
AcDbArc
 50
270.0000000000065
 51
359.9999999999968
  0
LINE
  5
219
330
1F
100
AcDbEntity
  8
默认
 62
    96
420
    32512
100
AcDbLine
 10
192.3501809763147
 20
21.73720346680568
 30
0.0000000000003575
 11
192.3501809763147
 21
34.73720346680568
 31
0.0000000000003575
  0
ARC
  5
21A
330
1F
100
AcDbEntity
  8
默认
 62
    96
420
    32512
100
AcDbCircle
 10
191.8501809763147
 20
34.73720346680564
 30
0.0000000000003575
 40
0.5000000000000674
100
AcDbArc
 50
0.0000000000048853
 51
89.99999999999349
  0
LINE
  5
21B
330
1F
100
AcDbEntity
  8
默认
 62
    96
420
    32512
100
AcDbLine
 10
191.8501809763147
 20
35.2372034668057
 30
0.0000000000003575
 11
178.8501809763147
 21
35.23720346680568
 31
0.0000000000003575
  0
ARC
  5
21C
330
1F
100
AcDbEntity
  8
默认
 62
    96
420
    32512
100
AcDbCircle
 10
178.8501809763146
 20
34.73720346680579
 30
0.0000000000003575
 40
0.4999999999998905
100
AcDbArc
 50
89.99999999998697
 51
180.000000000013
  0
LINE
  5
21D
330
1F
100
AcDbEntity
  8
默认
 62
    96
420
    32512
100
AcDbLine
 10
178.3501809763147
 20
34.73720346680568
 30
0.0000000000003575
 11
178.3501809763147
 21
21.73720346680568
 31
0.0000000000003575
  0
ARC
  5
21E
330
1F
100
AcDbEntity
  8
默认
 62
    96
420
    32512
100
AcDbCircle
 10
178.8501809763147
 20
21.73720346680562
 30
0.0000000000003575
 40
0.4999999999999413
100
AcDbArc
 50
179.9999999999931
 51
270.0000000000065
  0
CIRCLE
  5
21F
330
1F
100
AcDbEntity
  8
Mechanical 1
 62
    96
420
    32512
100
AcDbCircle
 10
279.8624811563147
 20
78.61685378680568
 30
0.0000000000003575
 40
0.0031749999999988
  0
LINE
  5
220
330
1F
100
AcDbEntity
  8
默认
 62
    96
420
    32512
100
AcDbLine
 10
59.78768097631472
 20
78.38720346680566
 30
0.0000000000003575
 11
72.78768097631472
 21
78.38720346680566
 31
0.0000000000003575
  0
ARC
  5
221
330
1F
100
AcDbEntity
  8
默认
 62
    96
420
    32512
100
AcDbCircle
 10
72.7876809763146
 20
78.88720346680579
 30
0.0000000000003575
 40
0.5000000000001308
100
AcDbArc
 50
270.000000000013
 51
359.9999999999853
  0
LINE
  5
222
330
1F
100
AcDbEntity
  8
默认
 62
    96
420
    32512
100
AcDbLine
 10
73.28768097631473
 20
78.88720346680566
 30
0.0000000000003575
 11
73.28768097631472
 21
91.88720346680566
 31
0.0000000000003575
  0
ARC
  5
223
330
1F
100
AcDbEntity
  8
默认
 62
    96
420
    32512
100
AcDbCircle
 10
72.7876809763146
 20
91.88720346680554
 30
0.0000000000003575
 40
0.5000000000001066
100
AcDbArc
 50
0.0000000000130276
 51
89.9999999999886
  0
LINE
  5
224
330
1F
100
AcDbEntity
  8
默认
 62
    96
420
    32512
100
AcDbLine
 10
72.78768097631472
 20
92.38720346680566
 30
0.0000000000003575
 11
59.78768097631472
 21
92.38720346680566
 31
0.0000000000003575
  0
ARC
  5
225
330
1F
100
AcDbEntity
  8
默认
 62
    96
420
    32512
100
AcDbCircle
 10
59.7876809763146
 20
91.88720346680577
 30
0.0000000000003575
 40
0.4999999999998864
100
AcDbArc
 50
89.99999999998697
 51
180.000000000013
  0
LINE
  5
226
330
1F
100
AcDbEntity
  8
默认
 62
    96
420
    32512
100
AcDbLine
 10
59.28768097631472
 20
91.88720346680566
 30
0.0000000000003575
 11
59.28768097631472
 21
78.88720346680566
 31
0.0000000000003575
  0
ARC
  5
227
330
1F
100
AcDbEntity
  8
默认
 62
    96
420
    32512
100
AcDbCircle
 10
59.78768097631462
 20
78.88720346680556
 30
0.0000000000003575
 40
0.4999999999998985
100
AcDbArc
 50
179.9999999999886
 51
270.0000000000122
  0
LINE
  5
228
330
1F
100
AcDbEntity
  8
默认
 62
    96
420
    32512
100
AcDbLine
 10
64.55018097631454
 20
21.23720346680568
 30
0.0000000000003575
 11
77.55018097631454
 21
21.23720346680568
 31
0.0000000000003575
  0
ARC
  5
229
330
1F
100
AcDbEntity
  8
默认
 62
    96
420
    32512
100
AcDbCircle
 10
77.55018097631464
 20
21.73720346680557
 30
0.0000000000003575
 40
0.4999999999998955
100
AcDbArc
 50
269.9999999999886
 51
0.0000000000122133
  0
LINE
  5
22A
330
1F
100
AcDbEntity
  8
默认
 62
    96
420
    32512
100
AcDbLine
 10
78.05018097631454
 20
21.73720346680568
 30
0.0000000000003575
 11
78.05018097631454
 21
34.73720346680568
 31
0.0000000000003575
  0
ARC
  5
22B
330
1F
100
AcDbEntity
  8
默认
 62
    96
420
    32512
100
AcDbCircle
 10
77.55018097631466
 20
34.73720346680582
 30
0.0000000000003575
 40
0.4999999999998661
100
AcDbArc
 50
359.9999999999845
 51
90.00000000001629
  0
LINE
  5
22C
330
1F
100
AcDbEntity
  8
默认
 62
    96
420
    32512
100
AcDbLine
 10
77.55018097631454
 20
35.23720346680568
 30
0.0000000000003575
 11
64.55018097631454
 21
35.23720346680568
 31
0.0000000000003575
  0
ARC
  5
22D
330
1F
100
AcDbEntity
  8
默认
 62
    96
420
    32512
100
AcDbCircle
 10
64.55018097631464
 20
34.73720346680557
 30
0.0000000000003575
 40
0.5000000000001045
100
AcDbArc
 50
90.0000000000114
 51
179.9999999999886
  0
LINE
  5
22E
330
1F
100
AcDbEntity
  8
默认
 62
    96
420
    32512
100
AcDbLine
 10
64.05018097631454
 20
34.73720346680568
 30
0.0000000000003575
 11
64.05018097631454
 21
21.73720346680568
 31
0.0000000000003575
  0
ARC
  5
22F
330
1F
100
AcDbEntity
  8
默认
 62
    96
420
    32512
100
AcDbCircle
 10
64.55018097631468
 20
21.73720346680582
 30
0.0000000000003575
 40
0.500000000000137
100
AcDbArc
 50
180.0000000000159
 51
269.9999999999853
  0
CIRCLE
  5
230
330
1F
100
AcDbEntity
  8
Mechanical 1
 62
    96
420
    32512
100
AcDbCircle
 10
274.7694814363147
 20
27.7368539468057
 30
0.0000000000003575
 40
0.0031750000000272
  0
CIRCLE
  5
231
330
1F
100
AcDbEntity
  8
Mechanical 1
 62
    96
420
    32512
100
AcDbCircle
 10
281.0874799763146
 20
78.61685378680568
 30
0.0000000000003575
 40
0.0031749999999988
  0
CIRCLE
  5
232
330
1F
100
AcDbEntity
  8
Mechanical 1
 62
    96
420
    32512
100
AcDbCircle
 10
281.5874815163147
 20
79.11685278680568
 30
0.0000000000003575
 40
0.0031749999999988
  0
CIRCLE
  5
233
330
1F
100
AcDbEntity
  8
Mechanical 1
 62
    96
420
    32512
100
AcDbCircle
 10
279.3624821563149
 20
77.4166555268057
 30
0.0000000000003575
 40
0.0031750000000272
  0
LINE
  5
234
330
1F
100
AcDbEntity
  8
默认
 62
    96
420
    32512
100
AcDbLine
 10
216.9501809763146
 20
21.23720346680568
 30
0.0000000000003575
 11
229.9501809763146
 21
21.23720346680568
 31
0.0000000000003575
  0
ARC
  5
235
330
1F
100
AcDbEntity
  8
默认
 62
    96
420
    32512
100
AcDbCircle
 10
229.9501809763146
 20
21.73720346680569
 30
0.0000000000003575
 40
0.50000000000001
100
AcDbArc
 50
270.0
 51
359.9999999999987
  0
LINE
  5
236
330
1F
100
AcDbEntity
  8
默认
 62
    96
420
    32512
100
AcDbLine
 10
230.4501809763146
 20
21.73720346680568
 30
0.0000000000003575
 11
230.4501809763146
 21
34.73720346680568
 31
0.0000000000003575
  0
ARC
  5
237
330
1F
100
AcDbEntity
  8
默认
 62
    96
420
    32512
100
AcDbCircle
 10
229.9501809763147
 20
34.73720346680574
 30
0.0000000000003575
 40
0.4999999999999356
100
AcDbArc
 50
359.9999999999935
 51
90.00000000000651
  0
LINE
  5
238
330
1F
100
AcDbEntity
  8
默认
 62
    96
420
    32512
100
AcDbLine
 10
229.9501809763146
 20
35.23720346680567
 30
0.0000000000003575
 11
216.9501809763146
 21
35.23720346680568
 31
0.0000000000003575
  0
ARC
  5
239
330
1F
100
AcDbEntity
  8
默认
 62
    96
420
    32512
100
AcDbCircle
 10
216.9501809763146
 20
34.73720346680571
 30
0.0000000000003575
 40
0.4999999999999681
100
AcDbArc
 50
90.0
 51
180.0000000000041
  0
LINE
  5
23A
330
1F
100
AcDbEntity
  8
默认
 62
    96
420
    32512
100
AcDbLine
 10
216.4501809763147
 20
34.73720346680568
 30
0.0000000000003575
 11
216.4501809763146
 21
21.73720346680568
 31
0.0000000000003575
  0
ARC
  5
23B
330
1F
100
AcDbEntity
  8
默认
 62
    96
420
    32512
100
AcDbCircle
 10
216.9501809763147
 20
21.73720346680573
 30
0.0000000000003575
 40
0.5000000000000486
100
AcDbArc
 50
180.0000000000057
 51
269.9999999999968
  0
CIRCLE
  5
23C
330
1F
100
AcDbEntity
  8
默认
 62
    96
420
    32512
100
AcDbCircle
 10
137.7378490631731
 20
23.11010160104917
 30
0.0000000000003575
 40
1.0
  0
CIRCLE
  5
23D
330
1F
100
AcDbEntity
  8
Mechanical 1
 62
    96
420
    32512
100
AcDbCircle
 10
274.7694814363147
 20
27.7368539468057
 30
0.0000000000003575
 40
0.0031750000000272
  0
LINE
  5
23E
330
1F
100
AcDbEntity
  8
默认
 62
    96
420
    32512
100
AcDbLine
 10
50.26268097631463
 20
59.33720346680565
 30
0.0000000000003575
 11
63.26268097631463
 21
59.33720346680565
 31
0.0000000000003575
  0
ARC
  5
23F
330
1F
100
AcDbEntity
  8
默认
 62
    96
420
    32512
100
AcDbCircle
 10
63.26268097631468
 20
59.83720346680559
 30
0.0000000000003575
 40
0.4999999999999503
100
AcDbArc
 50
269.9999999999943
 51
0.0000000000056996
  0
LINE
  5
240
330
1F
100
AcDbEntity
  8
默认
 62
    96
420
    32512
100
AcDbLine
 10
63.76268097631463
 20
59.83720346680565
 30
0.0000000000003575
 11
63.76268097631463
 21
72.8372034668057
 31
0.0000000000003575
  0
ARC
  5
241
330
1F
100
AcDbEntity
  8
默认
 62
    96
420
    32512
100
AcDbCircle
 10
63.26268097631466
 20
72.83720346680575
 30
0.0000000000003575
 40
0.4999999999999674
100
AcDbArc
 50
359.9999999999951
 51
90.00000000000325
  0
LINE
  5
242
330
1F
100
AcDbEntity
  8
默认
 62
    96
420
    32512
100
AcDbLine
 10
63.26268097631463
 20
73.33720346680572
 30
0.0000000000003575
 11
50.26268097631463
 21
73.3372034668057
 31
0.0000000000003575
  0
ARC
  5
243
330
1F
100
AcDbEntity
  8
默认
 62
    96
420
    32512
100
AcDbCircle
 10
50.26268097631459
 20
72.83720346680573
 30
0.0000000000003575
 40
0.499999999999972
100
AcDbArc
 50
89.99999999999594
 51
180.0000000000032
  0
LINE
  5
244
330
1F
100
AcDbEntity
  8
默认
 62
    96
420
    32512
100
AcDbLine
 10
49.76268097631462
 20
72.8372034668057
 30
0.0000000000003575
 11
49.76268097631463
 21
59.83720346680565
 31
0.0000000000003575
  0
ARC
  5
245
330
1F
100
AcDbEntity
  8
默认
 62
    96
420
    32512
100
AcDbCircle
 10
50.26268097631457
 20
59.83720346680559
 30
0.0000000000003575
 40
0.499999999999941
100
AcDbArc
 50
179.9999999999935
 51
270.0000000000073
  0
LINE
  5
246
330
1F
100
AcDbEntity
  8
默认
 62
    96
420
    32512
100
AcDbLine
 10
88.36268097631454
 20
59.33720346680565
 30
0.0000000000003575
 11
101.3626809763145
 21
59.33720346680565
 31
0.0000000000003575
  0
ARC
  5
247
330
1F
100
AcDbEntity
  8
默认
 62
    96
420
    32512
100
AcDbCircle
 10
101.3626809763146
 20
59.83720346680555
 30
0.0000000000003575
 40
0.4999999999999047
100
AcDbArc
 50
269.9999999999902
 51
0.0000000000113991
  0
LINE
  5
248
330
1F
100
AcDbEntity
  8
默认
 62
    96
420
    32512
100
AcDbLine
 10
101.8626809763145
 20
59.83720346680565
 30
0.0000000000003575
 11
101.8626809763145
 21
72.8372034668057
 31
0.0000000000003575
  0
ARC
  5
249
330
1F
100
AcDbEntity
  8
默认
 62
    96
420
    32512
100
AcDbCircle
 10
101.3626809763146
 20
72.83720346680582
 30
0.0000000000003575
 40
0.4999999999998864
100
AcDbArc
 50
359.999999999987
 51
90.00000000001303
  0
LINE
  5
24A
330
1F
100
AcDbEntity
  8
默认
 62
    96
420
    32512
100
AcDbLine
 10
101.3626809763145
 20
73.3372034668057
 30
0.0000000000003575
 11
88.36268097631454
 21
73.3372034668057
 31
0.0000000000003575
  0
ARC
  5
24B
330
1F
100
AcDbEntity
  8
默认
 62
    96
420
    32512
100
AcDbCircle
 10
88.36268097631465
 20
72.8372034668056
 30
0.0000000000003575
 40
0.5000000000001036
100
AcDbArc
 50
90.00000000001303
 51
179.999999999987
  0
LINE
  5
24C
330
1F
100
AcDbEntity
  8
默认
 62
    96
420
    32512
100
AcDbLine
 10
87.86268097631455
 20
72.8372034668057
 30
0.0000000000003575
 11
87.86268097631454
 21
59.83720346680565
 31
0.0000000000003575
  0
ARC
  5
24D
330
1F
100
AcDbEntity
  8
默认
 62
    96
420
    32512
100
AcDbCircle
 10
88.3626809763147
 20
59.83720346680582
 30
0.0000000000003575
 40
0.5000000000001705
100
AcDbArc
 50
180.0000000000196
 51
269.9999999999804
  0
LINE
  5
24E
330
1F
100
AcDbEntity
  8
默认
 62
    96
420
    32512
100
AcDbLine
 10
116.9376809763148
 20
78.38720346680566
 30
0.0000000000003575
 11
129.9376809763146
 21
78.38720346680566
 31
0.0000000000003575
  0
ARC
  5
24F
330
1F
100
AcDbEntity
  8
默认
 62
    96
420
    32512
100
AcDbCircle
 10
129.9376809763146
 20
78.88720346680566
 30
0.0000000000003575
 40
0.499999999999995
100
AcDbArc
 50
269.9999999999968
 51
0.0000000000016284
  0
LINE
  5
250
330
1F
100
AcDbEntity
  8
默认
 62
    96
420
    32512
100
AcDbLine
 10
130.4376809763146
 20
78.88720346680566
 30
0.0000000000003575
 11
130.4376809763146
 21
91.88720346680566
 31
0.0000000000003575
  0
ARC
  5
251
330
1F
100
AcDbEntity
  8
默认
 62
    96
420
    32512
100
AcDbCircle
 10
129.9376809763146
 20
91.88720346680569
 30
0.0000000000003575
 40
0.4999999999999716
100
AcDbArc
 50
359.9999999999968
 51
90.00000000000325
  0
LINE
  5
252
330
1F
100
AcDbEntity
  8
默认
 62
    96
420
    32512
100
AcDbLine
 10
129.9376809763146
 20
92.38720346680566
 30
0.0000000000003575
 11
116.9376809763148
 21
92.38720346680566
 31
0.0000000000003575
  0
ARC
  5
253
330
1F
100
AcDbEntity
  8
默认
 62
    96
420
    32512
100
AcDbCircle
 10
116.9376809763147
 20
91.88720346680577
 30
0.0000000000003575
 40
0.4999999999998804
100
AcDbArc
 50
89.99999999998697
 51
180.0000000000147
  0
LINE
  5
254
330
1F
100
AcDbEntity
  8
默认
 62
    96
420
    32512
100
AcDbLine
 10
116.4376809763148
 20
91.88720346680566
 30
0.0000000000003575
 11
116.4376809763148
 21
78.88720346680566
 31
0.0000000000003575
  0
ARC
  5
255
330
1F
100
AcDbEntity
  8
默认
 62
    96
420
    32512
100
AcDbCircle
 10
116.9376809763147
 20
78.88720346680556
 30
0.0000000000003575
 40
0.4999999999998963
100
AcDbArc
 50
179.9999999999886
 51
270.000000000013
  0
LINE
  5
256
330
1F
100
AcDbEntity
  8
默认
 62
    96
420
    32512
100
AcDbLine
 10
126.4626809763147
 20
59.33720346680565
 30
0.0000000000003575
 11
139.4626809763147
 21
59.33720346680565
 31
0.0000000000003575
  0
ARC
  5
257
330
1F
100
AcDbEntity
  8
默认
 62
    96
420
    32512
100
AcDbCircle
 10
139.4626809763147
 20
59.83720346680565
 30
0.0000000000003575
 40
0.500000000000005
100
AcDbArc
 50
270.0000000000032
 51
0.0
  0
LINE
  5
258
330
1F
100
AcDbEntity
  8
默认
 62
    96
420
    32512
100
AcDbLine
 10
139.9626809763147
 20
59.83720346680565
 30
0.0000000000003575
 11
139.9626809763147
 21
72.8372034668057
 31
0.0000000000003575
  0
ARC
  5
259
330
1F
100
AcDbEntity
  8
默认
 62
    96
420
    32512
100
AcDbCircle
 10
139.4626809763147
 20
72.83720346680572
 30
0.0000000000003575
 40
0.5000000000000029
100
AcDbArc
 50
359.9999999999984
 51
90.0
  0
LINE
  5
25A
330
1F
100
AcDbEntity
  8
默认
 62
    96
420
    32512
100
AcDbLine
 10
139.4626809763147
 20
73.33720346680572
 30
0.0000000000003575
 11
126.4626809763147
 21
73.3372034668057
 31
0.0000000000003575
  0
ARC
  5
25B
330
1F
100
AcDbEntity
  8
默认
 62
    96
420
    32512
100
AcDbCircle
 10
126.4626809763147
 20
72.83720346680573
 30
0.0000000000003575
 40
0.4999999999999657
100
AcDbArc
 50
90.0
 51
180.0000000000049
  0
LINE
  5
25C
330
1F
100
AcDbEntity
  8
默认
 62
    96
420
    32512
100
AcDbLine
 10
125.9626809763147
 20
72.8372034668057
 30
0.0000000000003575
 11
125.9626809763147
 21
59.83720346680565
 31
0.0000000000003575
  0
ARC
  5
25D
330
1F
100
AcDbEntity
  8
默认
 62
    96
420
    32512
100
AcDbCircle
 10
126.4626809763147
 20
59.83720346680565
 30
0.0000000000003575
 40
0.5
100
AcDbArc
 50
180.0
 51
270.0
  0
LINE
  5
25E
330
1F
100
AcDbEntity
  8
默认
 62
    96
420
    32512
100
AcDbLine
 10
78.83768097631467
 20
78.38720346680566
 30
0.0000000000003575
 11
91.83768097631467
 21
78.38720346680566
 31
0.0000000000003575
  0
ARC
  5
25F
330
1F
100
AcDbEntity
  8
默认
 62
    96
420
    32512
100
AcDbCircle
 10
91.83768097631464
 20
78.88720346680572
 30
0.0000000000003575
 40
0.5000000000000577
100
AcDbArc
 50
270.0000000000032
 51
359.9999999999935
  0
LINE
  5
260
330
1F
100
AcDbEntity
  8
默认
 62
    96
420
    32512
100
AcDbLine
 10
92.3376809763147
 20
78.88720346680566
 30
0.0000000000003575
 11
92.33768097631467
 21
91.88720346680566
 31
0.0000000000003575
  0
ARC
  5
261
330
1F
100
AcDbEntity
  8
默认
 62
    96
420
    32512
100
AcDbCircle
 10
91.8376809763146
 20
91.88720346680559
 30
0.0000000000003575
 40
0.500000000000071
100
AcDbArc
 50
0.0000000000081422
 51
89.99999999999186
  0
LINE
  5
262
330
1F
100
AcDbEntity
  8
默认
 62
    96
420
    32512
100
AcDbLine
 10
91.83768097631467
 20
92.38720346680566
 30
0.0000000000003575
 11
78.83768097631467
 21
92.38720346680566
 31
0.0000000000003575
  0
ARC
  5
263
330
1F
100
AcDbEntity
  8
默认
 62
    96
420
    32512
100
AcDbCircle
 10
78.8376809763147
 20
91.88720346680563
 30
0.0000000000003575
 40
0.5000000000000355
100
AcDbArc
 50
90.00000000000325
 51
179.9999999999951
  0
LINE
  5
264
330
1F
100
AcDbEntity
  8
默认
 62
    96
420
    32512
100
AcDbLine
 10
78.33768097631467
 20
91.88720346680566
 30
0.0000000000003575
 11
78.33768097631467
 21
78.88720346680566
 31
0.0000000000003575
  0
ARC
  5
265
330
1F
100
AcDbEntity
  8
默认
 62
    96
420
    32512
100
AcDbCircle
 10
78.83768097631469
 20
78.88720346680567
 30
0.0000000000003575
 40
0.500000000000008
100
AcDbArc
 50
180.0000000000016
 51
270.0
  0
CIRCLE
  5
266
330
1F
100
AcDbEntity
  8
Mechanical 1
 62
    96
420
    32512
100
AcDbCircle
 10
281.5874789763147
 20
79.11685278680568
 30
0.0000000000003575
 40
0.0031750000000272
  0
CIRCLE
  5
267
330
1F
100
AcDbEntity
  8
默认
 62
    96
420
    32512
100
AcDbCircle
 10
259.2865054004833
 20
71.91517907119922
 30
0.0000000000003575
 40
1.0
  0
CIRCLE
  5
268
330
1F
100
AcDbEntity
  8
默认
 62
    96
420
    32512
100
AcDbCircle
 10
260.3747146969033
 20
7.384203709249171
 30
0.0000000000003575
 40
1.0
  0
LINE
  5
269
330
1F
100
AcDbEntity
  8
默认
 62
    96
420
    32512
100
AcDbLine
 10
83.60018097631472
 20
21.23720346680568
 30
0.0000000000003575
 11
96.60018097631472
 21
21.23720346680568
 31
0.0000000000003575
  0
ARC
  5
26A
330
1F
100
AcDbEntity
  8
默认
 62
    96
420
    32512
100
AcDbCircle
 10
96.60018097631465
 20
21.73720346680577
 30
0.0000000000003575
 40
0.5000000000000827
100
AcDbArc
 50
270.0000000000081
 51
359.9999999999902
  0
LINE
  5
26B
330
1F
100
AcDbEntity
  8
默认
 62
    96
420
    32512
100
AcDbLine
 10
97.10018097631473
 20
21.73720346680568
 30
0.0000000000003575
 11
97.10018097631472
 21
34.73720346680568
 31
0.0000000000003575
  0
ARC
  5
26C
330
1F
100
AcDbEntity
  8
默认
 62
    96
420
    32512
100
AcDbCircle
 10
96.60018097631463
 20
34.73720346680561
 30
0.0000000000003575
 40
0.5000000000000807
100
AcDbArc
 50
0.0000000000081422
 51
89.99999999999022
  0
LINE
  5
26D
330
1F
100
AcDbEntity
  8
默认
 62
    96
420
    32512
100
AcDbLine
 10
96.60018097631472
 20
35.23720346680569
 30
0.0000000000003575
 11
83.60018097631472
 21
35.23720346680568
 31
0.0000000000003575
  0
ARC
  5
26E
330
1F
100
AcDbEntity
  8
默认
 62
    96
420
    32512
100
AcDbCircle
 10
83.60018097631463
 20
34.73720346680577
 30
0.0000000000003575
 40
0.4999999999999172
100
AcDbArc
 50
89.99999999999022
 51
180.000000000009
  0
LINE
  5
26F
330
1F
100
AcDbEntity
  8
默认
 62
    96
420
    32512
100
AcDbLine
 10
83.10018097631472
 20
34.73720346680568
 30
0.0000000000003575
 11
83.10018097631472
 21
21.73720346680568
 31
0.0000000000003575
  0
ARC
  5
270
330
1F
100
AcDbEntity
  8
默认
 62
    96
420
    32512
100
AcDbCircle
 10
83.60018097631463
 20
21.7372034668056
 30
0.0000000000003575
 40
0.4999999999999178
100
AcDbArc
 50
179.9999999999906
 51
270.0000000000098
  0
LINE
  5
271
330
1F
100
AcDbEntity
  8
默认
 62
    96
420
    32512
100
AcDbLine
 10
31.21268097631467
 20
59.33720346680565
 30
0.0000000000003575
 11
44.21268097631467
 21
59.33720346680565
 31
0.0000000000003575
  0
ARC
  5
272
330
1F
100
AcDbEntity
  8
默认
 62
    96
420
    32512
100
AcDbCircle
 10
44.21268097631461
 20
59.83720346680569
 30
0.0000000000003575
 40
0.5000000000000375
100
AcDbArc
 50
270.0000000000073
 51
359.9999999999951
  0
LINE
  5
273
330
1F
100
AcDbEntity
  8
默认
 62
    96
420
    32512
100
AcDbLine
 10
44.71268097631464
 20
59.83720346680565
 30
0.0000000000003575
 11
44.71268097631467
 21
72.8372034668057
 31
0.0000000000003575
  0
ARC
  5
274
330
1F
100
AcDbEntity
  8
默认
 62
    96
420
    32512
100
AcDbCircle
 10
44.21268097631464
 20
72.83720346680568
 30
0.0000000000003575
 40
0.5000000000000304
100
AcDbArc
 50
0.0000000000032569
 51
89.99999999999594
  0
LINE
  5
275
330
1F
100
AcDbEntity
  8
默认
 62
    96
420
    32512
100
AcDbLine
 10
44.21268097631467
 20
73.3372034668057
 30
0.0000000000003575
 11
31.21268097631467
 21
73.3372034668057
 31
0.0000000000003575
  0
ARC
  5
276
330
1F
100
AcDbEntity
  8
默认
 62
    96
420
    32512
100
AcDbCircle
 10
31.21268097631466
 20
72.8372034668057
 30
0.0000000000003575
 40
0.4999999999999969
100
AcDbArc
 50
89.99999999999797
 51
180.0
  0
LINE
  5
277
330
1F
100
AcDbEntity
  8
默认
 62
    96
420
    32512
100
AcDbLine
 10
30.71268097631466
 20
72.8372034668057
 30
0.0000000000003575
 11
30.71268097631467
 21
59.83720346680565
 31
0.0000000000003575
  0
ARC
  5
278
330
1F
100
AcDbEntity
  8
默认
 62
    96
420
    32512
100
AcDbCircle
 10
31.21268097631469
 20
59.83720346680566
 30
0.0000000000003575
 40
0.5000000000000168
100
AcDbArc
 50
180.0000000000016
 51
269.9999999999984
  0
LINE
  5
279
330
1F
100
AcDbEntity
  8
默认
 62
    96
420
    32512
100
AcDbLine
 10
159.8001809763148
 20
21.23720346680568
 30
0.0000000000003575
 11
172.8001809763148
 21
21.23720346680568
 31
0.0000000000003575
  0
ARC
  5
27A
330
1F
100
AcDbEntity
  8
默认
 62
    96
420
    32512
100
AcDbCircle
 10
172.8001809763147
 20
21.73720346680575
 30
0.0000000000003575
 40
0.5000000000000653
100
AcDbArc
 50
270.0000000000065
 51
359.9999999999923
  0
LINE
  5
27B
330
1F
100
AcDbEntity
  8
默认
 62
    96
420
    32512
100
AcDbLine
 10
173.3001809763148
 20
21.73720346680568
 30
0.0000000000003575
 11
173.3001809763148
 21
34.73720346680568
 31
0.0000000000003575
  0
ARC
  5
27C
330
1F
100
AcDbEntity
  8
默认
 62
    96
420
    32512
100
AcDbCircle
 10
172.8001809763147
 20
34.73720346680565
 30
0.0000000000003575
 40
0.5000000000000642
100
AcDbArc
 50
0.0000000000032569
 51
89.99999999999349
  0
LINE
  5
27D
330
1F
100
AcDbEntity
  8
默认
 62
    96
420
    32512
100
AcDbLine
 10
172.8001809763148
 20
35.23720346680572
 30
0.0000000000003575
 11
159.8001809763148
 21
35.23720346680568
 31
0.0000000000003575
  0
ARC
  5
27E
330
1F
100
AcDbEntity
  8
默认
 62
    96
420
    32512
100
AcDbCircle
 10
159.8001809763148
 20
34.73720346680571
 30
0.0000000000003575
 40
0.4999999999999681
100
AcDbArc
 50
90.0
 51
180.0000000000041
  0
LINE
  5
27F
330
1F
100
AcDbEntity
  8
默认
 62
    96
420
    32512
100
AcDbLine
 10
159.3001809763148
 20
34.73720346680568
 30
0.0000000000003575
 11
159.3001809763148
 21
21.73720346680568
 31
0.0000000000003575
  0
ARC
  5
280
330
1F
100
AcDbEntity
  8
默认
 62
    96
420
    32512
100
AcDbCircle
 10
159.8001809763148
 20
21.73720346680568
 30
0.0000000000003575
 40
0.5
100
AcDbArc
 50
180.0
 51
270.0
  0
CIRCLE
  5
281
330
1F
100
AcDbEntity
  8
默认
 62
    96
420
    32512
100
AcDbCircle
 10
199.6507497489733
 20
57.46413258910916
 30
0.0000000000003575
 40
1.0
  0
LINE
  5
282
330
1F
100
AcDbEntity
  8
默认
 62
    96
420
    32512
100
AcDbLine
 10
40.73768097631454
 20
78.38720346680566
 30
0.0000000000003575
 11
53.73768097631454
 21
78.38720346680566
 31
0.0000000000003575
  0
ARC
  5
283
330
1F
100
AcDbEntity
  8
默认
 62
    96
420
    32512
100
AcDbCircle
 10
53.73768097631465
 20
78.88720346680557
 30
0.0000000000003575
 40
0.4999999999999127
100
AcDbArc
 50
269.999999999987
 51
0.0000000000097707
  0
LINE
  5
284
330
1F
100
AcDbEntity
  8
默认
 62
    96
420
    32512
100
AcDbLine
 10
54.23768097631456
 20
78.88720346680566
 30
0.0000000000003575
 11
54.23768097631454
 21
91.88720346680566
 31
0.0000000000003575
  0
ARC
  5
285
330
1F
100
AcDbEntity
  8
默认
 62
    96
420
    32512
100
AcDbCircle
 10
53.73768097631459
 20
91.88720346680572
 30
0.0000000000003575
 40
0.4999999999999361
100
AcDbArc
 50
359.9999999999935
 51
90.00000000000733
  0
LINE
  5
286
330
1F
100
AcDbEntity
  8
默认
 62
    96
420
    32512
100
AcDbLine
 10
53.73768097631454
 20
92.38720346680566
 30
0.0000000000003575
 11
40.73768097631454
 21
92.38720346680566
 31
0.0000000000003575
  0
ARC
  5
287
330
1F
100
AcDbEntity
  8
默认
 62
    96
420
    32512
100
AcDbCircle
 10
40.73768097631465
 20
91.88720346680556
 30
0.0000000000003575
 40
0.5000000000001041
100
AcDbArc
 50
90.00000000001303
 51
179.9999999999886
  0
LINE
  5
288
330
1F
100
AcDbEntity
  8
默认
 62
    96
420
    32512
100
AcDbLine
 10
40.23768097631454
 20
91.88720346680566
 30
0.0000000000003575
 11
40.23768097631454
 21
78.88720346680566
 31
0.0000000000003575
  0
ARC
  5
289
330
1F
100
AcDbEntity
  8
默认
 62
    96
420
    32512
100
AcDbCircle
 10
40.73768097631466
 20
78.88720346680579
 30
0.0000000000003575
 40
0.5000000000001212
100
AcDbArc
 50
180.0000000000147
 51
269.9999999999862
  0
LINE
  5
28A
330
1F
100
AcDbEntity
  8
默认
 62
    96
420
    32512
100
AcDbLine
 10
140.7501809763146
 20
21.23720346680568
 30
0.0000000000003575
 11
153.7501809763146
 21
21.23720346680568
 31
0.0000000000003575
  0
ARC
  5
28B
330
1F
100
AcDbEntity
  8
默认
 62
    96
420
    32512
100
AcDbCircle
 10
153.7501809763146
 20
21.73720346680568
 30
0.0000000000003575
 40
0.5
100
AcDbArc
 50
270.0
 51
0.0
  0
LINE
  5
28C
330
1F
100
AcDbEntity
  8
默认
 62
    96
420
    32512
100
AcDbLine
 10
154.2501809763146
 20
21.73720346680568
 30
0.0000000000003575
 11
154.2501809763146
 21
34.73720346680568
 31
0.0000000000003575
  0
ARC
  5
28D
330
1F
100
AcDbEntity
  8
默认
 62
    96
420
    32512
100
AcDbCircle
 10
153.7501809763147
 20
34.73720346680573
 30
0.0000000000003575
 40
0.4999999999999342
100
AcDbArc
 50
359.9999999999943
 51
90.00000000000651
  0
LINE
  5
28E
330
1F
100
AcDbEntity
  8
默认
 62
    96
420
    32512
100
AcDbLine
 10
153.7501809763146
 20
35.23720346680567
 30
0.0000000000003575
 11
140.7501809763146
 21
35.23720346680568
 31
0.0000000000003575
  0
ARC
  5
28F
330
1F
100
AcDbEntity
  8
默认
 62
    96
420
    32512
100
AcDbCircle
 10
140.7501809763146
 20
34.73720346680566
 30
0.0000000000003575
 40
0.5000000000000242
100
AcDbArc
 50
90.00000000000325
 51
179.9999999999967
  0
LINE
  5
290
330
1F
100
AcDbEntity
  8
默认
 62
    96
420
    32512
100
AcDbLine
 10
140.2501809763146
 20
34.73720346680568
 30
0.0000000000003575
 11
140.2501809763146
 21
21.73720346680568
 31
0.0000000000003575
  0
ARC
  5
291
330
1F
100
AcDbEntity
  8
默认
 62
    96
420
    32512
100
AcDbCircle
 10
140.7501809763147
 20
21.73720346680573
 30
0.0000000000003575
 40
0.5000000000000508
100
AcDbArc
 50
180.0000000000057
 51
269.9999999999935
  0
LINE
  5
292
330
1F
100
AcDbEntity
  8
默认
 62
    96
420
    32512
100
AcDbLine
 10
74.07518097631463
 20
40.28720346680564
 30
0.0000000000003575
 11
87.07518097631463
 21
40.28720346680564
 31
0.0000000000003575
  0
ARC
  5
293
330
1F
100
AcDbEntity
  8
默认
 62
    96
420
    32512
100
AcDbCircle
 10
87.07518097631464
 20
40.78720346680561
 30
0.0000000000003575
 40
0.4999999999999686
100
AcDbArc
 50
269.9999999999984
 51
0.0000000000040711
  0
LINE
  5
294
330
1F
100
AcDbEntity
  8
默认
 62
    96
420
    32512
100
AcDbLine
 10
87.57518097631461
 20
40.78720346680564
 30
0.0000000000003575
 11
87.57518097631463
 21
53.78720346680564
 31
0.0000000000003575
  0
ARC
  5
295
330
1F
100
AcDbEntity
  8
默认
 62
    96
420
    32512
100
AcDbCircle
 10
87.07518097631471
 20
53.78720346680571
 30
0.0000000000003575
 40
0.4999999999999188
100
AcDbArc
 50
359.9999999999927
 51
90.00000000000813
  0
LINE
  5
296
330
1F
100
AcDbEntity
  8
默认
 62
    96
420
    32512
100
AcDbLine
 10
87.07518097631463
 20
54.28720346680562
 30
0.0000000000003575
 11
74.07518097631463
 21
54.28720346680564
 31
0.0000000000003575
  0
ARC
  5
297
330
1F
100
AcDbEntity
  8
默认
 62
    96
420
    32512
100
AcDbCircle
 10
74.07518097631457
 20
53.78720346680569
 30
0.0000000000003575
 40
0.4999999999999361
100
AcDbArc
 50
89.99999999999186
 51
180.0000000000073
  0
LINE
  5
298
330
1F
100
AcDbEntity
  8
默认
 62
    96
420
    32512
100
AcDbLine
 10
73.57518097631463
 20
53.78720346680564
 30
0.0000000000003575
 11
73.57518097631463
 21
40.78720346680564
 31
0.0000000000003575
  0
ARC
  5
299
330
1F
100
AcDbEntity
  8
默认
 62
    96
420
    32512
100
AcDbCircle
 10
74.07518097631463
 20
40.78720346680564
 30
0.0000000000003575
 40
0.5000000000000021
100
AcDbArc
 50
180.0
 51
270.0
  0
LINE
  5
29A
330
1F
100
AcDbEntity
  8
默认
 62
    96
420
    32512
100
AcDbLine
 10
226.4751809763147
 20
40.28720346680564
 30
0.0000000000003575
 11
239.4751809763147
 21
40.28720346680564
 31
0.0000000000003575
  0
ARC
  5
29B
330
1F
100
AcDbEntity
  8
默认
 62
    96
420
    32512
100
AcDbCircle
 10
239.4751809763147
 20
40.78720346680566
 30
0.0000000000003575
 40
0.5000000000000293
100
AcDbArc
 50
270.0000000000032
 51
359.9999999999968
  0
LINE
  5
29C
330
1F
100
AcDbEntity
  8
默认
 62
    96
420
    32512
100
AcDbLine
 10
239.9751809763147
 20
40.78720346680564
 30
0.0000000000003575
 11
239.9751809763147
 21
53.78720346680564
 31
0.0000000000003575
  0
ARC
  5
29D
330
1F
100
AcDbEntity
  8
默认
 62
    96
420
    32512
100
AcDbCircle
 10
239.4751809763147
 20
53.78720346680561
 30
0.0000000000003575
 40
0.5000000000000628
100
AcDbArc
 50
0.0000000000040711
 51
89.99999999999349
  0
LINE
  5
29E
330
1F
100
AcDbEntity
  8
默认
 62
    96
420
    32512
100
AcDbLine
 10
239.4751809763147
 20
54.28720346680566
 30
0.0000000000003575
 11
226.4751809763147
 21
54.28720346680564
 31
0.0000000000003575
  0
ARC
  5
29F
330
1F
100
AcDbEntity
  8
默认
 62
    96
420
    32512
100
AcDbCircle
 10
226.4751809763146
 20
53.78720346680572
 30
0.0000000000003575
 40
0.4999999999999188
100
AcDbArc
 50
89.99999999999022
 51
180.0000000000097
  0
LINE
  5
2A0
330
1F
100
AcDbEntity
  8
默认
 62
    96
420
    32512
100
AcDbLine
 10
225.9751809763147
 20
53.78720346680564
 30
0.0000000000003575
 11
225.9751809763147
 21
40.78720346680564
 31
0.0000000000003575
  0
ARC
  5
2A1
330
1F
100
AcDbEntity
  8
默认
 62
    96
420
    32512
100
AcDbCircle
 10
226.4751809763147
 20
40.78720346680561
 30
0.0000000000003575
 40
0.4999999999999716
100
AcDbArc
 50
179.9999999999967
 51
270.0000000000032
  0
CIRCLE
  5
2A2
330
1F
100
AcDbEntity
  8
Mechanical 1
 62
    96
420
    32512
100
AcDbCircle
 10
275.2694804363148
 20
28.2368529468057
 30
0.0000000000003575
 40
0.0031749999999988
  0
CIRCLE
  5
2A3
330
1F
100
AcDbEntity
  8
默认
 62
    96
420
    32512
100
AcDbCircle
 10
260.0381554195647
 20
66.68750777835567
 30
0.0000000000003575
 40
2.499999999999943
  0
LINE
  5
2A4
330
1F
100
AcDbEntity
  8
默认
 62
    96
420
    32512
100
AcDbLine
 10
7.400180976314674
 20
59.33720346680565
 30
0.0000000000003575
 11
20.40018097631467
 21
59.33720346680565
 31
0.0000000000003575
  0
ARC
  5
2A5
330
1F
100
AcDbEntity
  8
默认
 62
    96
420
    32512
100
AcDbCircle
 10
20.40018097631464
 20
59.83720346680568
 30
0.0000000000003575
 40
0.500000000000032
100
AcDbArc
 50
270.0000000000045
 51
359.9999999999959
  0
LINE
  5
2A6
330
1F
100
AcDbEntity
  8
默认
 62
    96
420
    32512
100
AcDbLine
 10
20.90018097631467
 20
59.83720346680565
 30
0.0000000000003575
 11
20.90018097631467
 21
72.8372034668057
 31
0.0000000000003575
  0
ARC
  5
2A7
330
1F
100
AcDbEntity
  8
默认
 62
    96
420
    32512
100
AcDbCircle
 10
20.40018097631464
 20
72.83720346680569
 30
0.0000000000003575
 40
0.5000000000000289
100
AcDbArc
 50
0.0000000000016284
 51
89.99999999999675
  0
LINE
  5
2A8
330
1F
100
AcDbEntity
  8
默认
 62
    96
420
    32512
100
AcDbLine
 10
20.40018097631467
 20
73.33720346680572
 30
0.0000000000003575
 11
7.400180976314674
 21
73.3372034668057
 31
0.0000000000003575
  0
ARC
  5
2A9
330
1F
100
AcDbEntity
  8
默认
 62
    96
420
    32512
100
AcDbCircle
 10
7.400180976314678
 20
72.8372034668057
 30
0.0000000000003575
 40
0.5000000000000031
100
AcDbArc
 50
90.0000000000003
 51
180.0
  0
LINE
  5
2AA
330
1F
100
AcDbEntity
  8
默认
 62
    96
420
    32512
100
AcDbLine
 10
6.900180976314674
 20
72.8372034668057
 30
0.0000000000003575
 11
6.900180976314674
 21
59.83720346680565
 31
0.0000000000003575
  0
ARC
  5
2AB
330
1F
100
AcDbEntity
  8
默认
 62
    96
420
    32512
100
AcDbCircle
 10
7.40018097631471
 20
59.83720346680569
 30
0.0000000000003575
 40
0.5000000000000369
100
AcDbArc
 50
180.0000000000041
 51
269.9999999999957
  0
LINE
  5
2AC
330
1F
100
AcDbEntity
  8
默认
 62
    96
420
    32512
100
AcDbLine
 10
193.1376809763146
 20
78.38720346680566
 30
0.0000000000003575
 11
206.1376809763146
 21
78.38720346680566
 31
0.0000000000003575
  0
ARC
  5
2AD
330
1F
100
AcDbEntity
  8
默认
 62
    96
420
    32512
100
AcDbCircle
 10
206.1376809763148
 20
78.88720346680556
 30
0.0000000000003575
 40
0.4999999999998938
100
AcDbArc
 50
269.999999999987
 51
0.0000000000130276
  0
LINE
  5
2AE
330
1F
100
AcDbEntity
  8
默认
 62
    96
420
    32512
100
AcDbLine
 10
206.6376809763146
 20
78.88720346680566
 30
0.0000000000003575
 11
206.6376809763146
 21
91.88720346680566
 31
0.0000000000003575
  0
ARC
  5
2AF
330
1F
100
AcDbEntity
  8
默认
 62
    96
420
    32512
100
AcDbCircle
 10
206.1376809763147
 20
91.88720346680573
 30
0.0000000000003575
 40
0.4999999999999311
100
AcDbArc
 50
359.9999999999919
 51
90.00000000000978
  0
LINE
  5
2B0
330
1F
100
AcDbEntity
  8
默认
 62
    96
420
    32512
100
AcDbLine
 10
206.1376809763146
 20
92.38720346680566
 30
0.0000000000003575
 11
193.1376809763146
 21
92.38720346680566
 31
0.0000000000003575
  0
ARC
  5
2B1
330
1F
100
AcDbEntity
  8
默认
 62
    96
420
    32512
100
AcDbCircle
 10
193.1376809763146
 20
91.88720346680569
 30
0.0000000000003575
 40
0.4999999999999716
100
AcDbArc
 50
89.99999999999675
 51
180.0000000000032
  0
LINE
  5
2B2
330
1F
100
AcDbEntity
  8
默认
 62
    96
420
    32512
100
AcDbLine
 10
192.6376809763146
 20
91.88720346680566
 30
0.0000000000003575
 11
192.6376809763146
 21
78.88720346680566
 31
0.0000000000003575
  0
ARC
  5
2B3
330
1F
100
AcDbEntity
  8
默认
 62
    96
420
    32512
100
AcDbCircle
 10
193.1376809763146
 20
78.88720346680563
 30
0.0000000000003575
 40
0.4999999999999679
100
AcDbArc
 50
179.9999999999967
 51
270.0000000000032
  0
LINE
  5
2B4
330
1F
100
AcDbEntity
  8
默认
 62
    96
420
    32512
100
AcDbLine
 10
188.3751809763148
 20
40.28720346680564
 30
0.0000000000003575
 11
201.3751809763148
 21
40.28720346680564
 31
0.0000000000003575
  0
ARC
  5
2B5
330
1F
100
AcDbEntity
  8
默认
 62
    96
420
    32512
100
AcDbCircle
 10
201.3751809763148
 20
40.78720346680566
 30
0.0000000000003575
 40
0.5000000000000293
100
AcDbArc
 50
270.0000000000032
 51
359.9999999999968
  0
LINE
  5
2B6
330
1F
100
AcDbEntity
  8
默认
 62
    96
420
    32512
100
AcDbLine
 10
201.8751809763148
 20
40.78720346680564
 30
0.0000000000003575
 11
201.8751809763148
 21
53.78720346680564
 31
0.0000000000003575
  0
ARC
  5
2B7
330
1F
100
AcDbEntity
  8
默认
 62
    96
420
    32512
100
AcDbCircle
 10
201.3751809763148
 20
53.78720346680565
 30
0.0000000000003575
 40
0.5000000000000029
100
AcDbArc
 50
359.9999999999984
 51
90.0
  0
LINE
  5
2B8
330
1F
100
AcDbEntity
  8
默认
 62
    96
420
    32512
100
AcDbLine
 10
201.3751809763148
 20
54.28720346680565
 30
0.0000000000003575
 11
188.3751809763148
 21
54.28720346680564
 31
0.0000000000003575
  0
ARC
  5
2B9
330
1F
100
AcDbEntity
  8
默认
 62
    96
420
    32512
100
AcDbCircle
 10
188.3751809763147
 20
53.78720346680581
 30
0.0000000000003575
 40
0.4999999999998344
100
AcDbArc
 50
89.99999999998046
 51
180.0000000000196
  0
LINE
  5
2BA
330
1F
100
AcDbEntity
  8
默认
 62
    96
420
    32512
100
AcDbLine
 10
187.8751809763148
 20
53.78720346680564
 30
0.0000000000003575
 11
187.8751809763148
 21
40.78720346680564
 31
0.0000000000003575
  0
ARC
  5
2BB
330
1F
100
AcDbEntity
  8
默认
 62
    96
420
    32512
100
AcDbCircle
 10
188.3751809763147
 20
40.78720346680556
 30
0.0000000000003575
 40
0.4999999999999247
100
AcDbArc
 50
179.999999999991
 51
270.0000000000065
  0
LINE
  5
2BC
330
1F
100
AcDbEntity
  8
默认
 62
    96
420
    32512
100
AcDbLine
 10
2.637680976314629
 20
78.38720346680566
 30
0.0000000000003575
 11
15.63768097631463
 21
78.38720346680566
 31
0.0000000000003575
  0
ARC
  5
2BD
330
1F
100
AcDbEntity
  8
默认
 62
    96
420
    32512
100
AcDbCircle
 10
15.63768097631471
 20
78.88720346680557
 30
0.0000000000003575
 40
0.4999999999999204
100
AcDbArc
 50
269.99999999999
 51
0.0000000000097707
  0
LINE
  5
2BE
330
1F
100
AcDbEntity
  8
默认
 62
    96
420
    32512
100
AcDbLine
 10
16.13768097631463
 20
78.88720346680566
 30
0.0000000000003575
 11
16.13768097631463
 21
91.88720346680566
 31
0.0000000000003575
  0
ARC
  5
2BF
330
1F
100
AcDbEntity
  8
默认
 62
    96
420
    32512
100
AcDbCircle
 10
15.63768097631472
 20
91.88720346680574
 30
0.0000000000003575
 40
0.4999999999999097
100
AcDbArc
 50
359.9999999999902
 51
90.00000000001037
  0
LINE
  5
2C0
330
1F
100
AcDbEntity
  8
默认
 62
    96
420
    32512
100
AcDbLine
 10
15.63768097631463
 20
92.38720346680566
 30
0.0000000000003575
 11
2.637680976314629
 21
92.38720346680566
 31
0.0000000000003575
  0
ARC
  5
2C1
330
1F
100
AcDbEntity
  8
默认
 62
    96
420
    32512
100
AcDbCircle
 10
2.637680976314547
 20
91.88720346680574
 30
0.0000000000003575
 40
0.4999999999999212
100
AcDbArc
 50
89.99999999999059
 51
180.0000000000082
  0
LINE
  5
2C2
330
1F
100
AcDbEntity
  8
默认
 62
    96
420
    32512
100
AcDbLine
 10
2.137680976314625
 20
91.88720346680566
 30
0.0000000000003575
 11
2.137680976314629
 21
78.88720346680566
 31
0.0000000000003575
  0
ARC
  5
2C3
330
1F
100
AcDbEntity
  8
默认
 62
    96
420
    32512
100
AcDbCircle
 10
2.637680976314586
 20
78.88720346680562
 30
0.0000000000003575
 40
0.4999999999999578
100
AcDbArc
 50
179.9999999999951
 51
270.0000000000048
  0
LINE
  5
2C4
330
1F
100
AcDbEntity
  8
默认
 62
    96
420
    32512
100
AcDbLine
 10
45.50018097631481
 20
21.23720346680568
 30
0.0000000000003575
 11
58.50018097631481
 21
21.23720346680568
 31
0.0000000000003575
  0
ARC
  5
2C5
330
1F
100
AcDbEntity
  8
默认
 62
    96
420
    32512
100
AcDbCircle
 10
58.50018097631478
 20
21.73720346680572
 30
0.0000000000003575
 40
0.5000000000000355
100
AcDbArc
 50
270.0000000000041
 51
359.9999999999959
  0
LINE
  5
2C6
330
1F
100
AcDbEntity
  8
默认
 62
    96
420
    32512
100
AcDbLine
 10
59.00018097631481
 20
21.73720346680568
 30
0.0000000000003575
 11
59.00018097631481
 21
34.73720346680568
 31
0.0000000000003575
  0
ARC
  5
2C7
330
1F
100
AcDbEntity
  8
默认
 62
    96
420
    32512
100
AcDbCircle
 10
58.50018097631482
 20
34.7372034668057
 30
0.0000000000003575
 40
0.4999999999999857
100
AcDbArc
 50
359.9999999999984
 51
90.00000000000162
  0
LINE
  5
2C8
330
1F
100
AcDbEntity
  8
默认
 62
    96
420
    32512
100
AcDbLine
 10
58.50018097631481
 20
35.23720346680568
 30
0.0000000000003575
 11
45.50018097631481
 21
35.23720346680568
 31
0.0000000000003575
  0
ARC
  5
2C9
330
1F
100
AcDbEntity
  8
默认
 62
    96
420
    32512
100
AcDbCircle
 10
45.50018097631468
 20
34.73720346680582
 30
0.0000000000003575
 40
0.4999999999998574
100
AcDbArc
 50
89.99999999998535
 51
180.0000000000163
  0
LINE
  5
2CA
330
1F
100
AcDbEntity
  8
默认
 62
    96
420
    32512
100
AcDbLine
 10
45.00018097631482
 20
34.73720346680568
 30
0.0000000000003575
 11
45.00018097631481
 21
21.73720346680568
 31
0.0000000000003575
  0
ARC
  5
2CB
330
1F
100
AcDbEntity
  8
默认
 62
    96
420
    32512
100
AcDbCircle
 10
45.5001809763147
 20
21.73720346680557
 30
0.0000000000003575
 40
0.4999999999998903
100
AcDbArc
 50
179.9999999999874
 51
270.000000000013
  0
LINE
  5
2CC
330
1F
100
AcDbEntity
  8
默认
 62
    96
420
    32512
100
AcDbLine
 10
231.2376809763148
 20
78.38720346680566
 30
0.0000000000003575
 11
244.2376809763148
 21
78.38720346680566
 31
0.0000000000003575
  0
ARC
  5
2CD
330
1F
100
AcDbEntity
  8
默认
 62
    96
420
    32512
100
AcDbCircle
 10
244.2376809763147
 20
78.88720346680574
 30
0.0000000000003575
 40
0.5000000000000869
100
AcDbArc
 50
270.0000000000032
 51
359.9999999999902
  0
LINE
  5
2CE
330
1F
100
AcDbEntity
  8
默认
 62
    96
420
    32512
100
AcDbLine
 10
244.7376809763148
 20
78.88720346680566
 30
0.0000000000003575
 11
244.7376809763148
 21
91.88720346680566
 31
0.0000000000003575
  0
ARC
  5
2CF
330
1F
100
AcDbEntity
  8
默认
 62
    96
420
    32512
100
AcDbCircle
 10
244.2376809763147
 20
91.88720346680554
 30
0.0000000000003575
 40
0.5000000000000941
100
AcDbArc
 50
0.0000000000130276
 51
89.99999999999022
  0
LINE
  5
2D0
330
1F
100
AcDbEntity
  8
默认
 62
    96
420
    32512
100
AcDbLine
 10
244.2376809763148
 20
92.38720346680564
 30
0.0000000000003575
 11
231.2376809763148
 21
92.38720346680566
 31
0.0000000000003575
  0
ARC
  5
2D1
330
1F
100
AcDbEntity
  8
默认
 62
    96
420
    32512
100
AcDbCircle
 10
231.2376809763147
 20
91.88720346680572
 30
0.0000000000003575
 40
0.4999999999999424
100
AcDbArc
 50
89.99999999999349
 51
180.0000000000065
  0
LINE
  5
2D2
330
1F
100
AcDbEntity
  8
默认
 62
    96
420
    32512
100
AcDbLine
 10
230.7376809763148
 20
91.88720346680566
 30
0.0000000000003575
 11
230.7376809763148
 21
78.88720346680566
 31
0.0000000000003575
  0
ARC
  5
2D3
330
1F
100
AcDbEntity
  8
默认
 62
    96
420
    32512
100
AcDbCircle
 10
231.2376809763147
 20
78.88720346680563
 30
0.0000000000003575
 40
0.4999999999999757
100
AcDbArc
 50
179.9999999999967
 51
270.0000000000032
  0
LINE
  5
2D4
330
1F
100
AcDbEntity
  8
默认
 62
    96
420
    32512
100
AcDbLine
 10
55.02518097631467
 20
40.28720346680564
 30
0.0000000000003575
 11
68.02518097631467
 21
40.28720346680564
 31
0.0000000000003575
  0
ARC
  5
2D5
330
1F
100
AcDbEntity
  8
默认
 62
    96
420
    32512
100
AcDbCircle
 10
68.02518097631462
 20
40.78720346680569
 30
0.0000000000003575
 40
0.5000000000000497
100
AcDbArc
 50
270.0000000000049
 51
359.9999999999943
  0
LINE
  5
2D6
330
1F
100
AcDbEntity
  8
默认
 62
    96
420
    32512
100
AcDbLine
 10
68.52518097631467
 20
40.78720346680564
 30
0.0000000000003575
 11
68.52518097631467
 21
53.78720346680564
 31
0.0000000000003575
  0
ARC
  5
2D7
330
1F
100
AcDbEntity
  8
默认
 62
    96
420
    32512
100
AcDbCircle
 10
68.0251809763147
 20
53.78720346680565
 30
0.0000000000003575
 40
0.4999999999999686
100
AcDbArc
 50
359.9999999999984
 51
90.00000000000325
  0
LINE
  5
2D8
330
1F
100
AcDbEntity
  8
默认
 62
    96
420
    32512
100
AcDbLine
 10
68.02518097631467
 20
54.28720346680562
 30
0.0000000000003575
 11
55.02518097631467
 21
54.28720346680564
 31
0.0000000000003575
  0
ARC
  5
2D9
330
1F
100
AcDbEntity
  8
默认
 62
    96
420
    32512
100
AcDbCircle
 10
55.02518097631463
 20
53.78720346680569
 30
0.0000000000003575
 40
0.4999999999999453
100
AcDbArc
 50
89.99999999999511
 51
180.0000000000057
  0
LINE
  5
2DA
330
1F
100
AcDbEntity
  8
默认
 62
    96
420
    32512
100
AcDbLine
 10
54.52518097631469
 20
53.78720346680564
 30
0.0000000000003575
 11
54.52518097631467
 21
40.78720346680564
 31
0.0000000000003575
  0
ARC
  5
2DB
330
1F
100
AcDbEntity
  8
默认
 62
    96
420
    32512
100
AcDbCircle
 10
55.0251809763147
 20
40.78720346680566
 30
0.0000000000003575
 40
0.5000000000000355
100
AcDbArc
 50
180.0000000000041
 51
269.9999999999959
  0
ARC
  5
2DC
330
1F
100
AcDbEntity
  8
默认
 62
    96
420
    32512
100
AcDbCircle
 10
5.033190373974245
 20
40.78720346680558
 30
0.0000000000003575
 40
0.4999999999999361
100
AcDbArc
 50
179.9999999999927
 51
270.0000000000073
  0
LINE
  5
2DD
330
1F
100
AcDbEntity
  8
默认
 62
    96
420
    32512
100
AcDbLine
 10
5.033190373974309
 20
40.28720346680564
 30
0.0000000000003575
 11
22.79569037397435
 21
40.28720346680564
 31
0.0000000000003575
  0
ARC
  5
2DE
330
1F
100
AcDbEntity
  8
默认
 62
    96
420
    32512
100
AcDbCircle
 10
22.79569037397429
 20
40.78720346680572
 30
0.0000000000003575
 40
0.500000000000079
100
AcDbArc
 50
270.0000000000073
 51
359.999999999991
  0
LINE
  5
2DF
330
1F
100
AcDbEntity
  8
默认
 62
    96
420
    32512
100
AcDbLine
 10
23.29569037397437
 20
40.78720346680564
 30
0.0000000000003575
 11
23.29569037397435
 21
53.78720346680564
 31
0.0000000000003575
  0
ARC
  5
2E0
330
1F
100
AcDbEntity
  8
默认
 62
    96
420
    32512
100
AcDbCircle
 10
22.79569037397423
 20
53.78720346680552
 30
0.0000000000003575
 40
0.5000000000001191
100
AcDbArc
 50
0.0000000000138418
 51
89.99999999998656
  0
LINE
  5
2E1
330
1F
100
AcDbEntity
  8
默认
 62
    96
420
    32512
100
AcDbLine
 10
22.79569037397435
 20
54.28720346680564
 30
0.0000000000003575
 11
5.033190373974309
 21
54.28720346680564
 31
0.0000000000003575
  0
ARC
  5
2E2
330
1F
100
AcDbEntity
  8
默认
 62
    96
420
    32512
100
AcDbCircle
 10
5.033190373974231
 20
53.78720346680572
 30
0.0000000000003575
 40
0.499999999999921
100
AcDbArc
 50
89.99999999999093
 51
180.000000000009
  0
LINE
  5
2E3
330
1F
100
AcDbEntity
  8
默认
 62
    96
420
    32512
100
AcDbLine
 10
4.533190373974309
 20
53.78720346680564
 30
0.0000000000003575
 11
4.533190373974309
 21
40.78720346680564
 31
0.0000000000003575
  0
LINE
  5
2E4
330
1F
100
AcDbEntity
  8
默认
 62
    96
420
    32512
100
AcDbLine
 10
93.12518097631481
 20
40.28720346680564
 30
0.0000000000003575
 11
106.1251809763148
 21
40.28720346680564
 31
0.0000000000003575
  0
ARC
  5
2E5
330
1F
100
AcDbEntity
  8
默认
 62
    96
420
    32512
100
AcDbCircle
 10
106.1251809763148
 20
40.78720346680566
 30
0.0000000000003575
 40
0.5000000000000355
100
AcDbArc
 50
270.0000000000032
 51
359.9999999999959
  0
LINE
  5
2E6
330
1F
100
AcDbEntity
  8
默认
 62
    96
420
    32512
100
AcDbLine
 10
106.6251809763148
 20
40.78720346680564
 30
0.0000000000003575
 11
106.6251809763148
 21
53.78720346680564
 31
0.0000000000003575
  0
ARC
  5
2E7
330
1F
100
AcDbEntity
  8
默认
 62
    96
420
    32512
100
AcDbCircle
 10
106.1251809763148
 20
53.78720346680562
 30
0.0000000000003575
 40
0.5000000000000313
100
AcDbArc
 50
0.0000000000016284
 51
89.99999999999675
  0
LINE
  5
2E8
330
1F
100
AcDbEntity
  8
默认
 62
    96
420
    32512
100
AcDbLine
 10
106.1251809763148
 20
54.28720346680565
 30
0.0000000000003575
 11
93.12518097631481
 21
54.28720346680564
 31
0.0000000000003575
  0
ARC
  5
2E9
330
1F
100
AcDbEntity
  8
默认
 62
    96
420
    32512
100
AcDbCircle
 10
93.12518097631468
 20
53.78720346680575
 30
0.0000000000003575
 40
0.4999999999998813
100
AcDbArc
 50
89.99999999998535
 51
180.000000000013
  0
LINE
  5
2EA
330
1F
100
AcDbEntity
  8
默认
 62
    96
420
    32512
100
AcDbLine
 10
92.6251809763148
 20
53.78720346680564
 30
0.0000000000003575
 11
92.62518097631481
 21
40.78720346680564
 31
0.0000000000003575
  0
ARC
  5
2EB
330
1F
100
AcDbEntity
  8
默认
 62
    96
420
    32512
100
AcDbCircle
 10
93.12518097631474
 20
40.78720346680556
 30
0.0000000000003575
 40
0.4999999999999247
100
AcDbArc
 50
179.999999999991
 51
270.0000000000098
  0
CIRCLE
  5
2EC
330
1F
100
AcDbEntity
  8
默认
 62
    96
420
    32512
100
AcDbCircle
 10
142.4962717200233
 20
75.22718313520919
 30
0.0000000000003575
 40
0.9999999999999716
  0
LINE
  5
2ED
330
1F
100
AcDbEntity
  8
默认
 62
    96
420
    32512
100
AcDbLine
 10
174.0876809763147
 20
78.38720346680566
 30
0.0000000000003575
 11
187.0876809763147
 21
78.38720346680566
 31
0.0000000000003575
  0
ARC
  5
2EE
330
1F
100
AcDbEntity
  8
默认
 62
    96
420
    32512
100
AcDbCircle
 10
187.0876809763147
 20
78.88720346680563
 30
0.0000000000003575
 40
0.4999999999999716
100
AcDbArc
 50
269.9999999999968
 51
0.0000000000032569
  0
LINE
  5
2EF
330
1F
100
AcDbEntity
  8
默认
 62
    96
420
    32512
100
AcDbLine
 10
187.5876809763147
 20
78.88720346680566
 30
0.0000000000003575
 11
187.5876809763147
 21
91.88720346680566
 31
0.0000000000003575
  0
ARC
  5
2F0
330
1F
100
AcDbEntity
  8
默认
 62
    96
420
    32512
100
AcDbCircle
 10
187.0876809763147
 20
91.8872034668057
 30
0.0000000000003575
 40
0.4999999999999402
100
AcDbArc
 50
359.9999999999951
 51
90.00000000000651
  0
LINE
  5
2F1
330
1F
100
AcDbEntity
  8
默认
 62
    96
420
    32512
100
AcDbLine
 10
187.0876809763147
 20
92.38720346680564
 30
0.0000000000003575
 11
174.0876809763147
 21
92.38720346680566
 31
0.0000000000003575
  0
ARC
  5
2F2
330
1F
100
AcDbEntity
  8
默认
 62
    96
420
    32512
100
AcDbCircle
 10
174.0876809763147
 20
91.88720346680569
 30
0.0000000000003575
 40
0.4999999999999716
100
AcDbArc
 50
89.99999999999675
 51
180.0000000000032
  0
LINE
  5
2F3
330
1F
100
AcDbEntity
  8
默认
 62
    96
420
    32512
100
AcDbLine
 10
173.5876809763147
 20
91.88720346680566
 30
0.0000000000003575
 11
173.5876809763147
 21
78.88720346680566
 31
0.0000000000003575
  0
ARC
  5
2F4
330
1F
100
AcDbEntity
  8
默认
 62
    96
420
    32512
100
AcDbCircle
 10
174.0876809763147
 20
78.88720346680566
 30
0.0000000000003575
 40
0.4999999999999958
100
AcDbArc
 50
180.0
 51
270.0
  0
LINE
  5
2F5
330
1F
100
AcDbEntity
  8
默认
 62
    96
420
    32512
100
AcDbLine
 10
155.0376809763147
 20
78.38720346680566
 30
0.0000000000003575
 11
168.0376809763147
 21
78.38720346680566
 31
0.0000000000003575
  0
ARC
  5
2F6
330
1F
100
AcDbEntity
  8
默认
 62
    96
420
    32512
100
AcDbCircle
 10
168.0376809763147
 20
78.88720346680564
 30
0.0000000000003575
 40
0.4999999999999899
100
AcDbArc
 50
270.0
 51
0.0
  0
LINE
  5
2F7
330
1F
100
AcDbEntity
  8
默认
 62
    96
420
    32512
100
AcDbLine
 10
168.5376809763147
 20
78.88720346680566
 30
0.0000000000003575
 11
168.5376809763147
 21
91.88720346680566
 31
0.0000000000003575
  0
ARC
  5
2F8
330
1F
100
AcDbEntity
  8
默认
 62
    96
420
    32512
100
AcDbCircle
 10
168.0376809763147
 20
91.88720346680562
 30
0.0000000000003575
 40
0.5000000000000405
100
AcDbArc
 50
0.0000000000048853
 51
89.99999999999349
  0
LINE
  5
2F9
330
1F
100
AcDbEntity
  8
默认
 62
    96
420
    32512
100
AcDbLine
 10
168.0376809763147
 20
92.38720346680566
 30
0.0000000000003575
 11
155.0376809763147
 21
92.38720346680566
 31
0.0000000000003575
  0
ARC
  5
2FA
330
1F
100
AcDbEntity
  8
默认
 62
    96
420
    32512
100
AcDbCircle
 10
155.0376809763148
 20
91.88720346680563
 30
0.0000000000003575
 40
0.5000000000000293
100
AcDbArc
 50
90.00000000000325
 51
179.9999999999967
  0
LINE
  5
2FB
330
1F
100
AcDbEntity
  8
默认
 62
    96
420
    32512
100
AcDbLine
 10
154.5376809763147
 20
91.88720346680566
 30
0.0000000000003575
 11
154.5376809763147
 21
78.88720346680566
 31
0.0000000000003575
  0
ARC
  5
2FC
330
1F
100
AcDbEntity
  8
默认
 62
    96
420
    32512
100
AcDbCircle
 10
155.0376809763147
 20
78.88720346680563
 30
0.0000000000003575
 40
0.4999999999999716
100
AcDbArc
 50
179.9999999999967
 51
270.0000000000032
  0
CIRCLE
  5
2FD
330
1F
100
AcDbEntity
  8
默认
 62
    96
420
    32512
100
AcDbCircle
 10
25.18800941776453
 20
66.68610282535543
 30
0.0000000000003575
 40
2.499999999999993
  0
CIRCLE
  5
2FE
330
1F
100
AcDbEntity
  8
Mechanical 1
 62
    96
420
    32512
100
AcDbCircle
 10
281.0874799763146
 20
78.61685378680568
 30
0.0000000000003575
 40
0.0031749999999988
  0
CIRCLE
  5
2FF
330
1F
100
AcDbEntity
  8
Mechanical 1
 62
    96
420
    32512
100
AcDbCircle
 10
279.8624811563147
 20
77.9166545268057
 30
0.0000000000003575
 40
0.0031749999999988
  0
LINE
  5
300
330
1F
100
AcDbEntity
  8
默认
 62
    96
420
    32512
100
AcDbLine
 10
69.31268097631481
 20
59.33720346680565
 30
0.0000000000003575
 11
82.31268097631481
 21
59.33720346680565
 31
0.0000000000003575
  0
ARC
  5
301
330
1F
100
AcDbEntity
  8
默认
 62
    96
420
    32512
100
AcDbCircle
 10
82.3126809763148
 20
59.83720346680568
 30
0.0000000000003575
 40
0.5000000000000313
100
AcDbArc
 50
270.0000000000016
 51
359.9999999999959
  0
LINE
  5
302
330
1F
100
AcDbEntity
  8
默认
 62
    96
420
    32512
100
AcDbLine
 10
82.81268097631482
 20
59.83720346680565
 30
0.0000000000003575
 11
82.81268097631481
 21
72.8372034668057
 31
0.0000000000003575
  0
ARC
  5
303
330
1F
100
AcDbEntity
  8
默认
 62
    96
420
    32512
100
AcDbCircle
 10
82.31268097631481
 20
72.83720346680569
 30
0.0000000000003575
 40
0.5000000000000041
100
AcDbArc
 50
0.0000000000016284
 51
89.99999999999837
  0
LINE
  5
304
330
1F
100
AcDbEntity
  8
默认
 62
    96
420
    32512
100
AcDbLine
 10
82.31268097631481
 20
73.33720346680569
 30
0.0000000000003575
 11
69.31268097631481
 21
73.3372034668057
 31
0.0000000000003575
  0
ARC
  5
305
330
1F
100
AcDbEntity
  8
默认
 62
    96
420
    32512
100
AcDbCircle
 10
69.3126809763147
 20
72.83720346680582
 30
0.0000000000003575
 40
0.4999999999998864
100
AcDbArc
 50
89.99999999998697
 51
180.000000000013
  0
LINE
  5
306
330
1F
100
AcDbEntity
  8
默认
 62
    96
420
    32512
100
AcDbLine
 10
68.81268097631481
 20
72.8372034668057
 30
0.0000000000003575
 11
68.81268097631481
 21
59.83720346680565
 31
0.0000000000003575
  0
ARC
  5
307
330
1F
100
AcDbEntity
  8
默认
 62
    96
420
    32512
100
AcDbCircle
 10
69.31268097631472
 20
59.83720346680556
 30
0.0000000000003575
 40
0.4999999999999106
100
AcDbArc
 50
179.9999999999894
 51
270.0000000000114
  0
LINE
  5
308
330
1F
100
AcDbEntity
  8
默认
 62
    96
420
    32512
100
AcDbLine
 10
102.6501809763147
 20
21.23720346680568
 30
0.0000000000003575
 11
115.6501809763147
 21
21.23720346680568
 31
0.0000000000003575
  0
ARC
  5
309
330
1F
100
AcDbEntity
  8
默认
 62
    96
420
    32512
100
AcDbCircle
 10
115.6501809763146
 20
21.73720346680575
 30
0.0000000000003575
 40
0.5000000000000653
100
AcDbArc
 50
270.0000000000081
 51
359.9999999999923
  0
LINE
  5
30A
330
1F
100
AcDbEntity
  8
默认
 62
    96
420
    32512
100
AcDbLine
 10
116.1501809763147
 20
21.73720346680568
 30
0.0000000000003575
 11
116.1501809763147
 21
34.73720346680568
 31
0.0000000000003575
  0
ARC
  5
30B
330
1F
100
AcDbEntity
  8
默认
 62
    96
420
    32512
100
AcDbCircle
 10
115.6501809763146
 20
34.73720346680562
 30
0.0000000000003575
 40
0.5000000000000706
100
AcDbArc
 50
0.000000000007328
 51
89.99999999999186
  0
LINE
  5
30C
330
1F
100
AcDbEntity
  8
默认
 62
    96
420
    32512
100
AcDbLine
 10
115.6501809763147
 20
35.23720346680569
 30
0.0000000000003575
 11
102.6501809763147
 21
35.23720346680568
 31
0.0000000000003575
  0
ARC
  5
30D
330
1F
100
AcDbEntity
  8
默认
 62
    96
420
    32512
100
AcDbCircle
 10
102.6501809763147
 20
34.73720346680567
 30
0.0000000000003575
 40
0.5000000000000051
100
AcDbArc
 50
90.0
 51
180.0
  0
LINE
  5
30E
330
1F
100
AcDbEntity
  8
默认
 62
    96
420
    32512
100
AcDbLine
 10
102.1501809763147
 20
34.73720346680568
 30
0.0000000000003575
 11
102.1501809763147
 21
21.73720346680568
 31
0.0000000000003575
  0
ARC
  5
30F
330
1F
100
AcDbEntity
  8
默认
 62
    96
420
    32512
100
AcDbCircle
 10
102.6501809763147
 20
21.7372034668057
 30
0.0000000000003575
 40
0.5000000000000233
100
AcDbArc
 50
180.0000000000028
 51
269.9999999999984
  0
LINE
  5
310
330
1F
100
AcDbEntity
  8
默认
 62
    96
420
    32512
100
AcDbLine
 10
21.6876809763147
 20
78.38720346680566
 30
0.0000000000003575
 11
34.68768097631481
 21
78.38720346680566
 31
0.0000000000003575
  0
ARC
  5
311
330
1F
100
AcDbEntity
  8
默认
 62
    96
420
    32512
100
AcDbCircle
 10
34.68768097631478
 20
78.88720346680567
 30
0.0000000000003575
 40
0.5000000000000178
100
AcDbArc
 50
270.0000000000032
 51
359.9999999999984
  0
LINE
  5
312
330
1F
100
AcDbEntity
  8
默认
 62
    96
420
    32512
100
AcDbLine
 10
35.1876809763148
 20
78.88720346680566
 30
0.0000000000003575
 11
35.18768097631481
 21
91.88720346680566
 31
0.0000000000003575
  0
ARC
  5
313
330
1F
100
AcDbEntity
  8
默认
 62
    96
420
    32512
100
AcDbCircle
 10
34.68768097631474
 20
91.88720346680562
 30
0.0000000000003575
 40
0.5000000000000739
100
AcDbArc
 50
0.0000000000048853
 51
89.99999999999105
  0
LINE
  5
314
330
1F
100
AcDbEntity
  8
默认
 62
    96
420
    32512
100
AcDbLine
 10
34.68768097631481
 20
92.38720346680569
 30
0.0000000000003575
 11
21.6876809763147
 21
92.38720346680566
 31
0.0000000000003575
  0
ARC
  5
315
330
1F
100
AcDbEntity
  8
默认
 62
    96
420
    32512
100
AcDbCircle
 10
21.68768097631465
 20
91.8872034668057
 30
0.0000000000003575
 40
0.4999999999999564
100
AcDbArc
 50
89.99999999999511
 51
180.0000000000049
  0
LINE
  5
316
330
1F
100
AcDbEntity
  8
默认
 62
    96
420
    32512
100
AcDbLine
 10
21.1876809763147
 20
91.88720346680566
 30
0.0000000000003575
 11
21.1876809763147
 21
78.88720346680566
 31
0.0000000000003575
  0
ARC
  5
317
330
1F
100
AcDbEntity
  8
默认
 62
    96
420
    32512
100
AcDbCircle
 10
21.68768097631462
 20
78.88720346680559
 30
0.0000000000003575
 40
0.4999999999999311
100
AcDbArc
 50
179.9999999999919
 51
270.0000000000081
  0
CIRCLE
  5
318
330
1F
100
AcDbEntity
  8
默认
 62
    96
420
    32512
100
AcDbCircle
 10
66.30047796843336
 20
57.46413258910917
 30
0.0000000000003575
 40
1.0
  0
LINE
  5
319
330
1F
100
AcDbEntity
  8
默认
 62
    96
420
    32512
100
AcDbLine
 10
240.7626809763146
 20
59.33720346680565
 30
0.0000000000003575
 11
253.7626809763146
 21
59.33720346680565
 31
0.0000000000003575
  0
ARC
  5
31A
330
1F
100
AcDbEntity
  8
默认
 62
    96
420
    32512
100
AcDbCircle
 10
253.7626809763147
 20
59.83720346680559
 30
0.0000000000003575
 40
0.4999999999999464
100
AcDbArc
 50
269.9999999999935
 51
0.0000000000056996
  0
LINE
  5
31B
330
1F
100
AcDbEntity
  8
默认
 62
    96
420
    32512
100
AcDbLine
 10
254.2626809763146
 20
59.83720346680565
 30
0.0000000000003575
 11
254.2626809763146
 21
72.8372034668057
 31
0.0000000000003575
  0
ARC
  5
31C
330
1F
100
AcDbEntity
  8
默认
 62
    96
420
    32512
100
AcDbCircle
 10
253.7626809763148
 20
72.83720346680582
 30
0.0000000000003575
 40
0.4999999999999014
100
AcDbArc
 50
359.999999999987
 51
90.00000000000978
  0
LINE
  5
31D
330
1F
100
AcDbEntity
  8
默认
 62
    96
420
    32512
100
AcDbLine
 10
253.7626809763146
 20
73.33720346680572
 30
0.0000000000003575
 11
240.7626809763146
 21
73.3372034668057
 31
0.0000000000003575
  0
ARC
  5
31E
330
1F
100
AcDbEntity
  8
默认
 62
    96
420
    32512
100
AcDbCircle
 10
240.7626809763147
 20
72.83720346680565
 30
0.0000000000003575
 40
0.5000000000000576
100
AcDbArc
 50
90.00000000000651
 51
179.9999999999935
  0
LINE
  5
31F
330
1F
100
AcDbEntity
  8
默认
 62
    96
420
    32512
100
AcDbLine
 10
240.2626809763146
 20
72.8372034668057
 30
0.0000000000003575
 11
240.2626809763146
 21
59.83720346680565
 31
0.0000000000003575
  0
ARC
  5
320
330
1F
100
AcDbEntity
  8
默认
 62
    96
420
    32512
100
AcDbCircle
 10
240.7626809763147
 20
59.8372034668057
 30
0.0000000000003575
 40
0.5000000000000631
100
AcDbArc
 50
180.0000000000073
 51
269.9999999999935
  0
LINE
  5
321
330
1F
100
AcDbEntity
  8
默认
 62
    96
420
    32512
100
AcDbLine
 10
164.5626809763148
 20
59.33720346680565
 30
0.0000000000003575
 11
177.5626809763148
 21
59.33720346680565
 31
0.0000000000003575
  0
ARC
  5
322
330
1F
100
AcDbEntity
  8
默认
 62
    96
420
    32512
100
AcDbCircle
 10
177.5626809763146
 20
59.8372034668059
 30
0.0000000000003575
 40
0.5000000000002567
100
AcDbArc
 50
270.000000000026
 51
359.9999999999707
  0
LINE
  5
323
330
1F
100
AcDbEntity
  8
默认
 62
    96
420
    32512
100
AcDbLine
 10
178.0626809763149
 20
59.83720346680565
 30
0.0000000000003575
 11
178.0626809763148
 21
72.8372034668057
 31
0.0000000000003575
  0
ARC
  5
324
330
1F
100
AcDbEntity
  8
默认
 62
    96
420
    32512
100
AcDbCircle
 10
177.5626809763147
 20
72.83720346680552
 30
0.0000000000003575
 40
0.5000000000001676
100
AcDbArc
 50
0.0000000000211698
 51
89.99999999998046
  0
LINE
  5
325
330
1F
100
AcDbEntity
  8
默认
 62
    96
420
    32512
100
AcDbLine
 10
177.5626809763148
 20
73.33720346680569
 30
0.0000000000003575
 11
164.5626809763148
 21
73.3372034668057
 31
0.0000000000003575
  0
ARC
  5
326
330
1F
100
AcDbEntity
  8
默认
 62
    96
420
    32512
100
AcDbCircle
 10
164.5626809763147
 20
72.83720346680587
 30
0.0000000000003575
 40
0.4999999999998244
100
AcDbArc
 50
89.99999999998046
 51
180.0000000000212
  0
LINE
  5
327
330
1F
100
AcDbEntity
  8
默认
 62
    96
420
    32512
100
AcDbLine
 10
164.0626809763148
 20
72.8372034668057
 30
0.0000000000003575
 11
164.0626809763148
 21
59.83720346680565
 31
0.0000000000003575
  0
ARC
  5
328
330
1F
100
AcDbEntity
  8
默认
 62
    96
420
    32512
100
AcDbCircle
 10
164.5626809763148
 20
59.83720346680559
 30
0.0000000000003575
 40
0.4999999999999448
100
AcDbArc
 50
179.9999999999935
 51
270.0000000000065
  0
LINE
  5
329
330
1F
100
AcDbEntity
  8
默认
 62
    96
420
    32512
100
AcDbLine
 10
97.88768097631463
 20
78.38720346680566
 30
0.0000000000003575
 11
110.8876809763146
 21
78.38720346680566
 31
0.0000000000003575
  0
ARC
  5
32A
330
1F
100
AcDbEntity
  8
默认
 62
    96
420
    32512
100
AcDbCircle
 10
110.8876809763147
 20
78.88720346680562
 30
0.0000000000003575
 40
0.4999999999999544
100
AcDbArc
 50
269.9999999999968
 51
0.0000000000048853
  0
LINE
  5
32B
330
1F
100
AcDbEntity
  8
默认
 62
    96
420
    32512
100
AcDbLine
 10
111.3876809763146
 20
78.88720346680566
 30
0.0000000000003575
 11
111.3876809763146
 21
91.88720346680566
 31
0.0000000000003575
  0
ARC
  5
32C
330
1F
100
AcDbEntity
  8
默认
 62
    96
420
    32512
100
AcDbCircle
 10
110.8876809763147
 20
91.8872034668057
 30
0.0000000000003575
 40
0.4999999999999674
100
AcDbArc
 50
359.9999999999951
 51
90.00000000000487
  0
LINE
  5
32D
330
1F
100
AcDbEntity
  8
默认
 62
    96
420
    32512
100
AcDbLine
 10
110.8876809763146
 20
92.38720346680567
 30
0.0000000000003575
 11
97.88768097631463
 21
92.38720346680566
 31
0.0000000000003575
  0
ARC
  5
32E
330
1F
100
AcDbEntity
  8
默认
 62
    96
420
    32512
100
AcDbCircle
 10
97.88768097631457
 20
91.8872034668057
 30
0.0000000000003575
 40
0.4999999999999533
100
AcDbArc
 50
89.99999999999349
 51
180.0000000000065
  0
LINE
  5
32F
330
1F
100
AcDbEntity
  8
默认
 62
    96
420
    32512
100
AcDbLine
 10
97.38768097631461
 20
91.88720346680566
 30
0.0000000000003575
 11
97.38768097631463
 21
78.88720346680566
 31
0.0000000000003575
  0
ARC
  5
330
330
1F
100
AcDbEntity
  8
默认
 62
    96
420
    32512
100
AcDbCircle
 10
97.88768097631457
 20
78.8872034668056
 30
0.0000000000003575
 40
0.4999999999999462
100
AcDbArc
 50
179.9999999999935
 51
270.0000000000065
  0
LINE
  5
331
330
1F
100
AcDbEntity
  8
默认
 62
    96
420
    32512
100
AcDbLine
 10
202.6626809763147
 20
59.33720346680565
 30
0.0000000000003575
 11
215.6626809763147
 21
59.33720346680565
 31
0.0000000000003575
  0
ARC
  5
332
330
1F
100
AcDbEntity
  8
默认
 62
    96
420
    32512
100
AcDbCircle
 10
215.6626809763146
 20
59.83720346680572
 30
0.0000000000003575
 40
0.5000000000000777
100
AcDbArc
 50
270.0000000000098
 51
359.999999999991
  0
LINE
  5
333
330
1F
100
AcDbEntity
  8
默认
 62
    96
420
    32512
100
AcDbLine
 10
216.1626809763147
 20
59.83720346680565
 30
0.0000000000003575
 11
216.1626809763147
 21
72.8372034668057
 31
0.0000000000003575
  0
ARC
  5
334
330
1F
100
AcDbEntity
  8
默认
 62
    96
420
    32512
100
AcDbCircle
 10
215.6626809763147
 20
72.83720346680566
 30
0.0000000000003575
 40
0.5000000000000389
100
AcDbArc
 50
0.0000000000048853
 51
89.99999999999349
  0
LINE
  5
335
330
1F
100
AcDbEntity
  8
默认
 62
    96
420
    32512
100
AcDbLine
 10
215.6626809763147
 20
73.3372034668057
 30
0.0000000000003575
 11
202.6626809763147
 21
73.3372034668057
 31
0.0000000000003575
  0
ARC
  5
336
330
1F
100
AcDbEntity
  8
默认
 62
    96
420
    32512
100
AcDbCircle
 10
202.6626809763148
 20
72.83720346680566
 30
0.0000000000003575
 40
0.5000000000000367
100
AcDbArc
 50
90.00000000000978
 51
179.9999999999967
  0
LINE
  5
337
330
1F
100
AcDbEntity
  8
默认
 62
    96
420
    32512
100
AcDbLine
 10
202.1626809763148
 20
72.8372034668057
 30
0.0000000000003575
 11
202.1626809763147
 21
59.83720346680565
 31
0.0000000000003575
  0
ARC
  5
338
330
1F
100
AcDbEntity
  8
默认
 62
    96
420
    32512
100
AcDbCircle
 10
202.6626809763148
 20
59.83720346680568
 30
0.0000000000003575
 40
0.5000000000000346
100
AcDbArc
 50
180.0000000000041
 51
269.9999999999968
  0
CIRCLE
  5
339
330
1F
100
AcDbEntity
  8
默认
 62
    96
420
    32512
100
AcDbCircle
 10
3.226990541462202
 20
70.01317246718916
 30
0.0000000000003575
 40
1.0
  0
LINE
  5
33A
330
1F
100
AcDbEntity
  8
默认
 62
    96
420
    32512
100
AcDbLine
 10
121.7001809763146
 20
21.23720346680568
 30
0.0000000000003575
 11
134.7001809763146
 21
21.23720346680568
 31
0.0000000000003575
  0
ARC
  5
33B
330
1F
100
AcDbEntity
  8
默认
 62
    96
420
    32512
100
AcDbCircle
 10
134.7001809763146
 20
21.73720346680568
 30
0.0000000000003575
 40
0.5
100
AcDbArc
 50
270.0
 51
0.0
  0
LINE
  5
33C
330
1F
100
AcDbEntity
  8
默认
 62
    96
420
    32512
100
AcDbLine
 10
135.2001809763146
 20
21.73720346680568
 30
0.0000000000003575
 11
135.2001809763146
 21
34.73720346680568
 31
0.0000000000003575
  0
ARC
  5
33D
330
1F
100
AcDbEntity
  8
默认
 62
    96
420
    32512
100
AcDbCircle
 10
134.7001809763147
 20
34.73720346680574
 30
0.0000000000003575
 40
0.4999999999999319
100
AcDbArc
 50
359.9999999999935
 51
90.00000000000651
  0
LINE
  5
33E
330
1F
100
AcDbEntity
  8
默认
 62
    96
420
    32512
100
AcDbLine
 10
134.7001809763146
 20
35.23720346680567
 30
0.0000000000003575
 11
121.7001809763146
 21
35.23720346680568
 31
0.0000000000003575
  0
ARC
  5
33F
330
1F
100
AcDbEntity
  8
默认
 62
    96
420
    32512
100
AcDbCircle
 10
121.7001809763146
 20
34.73720346680574
 30
0.0000000000003575
 40
0.4999999999999432
100
AcDbArc
 50
89.99999999999349
 51
180.0000000000065
  0
LINE
  5
340
330
1F
100
AcDbEntity
  8
默认
 62
    96
420
    32512
100
AcDbLine
 10
121.2001809763146
 20
34.73720346680568
 30
0.0000000000003575
 11
121.2001809763146
 21
21.73720346680568
 31
0.0000000000003575
  0
ARC
  5
341
330
1F
100
AcDbEntity
  8
默认
 62
    96
420
    32512
100
AcDbCircle
 10
121.7001809763146
 20
21.73720346680568
 30
0.0000000000003575
 40
0.4999999999999979
100
AcDbArc
 50
179.9999999999996
 51
270.0
  0
LINE
  5
342
330
1F
100
AcDbEntity
  8
默认
 62
    96
420
    32512
100
AcDbLine
 10
169.3251809763146
 20
40.28720346680564
 30
0.0000000000003575
 11
182.3251809763146
 21
40.28720346680564
 31
0.0000000000003575
  0
ARC
  5
343
330
1F
100
AcDbEntity
  8
默认
 62
    96
420
    32512
100
AcDbCircle
 10
182.3251809763147
 20
40.78720346680558
 30
0.0000000000003575
 40
0.4999999999999482
100
AcDbArc
 50
269.9999999999935
 51
0.0000000000065138
  0
LINE
  5
344
330
1F
100
AcDbEntity
  8
默认
 62
    96
420
    32512
100
AcDbLine
 10
182.8251809763146
 20
40.78720346680564
 30
0.0000000000003575
 11
182.8251809763146
 21
53.78720346680564
 31
0.0000000000003575
  0
ARC
  5
345
330
1F
100
AcDbEntity
  8
默认
 62
    96
420
    32512
100
AcDbCircle
 10
182.3251809763147
 20
53.78720346680568
 30
0.0000000000003575
 40
0.4999999999999402
100
AcDbArc
 50
359.9999999999951
 51
90.00000000000651
  0
LINE
  5
346
330
1F
100
AcDbEntity
  8
默认
 62
    96
420
    32512
100
AcDbLine
 10
182.3251809763146
 20
54.28720346680562
 30
0.0000000000003575
 11
169.3251809763146
 21
54.28720346680564
 31
0.0000000000003575
  0
ARC
  5
347
330
1F
100
AcDbEntity
  8
默认
 62
    96
420
    32512
100
AcDbCircle
 10
169.3251809763146
 20
53.78720346680565
 30
0.0000000000003575
 40
0.4999999999999899
100
AcDbArc
 50
90.0
 51
180.0000000000016
  0
LINE
  5
348
330
1F
100
AcDbEntity
  8
默认
 62
    96
420
    32512
100
AcDbLine
 10
168.8251809763146
 20
53.78720346680564
 30
0.0000000000003575
 11
168.8251809763146
 21
40.78720346680564
 31
0.0000000000003575
  0
ARC
  5
349
330
1F
100
AcDbEntity
  8
默认
 62
    96
420
    32512
100
AcDbCircle
 10
169.3251809763146
 20
40.78720346680564
 30
0.0000000000003575
 40
0.5
100
AcDbArc
 50
180.0
 51
270.0
  0
LINE
  5
34A
330
1F
100
AcDbEntity
  8
默认
 62
    96
420
    32512
100
AcDbLine
 10
107.4126809763147
 20
59.33720346680565
 30
0.0000000000003575
 11
120.4126809763147
 21
59.33720346680565
 31
0.0000000000003575
  0
ARC
  5
34B
330
1F
100
AcDbEntity
  8
默认
 62
    96
420
    32512
100
AcDbCircle
 10
120.4126809763146
 20
59.83720346680573
 30
0.0000000000003575
 40
0.5000000000000844
100
AcDbArc
 50
270.000000000013
 51
359.9999999999902
  0
LINE
  5
34C
330
1F
100
AcDbEntity
  8
默认
 62
    96
420
    32512
100
AcDbLine
 10
120.9126809763147
 20
59.83720346680565
 30
0.0000000000003575
 11
120.9126809763147
 21
72.8372034668057
 31
0.0000000000003575
  0
ARC
  5
34D
330
1F
100
AcDbEntity
  8
默认
 62
    96
420
    32512
100
AcDbCircle
 10
120.4126809763147
 20
72.83720346680565
 30
0.0000000000003575
 40
0.5000000000000437
100
AcDbArc
 50
0.0000000000065138
 51
89.99999999999511
  0
LINE
  5
34E
330
1F
100
AcDbEntity
  8
默认
 62
    96
420
    32512
100
AcDbLine
 10
120.4126809763147
 20
73.33720346680569
 30
0.0000000000003575
 11
107.4126809763147
 21
73.3372034668057
 31
0.0000000000003575
  0
ARC
  5
34F
330
1F
100
AcDbEntity
  8
默认
 62
    96
420
    32512
100
AcDbCircle
 10
107.4126809763147
 20
72.83720346680573
 30
0.0000000000003575
 40
0.4999999999999674
100
AcDbArc
 50
89.99999999999511
 51
180.0000000000049
  0
LINE
  5
350
330
1F
100
AcDbEntity
  8
默认
 62
    96
420
    32512
100
AcDbLine
 10
106.9126809763147
 20
72.8372034668057
 30
0.0000000000003575
 11
106.9126809763147
 21
59.83720346680565
 31
0.0000000000003575
  0
ARC
  5
351
330
1F
100
AcDbEntity
  8
默认
 62
    96
420
    32512
100
AcDbCircle
 10
107.4126809763147
 20
59.83720346680559
 30
0.0000000000003575
 40
0.4999999999999503
100
AcDbArc
 50
179.9999999999943
 51
270.0000000000049
  0
CIRCLE
  5
352
330
1F
100
AcDbEntity
  8
默认
 62
    96
420
    32512
100
AcDbCircle
 10
236.1500847408968
 20
35.86834336452921
 30
0.0
 40
1.0
  0
CIRCLE
  5
353
330
1F
100
AcDbEntity
  8
Mechanical 1
 62
    96
420
    32512
100
AcDbCircle
 10
274.4434800563147
 20
27.7368539468057
 30
0.0000000000003575
 40
0.0031749999999988
  0
CIRCLE
  5
354
330
1F
100
AcDbEntity
  8
Mechanical 1
 62
    96
420
    32512
100
AcDbCircle
 10
275.2694804363148
 20
28.2368529468057
 30
0.0000000000003575
 40
0.0031749999999988
  0
CIRCLE
  5
355
330
1F
100
AcDbEntity
  8
Mechanical 1
 62
    96
420
    32512
100
AcDbCircle
 10
274.7694814363147
 20
27.7368539468057
 30
0.0000000000003575
 40
0.0031750000000272
  0
CIRCLE
  5
356
330
1F
100
AcDbEntity
  8
Mechanical 1
 62
    96
420
    32512
100
AcDbCircle
 10
274.7694814363147
 20
27.7368539468057
 30
0.0000000000003575
 40
0.0031750000000272
  0
LINE
  5
357
330
1F
100
AcDbEntity
  8
Mechanical 1
 62
    96
420
    32512
100
AcDbLine
 10
252.7184816963147
 20
35.23605144680567
 30
0.0000000000003575
 11
265.6184810963148
 21
35.23605144680567
 31
0.0000000000003575
  0
ARC
  5
358
330
1F
100
AcDbEntity
  8
Mechanical 1
 62
    96
420
    32512
100
AcDbCircle
 10
-265.618481096313
 20
34.68605254680376
 30
-0.0000000000003575
 40
0.5499989000019174
210
0.0
220
0.0
230
-1.0
100
AcDbArc
 50
90.00000000018949
 51
179.9999999997994
  0
LINE
  5
359
330
1F
100
AcDbEntity
  8
Mechanical 1
 62
    96
420
    32512
100
AcDbLine
 10
266.1684799963149
 20
34.68605254680568
 30
0.0000000000003575
 11
266.1684799963148
 21
30.53565454680563
 31
0.0000000000003575
  0
LINE
  5
35A
330
1F
100
AcDbEntity
  8
Mechanical 1
 62
    96
420
    32512
100
AcDbLine
 10
266.1684799963148
 20
30.53565454680563
 30
0.0000000000003575
 11
267.6944816163148
 21
30.53565454680563
 31
0.0000000000003575
  0
LINE
  5
35B
330
1F
100
AcDbEntity
  8
Mechanical 1
 62
    96
420
    32512
100
AcDbLine
 10
267.6944816163148
 20
30.53565454680563
 30
0.0000000000003575
 11
267.6944816163145
 21
33.26585228680563
 31
0.0000000000003575
  0
ARC
  5
35C
330
1F
100
AcDbEntity
  8
Mechanical 1
 62
    96
420
    32512
100
AcDbCircle
 10
-268.1944806163137
 20
33.26585228680634
 30
-0.0000000000003575
 40
0.4999989999992703
210
0.0
220
0.0
230
-1.0
100
AcDbArc
 50
359.9999999999186
 51
90.00000000010422
  0
LINE
  5
35D
330
1F
100
AcDbEntity
  8
Mechanical 1
 62
    96
420
    32512
100
AcDbLine
 10
268.1944806163147
 20
33.76585128680561
 30
0.0000000000003575
 11
273.9434810563148
 21
33.76585128680563
 31
0.0000000000003575
  0
ARC
  5
35E
330
1F
100
AcDbEntity
  8
Mechanical 1
 62
    96
420
    32512
100
AcDbCircle
 10
-273.9434810563127
 20
33.26585228680356
 30
-0.0000000000003575
 40
0.4999990000020701
210
0.0
220
0.0
230
-1.0
100
AcDbArc
 50
90.0000000002345
 51
179.9999999997639
  0
LINE
  5
35F
330
1F
100
AcDbEntity
  8
Mechanical 1
 62
    96
420
    32512
100
AcDbLine
 10
274.4434800563148
 20
33.26585228680562
 30
0.0000000000003575
 11
274.4434800563147
 21
30.53565454680563
 31
0.0000000000003575
  0
LINE
  5
360
330
1F
100
AcDbEntity
  8
Mechanical 1
 62
    96
420
    32512
100
AcDbLine
 10
274.4434800563147
 20
30.53565454680563
 30
0.0000000000003575
 11
274.7694814363147
 21
30.53565200680566
 31
0.0000000000003575
  0
ARC
  5
361
330
1F
100
AcDbEntity
  8
Mechanical 1
 62
    96
420
    32512
100
AcDbCircle
 10
-274.769481436312
 20
30.03565300680291
 30
-0.0000000000003575
 40
0.4999990000027499
210
0.0
220
0.0
230
-1.0
100
AcDbArc
 50
90.00000000030616
 51
179.99999999968
  0
LINE
  5
362
330
1F
100
AcDbEntity
  8
Mechanical 1
 62
    96
420
    32512
100
AcDbLine
 10
275.2694804363147
 20
30.0356530068057
 30
0.0000000000003575
 11
275.2694804363145
 21
28.23685294680564
 31
0.0000000000003575
  0
ARC
  5
363
330
1F
100
AcDbEntity
  8
Mechanical 1
 62
    96
420
    32512
100
AcDbCircle
 10
-274.7694814363112
 20
28.23685294680897
 30
-0.0000000000003575
 40
0.499999000003299
210
0.0
220
0.0
230
-1.0
100
AcDbArc
 50
180.000000000381
 51
269.9999999996027
  0
LINE
  5
364
330
1F
100
AcDbEntity
  8
Mechanical 1
 62
    96
420
    32512
100
AcDbLine
 10
274.7694814363147
 20
27.73685394680567
 30
0.0000000000003575
 11
274.4434800563147
 21
27.7368539468057
 31
0.0000000000003575
  0
LINE
  5
365
330
1F
100
AcDbEntity
  8
Mechanical 1
 62
    96
420
    32512
100
AcDbLine
 10
274.4434800563147
 20
27.7368539468057
 30
0.0000000000003575
 11
274.4434800563149
 21
21.96685278680565
 31
0.0000000000003575
  0
ARC
  5
366
330
1F
100
AcDbEntity
  8
Mechanical 1
 62
    96
420
    32512
100
AcDbCircle
 10
-273.9434810563132
 20
21.9668527868073
 30
-0.0000000000003575
 40
0.4999990000016886
210
0.0
220
0.0
230
-1.0
100
AcDbArc
 50
180.0000000001901
 51
269.9999999998241
  0
LINE
  5
367
330
1F
100
AcDbEntity
  8
Mechanical 1
 62
    96
420
    32512
100
AcDbLine
 10
273.9434810563147
 20
21.46685378680561
 30
0.0000000000003575
 11
272.7184822363147
 21
21.4668537868057
 31
0.0000000000003575
  0
LINE
  5
368
330
1F
100
AcDbEntity
  8
Mechanical 1
 62
    96
420
    32512
100
AcDbLine
 10
272.7184822363147
 20
21.4668537868057
 30
0.0000000000003575
 11
272.7184796963147
 21
20.76655292680562
 31
0.0000000000003575
  0
ARC
  5
369
330
1F
100
AcDbEntity
  8
Mechanical 1
 62
    96
420
    32512
100
AcDbCircle
 10
-272.2184806963127
 20
20.76655292680759
 30
-0.0000000000003575
 40
0.499999000001955
210
0.0
220
0.0
230
-1.0
100
AcDbArc
 50
180.0000000002264
 51
269.9999999997785
  0
LINE
  5
36A
330
1F
100
AcDbEntity
  8
Mechanical 1
 62
    96
420
    32512
100
AcDbLine
 10
272.2184806963147
 20
20.26655392680563
 30
0.0000000000003575
 11
269.9194809763146
 21
20.26655392680561
 31
0.0000000000003575
  0
ARC
  5
36B
330
1F
100
AcDbEntity
  8
Mechanical 1
 62
    96
420
    32512
100
AcDbCircle
 10
-269.9194809763135
 20
20.76655292680448
 30
-0.0000000000003575
 40
0.4999989999988679
210
0.0
220
0.0
230
-1.0
100
AcDbArc
 50
269.9999999998698
 51
0.0000000001294616
  0
LINE
  5
36C
330
1F
100
AcDbEntity
  8
Mechanical 1
 62
    96
420
    32512
100
AcDbLine
 10
269.4194819763146
 20
20.76655292680561
 30
0.0000000000003575
 11
269.4194819763147
 21
21.4668537868057
 31
0.0000000000003575
  0
LINE
  5
36D
330
1F
100
AcDbEntity
  8
Mechanical 1
 62
    96
420
    32512
100
AcDbLine
 10
269.4194819763147
 20
21.4668537868057
 30
0.0000000000003575
 11
268.1944806163146
 21
21.4668537868057
 31
0.0000000000003575
  0
ARC
  5
36E
330
1F
100
AcDbEntity
  8
Mechanical 1
 62
    96
420
    32512
100
AcDbCircle
 10
-268.1944806163137
 20
21.96685278680454
 30
-0.0000000000003575
 40
0.4999989999988455
210
0.0
220
0.0
230
-1.0
100
AcDbArc
 50
269.9999999998893
 51
0.0000000001290544
  0
LINE
  5
36F
330
1F
100
AcDbEntity
  8
Mechanical 1
 62
    96
420
    32512
100
AcDbLine
 10
267.6944816163148
 20
21.96685278680567
 30
0.0000000000003575
 11
267.6944816163148
 21
25.93575264680567
 31
0.0000000000003575
  0
LINE
  5
370
330
1F
100
AcDbEntity
  8
Mechanical 1
 62
    96
420
    32512
100
AcDbLine
 10
267.6944816163148
 20
25.93575264680567
 30
0.0000000000003575
 11
266.1684799963148
 21
25.93575264680567
 31
0.0000000000003575
  0
LINE
  5
371
330
1F
100
AcDbEntity
  8
Mechanical 1
 62
    96
420
    32512
100
AcDbLine
 10
266.1684799963148
 20
25.93575264680567
 30
0.0000000000003575
 11
266.1684799963147
 21
21.78665258680564
 31
0.0000000000003575
  0
ARC
  5
372
330
1F
100
AcDbEntity
  8
Mechanical 1
 62
    96
420
    32512
100
AcDbCircle
 10
-265.6184810963122
 20
21.78665258680818
 30
-0.0000000000003575
 40
0.5499989000025136
210
0.0
220
0.0
230
-1.0
100
AcDbArc
 50
180.0000000002642
 51
269.9999999997335
  0
LINE
  5
373
330
1F
100
AcDbEntity
  8
Mechanical 1
 62
    96
420
    32512
100
AcDbLine
 10
265.6184810963148
 20
21.23665368680567
 30
0.0000000000003575
 11
252.7184816963147
 21
21.23665368680565
 31
0.0000000000003575
  0
ARC
  5
374
330
1F
100
AcDbEntity
  8
Mechanical 1
 62
    96
420
    32512
100
AcDbCircle
 10
-252.7184816963138
 20
21.78665258680477
 30
-0.0000000000003575
 40
0.5499988999991203
210
0.0
220
0.0
230
-1.0
100
AcDbArc
 50
269.9999999999023
 51
0.0000000000906749
  0
LINE
  5
375
330
1F
100
AcDbEntity
  8
Mechanical 1
 62
    96
420
    32512
100
AcDbLine
 10
252.1684827963147
 20
21.78665258680564
 30
0.0000000000003575
 11
252.1684802563148
 21
25.93575264680567
 31
0.0000000000003575
  0
LINE
  5
376
330
1F
100
AcDbEntity
  8
Mechanical 1
 62
    96
420
    32512
100
AcDbLine
 10
252.1684802563148
 20
25.93575264680567
 30
0.0000000000003575
 11
250.6444801563148
 21
25.93575264680567
 31
0.0000000000003575
  0
LINE
  5
377
330
1F
100
AcDbEntity
  8
Mechanical 1
 62
    96
420
    32512
100
AcDbLine
 10
250.6444801563148
 20
25.93575264680567
 30
0.0000000000003575
 11
250.6444801563148
 21
21.9668527868057
 31
0.0000000000003575
  0
ARC
  5
378
330
1F
100
AcDbEntity
  8
Mechanical 1
 62
    96
420
    32512
100
AcDbCircle
 10
-250.1444811563115
 20
21.96685278680894
 30
-0.0000000000003575
 40
0.4999990000032525
210
0.0
220
0.0
230
-1.0
100
AcDbArc
 50
180.0000000003709
 51
269.9999999996417
  0
LINE
  5
379
330
1F
100
AcDbEntity
  8
Mechanical 1
 62
    96
420
    32512
100
AcDbLine
 10
250.1444811563147
 20
21.46685378680569
 30
0.0000000000003575
 11
248.9184815763147
 21
21.4668537868057
 31
0.0000000000003575
  0
LINE
  5
37A
330
1F
100
AcDbEntity
  8
Mechanical 1
 62
    96
420
    32512
100
AcDbLine
 10
248.9184815763147
 20
21.4668537868057
 30
0.0000000000003575
 11
248.9184790363147
 21
20.76655292680573
 31
0.0000000000003575
  0
ARC
  5
37B
330
1F
100
AcDbEntity
  8
Mechanical 1
 62
    96
420
    32512
100
AcDbCircle
 10
-248.4184800363146
 20
20.76655292680586
 30
-0.0000000000003575
 40
0.4999990000001512
210
0.0
220
0.0
230
-1.0
100
AcDbArc
 50
180.0000000000147
 51
269.9999999999804
  0
LINE
  5
37C
330
1F
100
AcDbEntity
  8
Mechanical 1
 62
    96
420
    32512
100
AcDbLine
 10
248.4184800363147
 20
20.26655392680571
 30
0.0000000000003575
 11
246.1194803163148
 21
20.26655392680567
 31
0.0000000000003575
  0
ARC
  5
37D
330
1F
100
AcDbEntity
  8
Mechanical 1
 62
    96
420
    32512
100
AcDbCircle
 10
-246.1194803163128
 20
20.76655292680378
 30
-0.0000000000003575
 40
0.499998999998104
210
0.0
220
0.0
230
-1.0
100
AcDbArc
 50
269.9999999997622
 51
0.0000000002202475
  0
LINE
  5
37E
330
1F
100
AcDbEntity
  8
Mechanical 1
 62
    96
420
    32512
100
AcDbLine
 10
245.6194813163146
 20
20.76655292680569
 30
0.0000000000003575
 11
245.6194813163147
 21
21.4668537868057
 31
0.0000000000003575
  0
LINE
  5
37F
330
1F
100
AcDbEntity
  8
Mechanical 1
 62
    96
420
    32512
100
AcDbLine
 10
245.6194813163147
 20
21.4668537868057
 30
0.0000000000003575
 11
244.3944799563146
 21
21.4668537868057
 31
0.0000000000003575
  0
ARC
  5
380
330
1F
100
AcDbEntity
  8
Mechanical 1
 62
    96
420
    32512
100
AcDbCircle
 10
-244.3944799563128
 20
21.96685278680364
 30
-0.0000000000003575
 40
0.4999989999979403
210
0.0
220
0.0
230
-1.0
100
AcDbArc
 50
269.9999999997883
 51
0.0000000002340893
  0
LINE
  5
381
330
1F
100
AcDbEntity
  8
Mechanical 1
 62
    96
420
    32512
100
AcDbLine
 10
243.8944809563149
 20
21.96685278680568
 30
0.0000000000003575
 11
243.8944809563147
 21
27.7368539468057
 31
0.0000000000003575
  0
LINE
  5
382
330
1F
100
AcDbEntity
  8
Mechanical 1
 62
    96
420
    32512
100
AcDbLine
 10
243.8944809563147
 20
27.7368539468057
 30
0.0000000000003575
 11
243.5684821163147
 21
27.73685394680564
 31
0.0000000000003575
  0
ARC
  5
383
330
1F
100
AcDbEntity
  8
Mechanical 1
 62
    96
420
    32512
100
AcDbCircle
 10
-243.5684821163136
 20
28.23685294680467
 30
-0.0000000000003575
 40
0.4999989999990395
210
0.0
220
0.0
230
-1.0
100
AcDbArc
 50
269.9999999998698
 51
0.00000000011277
  0
LINE
  5
384
330
1F
100
AcDbEntity
  8
Mechanical 1
 62
    96
420
    32512
100
AcDbLine
 10
243.0684831163146
 20
28.23685294680566
 30
0.0000000000003575
 11
243.0684831163148
 21
30.03565300680566
 31
0.0000000000003575
  0
ARC
  5
385
330
1F
100
AcDbEntity
  8
Mechanical 1
 62
    96
420
    32512
100
AcDbCircle
 10
-243.5684821163136
 20
30.03565300680692
 30
-0.0000000000003575
 40
0.4999989999987706
210
0.0
220
0.0
230
-1.0
100
AcDbArc
 50
359.9999999998555
 51
90.00000000011073
  0
LINE
  5
386
330
1F
100
AcDbEntity
  8
Mechanical 1
 62
    96
420
    32512
100
AcDbLine
 10
243.5684821163146
 20
30.53565200680569
 30
0.0000000000003575
 11
243.8944809563147
 21
30.53565454680563
 31
0.0000000000003575
  0
LINE
  5
387
330
1F
100
AcDbEntity
  8
Mechanical 1
 62
    96
420
    32512
100
AcDbLine
 10
243.8944809563147
 20
30.53565454680563
 30
0.0000000000003575
 11
243.8944809563147
 21
33.26585228680568
 31
0.0000000000003575
  0
ARC
  5
388
330
1F
100
AcDbEntity
  8
Mechanical 1
 62
    96
420
    32512
100
AcDbCircle
 10
-244.3944799563115
 20
33.26585228680892
 30
-0.0000000000003575
 40
0.4999989999967381
210
0.0
220
0.0
230
-1.0
100
AcDbArc
 50
359.9999999996287
 51
90.00000000038757
  0
LINE
  5
389
330
1F
100
AcDbEntity
  8
Mechanical 1
 62
    96
420
    32512
100
AcDbLine
 10
244.3944799563149
 20
33.76585128680566
 30
0.0000000000003575
 11
250.1444811563147
 21
33.76585128680574
 31
0.0000000000003575
  0
ARC
  5
38A
330
1F
100
AcDbEntity
  8
Mechanical 1
 62
    96
420
    32512
100
AcDbCircle
 10
-250.1444811563119
 20
33.26585228680278
 30
-0.0000000000003575
 40
0.4999990000029583
210
0.0
220
0.0
230
-1.0
100
AcDbArc
 50
90.00000000031919
 51
179.999999999667
  0
LINE
  5
38B
330
1F
100
AcDbEntity
  8
Mechanical 1
 62
    96
420
    32512
100
AcDbLine
 10
250.6444801563148
 20
33.26585228680569
 30
0.0000000000003575
 11
250.6444801563148
 21
30.53565454680563
 31
0.0000000000003575
  0
LINE
  5
38C
330
1F
100
AcDbEntity
  8
Mechanical 1
 62
    96
420
    32512
100
AcDbLine
 10
250.6444801563148
 20
30.53565454680563
 30
0.0000000000003575
 11
252.1684802563148
 21
30.53565454680563
 31
0.0000000000003575
  0
LINE
  5
38D
330
1F
100
AcDbEntity
  8
Mechanical 1
 62
    96
420
    32512
100
AcDbLine
 10
252.1684802563148
 20
30.53565454680563
 30
0.0000000000003575
 11
252.1684827963147
 21
34.68605254680568
 31
0.0000000000003575
  0
ARC
  5
38E
330
1F
100
AcDbEntity
  8
Mechanical 1
 62
    96
420
    32512
100
AcDbCircle
 10
-252.7184816963139
 20
34.68605254680654
 30
-0.0000000000003575
 40
0.5499988999991401
210
0.0
220
0.0
230
-1.0
100
AcDbArc
 50
359.9999999999112
 51
90.00000000008883
  0
CIRCLE
  5
38F
330
1F
100
AcDbEntity
  8
Mechanical 1
 62
    96
420
    32512
100
AcDbCircle
 10
275.2694804363148
 20
28.2368529468057
 30
0.0000000000003575
 40
0.0031749999999988
  0
CIRCLE
  5
390
330
1F
100
AcDbEntity
  8
Mechanical 1
 62
    96
420
    32512
100
AcDbCircle
 10
274.4434800563147
 20
27.7368539468057
 30
0.0000000000003575
 40
0.0031749999999988
  0
ARC
  5
391
330
1F
100
AcDbEntity
  8
0
 62
    96
420
    32512
100
AcDbCircle
 10
148.9876809763146
 20
2.687203466805613
 30
0.0000000000003575
 40
0.4999999999999988
100
AcDbArc
 50
270.0
 51
0.0000000000001018
  0
LINE
  5
392
330
1F
100
AcDbEntity
  8
0
 62
    96
420
    32512
100
AcDbLine
 10
149.4876809763146
 20
2.687203466805613
 30
0.0000000000003575
 11
149.4876809763146
 21
15.68720346680561
 31
0.0000000000003575
  0
ARC
  5
393
330
1F
100
AcDbEntity
  8
0
 62
    96
420
    32512
100
AcDbCircle
 10
148.9876809763146
 20
15.68720346680561
 30
0.0000000000003575
 40
0.5
100
AcDbArc
 50
0.0
 51
90.0
  0
LINE
  5
394
330
1F
100
AcDbEntity
  8
0
 62
    96
420
    32512
100
AcDbLine
 10
148.9876809763146
 20
16.18720346680561
 30
0.0000000000003575
 11
135.9876809763146
 21
16.18720346680561
 31
0.0000000000003575
  0
ARC
  5
395
330
1F
100
AcDbEntity
  8
0
 62
    96
420
    32512
100
AcDbCircle
 10
135.9876809763146
 20
15.68720346680561
 30
0.0000000000003575
 40
0.5
100
AcDbArc
 50
90.0
 51
180.0
  0
LINE
  5
396
330
1F
100
AcDbEntity
  8
0
 62
    96
420
    32512
100
AcDbLine
 10
135.4876809763146
 20
15.68720346680561
 30
0.0000000000003575
 11
135.4876809763146
 21
2.687203466805613
 31
0.0000000000003575
  0
ARC
  5
397
330
1F
100
AcDbEntity
  8
0
 62
    96
420
    32512
100
AcDbCircle
 10
135.9876809763146
 20
2.687203466805617
 30
0.0000000000003575
 40
0.5000000000000031
100
AcDbArc
 50
180.0000000000004
 51
270.0
  0
LINE
  5
398
330
1F
100
AcDbEntity
  8
0
 62
    96
420
    32512
100
AcDbLine
 10
135.9876809763146
 20
2.187203466805613
 30
0.0000000000003575
 11
148.9876809763146
 21
2.187203466805613
 31
0.0000000000003575
  0
ARC
  5
399
330
1F
100
AcDbEntity
  8
0
 62
    96
420
    32512
100
AcDbCircle
 10
20.40018097631445
 20
2.687203466805613
 30
0.0000000000003575
 40
0.4999999999999988
100
AcDbArc
 50
270.0
 51
0.0000000000001018
  0
LINE
  5
39A
330
1F
100
AcDbEntity
  8
0
 62
    96
420
    32512
100
AcDbLine
 10
20.90018097631445
 20
2.687203466805613
 30
0.0000000000003575
 11
20.90018097631445
 21
15.68720346680561
 31
0.0000000000003575
  0
ARC
  5
39B
330
1F
100
AcDbEntity
  8
0
 62
    96
420
    32512
100
AcDbCircle
 10
20.40018097631445
 20
15.68720346680561
 30
0.0000000000003575
 40
0.5
100
AcDbArc
 50
0.0
 51
90.0
  0
LINE
  5
39C
330
1F
100
AcDbEntity
  8
0
 62
    96
420
    32512
100
AcDbLine
 10
20.40018097631445
 20
16.18720346680561
 30
0.0000000000003575
 11
7.400180976314447
 21
16.18720346680561
 31
0.0000000000003575
  0
ARC
  5
39D
330
1F
100
AcDbEntity
  8
0
 62
    96
420
    32512
100
AcDbCircle
 10
7.40018097631445
 20
15.68720346680561
 30
0.0000000000003575
 40
0.5000000000000031
100
AcDbArc
 50
90.0000000000003
 51
179.9999999999998
  0
LINE
  5
39E
330
1F
100
AcDbEntity
  8
0
 62
    96
420
    32512
100
AcDbLine
 10
6.900180976314447
 20
15.68720346680561
 30
0.0000000000003575
 11
6.900180976314447
 21
2.687203466805613
 31
0.0000000000003575
  0
ARC
  5
39F
330
1F
100
AcDbEntity
  8
0
 62
    96
420
    32512
100
AcDbCircle
 10
7.40018097631445
 20
2.687203466805617
 30
0.0000000000003575
 40
0.5000000000000019
100
AcDbArc
 50
180.0000000000002
 51
269.9999999999998
  0
LINE
  5
3A0
330
1F
100
AcDbEntity
  8
0
 62
    96
420
    32512
100
AcDbLine
 10
7.400180976314447
 20
2.187203466805613
 30
0.0000000000003575
 11
20.40018097631445
 21
2.187203466805613
 31
0.0000000000003575
  0
ARC
  5
3A1
330
1F
100
AcDbEntity
  8
0
 62
    96
420
    32512
100
AcDbCircle
 10
44.21268097631445
 20
2.687203466805613
 30
0.0000000000003575
 40
0.4999999999999988
100
AcDbArc
 50
270.0
 51
0.0000000000001018
  0
LINE
  5
3A2
330
1F
100
AcDbEntity
  8
0
 62
    96
420
    32512
100
AcDbLine
 10
44.71268097631445
 20
2.687203466805613
 30
0.0000000000003575
 11
44.71268097631445
 21
15.68720346680561
 31
0.0000000000003575
  0
ARC
  5
3A3
330
1F
100
AcDbEntity
  8
0
 62
    96
420
    32512
100
AcDbCircle
 10
44.21268097631445
 20
15.68720346680561
 30
0.0000000000003575
 40
0.5
100
AcDbArc
 50
0.0
 51
90.0
  0
LINE
  5
3A4
330
1F
100
AcDbEntity
  8
0
 62
    96
420
    32512
100
AcDbLine
 10
44.21268097631445
 20
16.18720346680561
 30
0.0000000000003575
 11
31.21268097631445
 21
16.18720346680561
 31
0.0000000000003575
  0
ARC
  5
3A5
330
1F
100
AcDbEntity
  8
0
 62
    96
420
    32512
100
AcDbCircle
 10
31.21268097631445
 20
15.68720346680561
 30
0.0000000000003575
 40
0.5
100
AcDbArc
 50
90.0
 51
180.0
  0
LINE
  5
3A6
330
1F
100
AcDbEntity
  8
0
 62
    96
420
    32512
100
AcDbLine
 10
30.71268097631445
 20
15.68720346680561
 30
0.0000000000003575
 11
30.71268097631445
 21
2.687203466805613
 31
0.0000000000003575
  0
ARC
  5
3A7
330
1F
100
AcDbEntity
  8
0
 62
    96
420
    32512
100
AcDbCircle
 10
31.21268097631445
 20
2.687203466805617
 30
0.0000000000003575
 40
0.5000000000000031
100
AcDbArc
 50
180.0000000000004
 51
269.9999999999996
  0
LINE
  5
3A8
330
1F
100
AcDbEntity
  8
0
 62
    96
420
    32512
100
AcDbLine
 10
31.21268097631445
 20
2.187203466805613
 30
0.0000000000003575
 11
44.21268097631445
 21
2.187203466805613
 31
0.0000000000003575
  0
ARC
  5
3A9
330
1F
100
AcDbEntity
  8
0
 62
    96
420
    32512
100
AcDbCircle
 10
68.02518097631445
 20
2.687203466805613
 30
0.0000000000003575
 40
0.4999999999999988
100
AcDbArc
 50
270.0
 51
0.0000000000001018
  0
LINE
  5
3AA
330
1F
100
AcDbEntity
  8
0
 62
    96
420
    32512
100
AcDbLine
 10
68.52518097631445
 20
2.687203466805613
 30
0.0000000000003575
 11
68.52518097631445
 21
15.68720346680561
 31
0.0000000000003575
  0
ARC
  5
3AB
330
1F
100
AcDbEntity
  8
0
 62
    96
420
    32512
100
AcDbCircle
 10
68.02518097631445
 20
15.68720346680561
 30
0.0000000000003575
 40
0.5
100
AcDbArc
 50
0.0
 51
90.0
  0
LINE
  5
3AC
330
1F
100
AcDbEntity
  8
0
 62
    96
420
    32512
100
AcDbLine
 10
68.02518097631445
 20
16.18720346680561
 30
0.0000000000003575
 11
55.02518097631445
 21
16.18720346680561
 31
0.0000000000003575
  0
ARC
  5
3AD
330
1F
100
AcDbEntity
  8
0
 62
    96
420
    32512
100
AcDbCircle
 10
55.02518097631445
 20
15.68720346680561
 30
0.0000000000003575
 40
0.5
100
AcDbArc
 50
90.0
 51
180.0
  0
LINE
  5
3AE
330
1F
100
AcDbEntity
  8
0
 62
    96
420
    32512
100
AcDbLine
 10
54.52518097631445
 20
15.68720346680561
 30
0.0000000000003575
 11
54.52518097631445
 21
2.687203466805613
 31
0.0000000000003575
  0
ARC
  5
3AF
330
1F
100
AcDbEntity
  8
0
 62
    96
420
    32512
100
AcDbCircle
 10
55.02518097631445
 20
2.687203466805617
 30
0.0000000000003575
 40
0.5000000000000031
100
AcDbArc
 50
180.0000000000004
 51
269.9999999999992
  0
LINE
  5
3B0
330
1F
100
AcDbEntity
  8
0
 62
    96
420
    32512
100
AcDbLine
 10
55.02518097631445
 20
2.187203466805613
 30
0.0000000000003575
 11
68.02518097631445
 21
2.187203466805613
 31
0.0000000000003575
  0
ARC
  5
3B1
330
1F
100
AcDbEntity
  8
0
 62
    96
420
    32512
100
AcDbCircle
 10
229.9501809763144
 20
2.687203466805613
 30
0.0000000000003575
 40
0.4999999999999988
100
AcDbArc
 50
270.0
 51
0.0000000000001018
  0
LINE
  5
3B2
330
1F
100
AcDbEntity
  8
0
 62
    96
420
    32512
100
AcDbLine
 10
230.4501809763144
 20
2.687203466805613
 30
0.0000000000003575
 11
230.4501809763144
 21
15.68720346680561
 31
0.0000000000003575
  0
ARC
  5
3B3
330
1F
100
AcDbEntity
  8
0
 62
    96
420
    32512
100
AcDbCircle
 10
229.9501809763144
 20
15.68720346680561
 30
0.0000000000003575
 40
0.5
100
AcDbArc
 50
0.0
 51
90.0
  0
LINE
  5
3B4
330
1F
100
AcDbEntity
  8
0
 62
    96
420
    32512
100
AcDbLine
 10
229.9501809763144
 20
16.18720346680561
 30
0.0000000000003575
 11
216.9501809763144
 21
16.18720346680561
 31
0.0000000000003575
  0
ARC
  5
3B5
330
1F
100
AcDbEntity
  8
0
 62
    96
420
    32512
100
AcDbCircle
 10
216.9501809763144
 20
15.68720346680561
 30
0.0000000000003575
 40
0.5
100
AcDbArc
 50
90.0
 51
180.0
  0
LINE
  5
3B6
330
1F
100
AcDbEntity
  8
0
 62
    96
420
    32512
100
AcDbLine
 10
216.4501809763144
 20
15.68720346680561
 30
0.0000000000003575
 11
216.4501809763144
 21
2.687203466805613
 31
0.0000000000003575
  0
ARC
  5
3B7
330
1F
100
AcDbEntity
  8
0
 62
    96
420
    32512
100
AcDbCircle
 10
216.9501809763144
 20
2.687203466805617
 30
0.0000000000003575
 40
0.5000000000000031
100
AcDbArc
 50
180.0000000000004
 51
270.0
  0
LINE
  5
3B8
330
1F
100
AcDbEntity
  8
0
 62
    96
420
    32512
100
AcDbLine
 10
216.9501809763144
 20
2.187203466805613
 30
0.0000000000003575
 11
229.9501809763144
 21
2.187203466805613
 31
0.0000000000003575
  0
ARC
  5
3B9
330
1F
100
AcDbEntity
  8
0
 62
    96
420
    32512
100
AcDbCircle
 10
253.7626809763144
 20
2.68720346680562
 30
0.0000000000003575
 40
0.5000000000000071
100
AcDbArc
 50
270.0
 51
359.9999999999992
  0
LINE
  5
3BA
330
1F
100
AcDbEntity
  8
0
 62
    96
420
    32512
100
AcDbLine
 10
254.2626809763144
 20
2.687203466805613
 30
0.0000000000003575
 11
254.2626809763144
 21
15.68720346680561
 31
0.0000000000003575
  0
ARC
  5
3BB
330
1F
100
AcDbEntity
  8
0
 62
    96
420
    32512
100
AcDbCircle
 10
253.7626809763144
 20
15.68720346680559
 30
0.0000000000003575
 40
0.5000000000000201
100
AcDbArc
 50
0.0000000000022391
 51
90.0
  0
LINE
  5
3BC
330
1F
100
AcDbEntity
  8
0
 62
    96
420
    32512
100
AcDbLine
 10
253.7626809763144
 20
16.18720346680561
 30
0.0000000000003575
 11
240.7626809763144
 21
16.18720346680561
 31
0.0000000000003575
  0
ARC
  5
3BD
330
1F
100
AcDbEntity
  8
0
 62
    96
420
    32512
100
AcDbCircle
 10
240.7626809763144
 20
15.68720346680561
 30
0.0000000000003575
 40
0.5
100
AcDbArc
 50
90.0
 51
180.0
  0
LINE
  5
3BE
330
1F
100
AcDbEntity
  8
0
 62
    96
420
    32512
100
AcDbLine
 10
240.2626809763144
 20
15.68720346680561
 30
0.0000000000003575
 11
240.2626809763144
 21
2.687203466805613
 31
0.0000000000003575
  0
ARC
  5
3BF
330
1F
100
AcDbEntity
  8
0
 62
    96
420
    32512
100
AcDbCircle
 10
240.7626809763144
 20
2.687203466805617
 30
0.0000000000003575
 40
0.5000000000000031
100
AcDbArc
 50
180.0000000000004
 51
270.0
  0
LINE
  5
3C0
330
1F
100
AcDbEntity
  8
0
 62
    96
420
    32512
100
AcDbLine
 10
240.7626809763144
 20
2.187203466805613
 30
0.0000000000003575
 11
253.7626809763144
 21
2.187203466805613
 31
0.0000000000003575
  0
ARC
  5
3C1
330
1F
100
AcDbEntity
  8
0
 62
    96
420
    32512
100
AcDbCircle
 10
277.5751809763144
 20
2.68720346680562
 30
0.0000000000003575
 40
0.5000000000000071
100
AcDbArc
 50
270.0
 51
359.9999999999992
  0
LINE
  5
3C2
330
1F
100
AcDbEntity
  8
0
 62
    96
420
    32512
100
AcDbLine
 10
278.0751809763144
 20
2.687203466805613
 30
0.0000000000003575
 11
278.0751809763144
 21
15.68720346680561
 31
0.0000000000003575
  0
ARC
  5
3C3
330
1F
100
AcDbEntity
  8
0
 62
    96
420
    32512
100
AcDbCircle
 10
277.5751809763144
 20
15.68720346680559
 30
0.0000000000003575
 40
0.5000000000000201
100
AcDbArc
 50
0.0000000000022391
 51
89.99999999999349
  0
LINE
  5
3C4
330
1F
100
AcDbEntity
  8
0
 62
    96
420
    32512
100
AcDbLine
 10
277.5751809763144
 20
16.18720346680561
 30
0.0000000000003575
 11
264.5751809763144
 21
16.18720346680561
 31
0.0000000000003575
  0
ARC
  5
3C5
330
1F
100
AcDbEntity
  8
0
 62
    96
420
    32512
100
AcDbCircle
 10
264.5751809763144
 20
15.68720346680561
 30
0.0000000000003575
 40
0.5000000000000083
100
AcDbArc
 50
90.0
 51
179.9999999999992
  0
LINE
  5
3C6
330
1F
100
AcDbEntity
  8
0
 62
    96
420
    32512
100
AcDbLine
 10
264.0751809763144
 20
15.68720346680561
 30
0.0000000000003575
 11
264.0751809763144
 21
2.687203466805613
 31
0.0000000000003575
  0
ARC
  5
3C7
330
1F
100
AcDbEntity
  8
0
 62
    96
420
    32512
100
AcDbCircle
 10
264.5751809763144
 20
2.687203466805638
 30
0.0000000000003575
 40
0.5000000000000231
100
AcDbArc
 50
180.0000000000026
 51
269.9999999999935
  0
LINE
  5
3C8
330
1F
100
AcDbEntity
  8
0
 62
    96
420
    32512
100
AcDbLine
 10
264.5751809763144
 20
2.187203466805613
 30
0.0000000000003575
 11
277.5751809763144
 21
2.187203466805613
 31
0.0000000000003575
  0
LINE
  5
3C9
330
1F
100
AcDbEntity
  8
Mechanical 1
 62
    96
420
    32512
100
AcDbLine
 10
126.3124809163144
 20
3.658005866805581
 30
0.0000000000003575
 11
120.5628810363146
 21
3.658005866805553
 31
0.0000000000003575
  0
ARC
  5
3CA
330
1F
100
AcDbEntity
  8
Mechanical 1
 62
    96
420
    32512
100
AcDbCircle
 10
-120.562881036316
 20
4.158004866807111
 30
-0.0000000000003575
 40
0.4999990000015603
210
0.0
220
0.0
230
-1.0
100
AcDbArc
 50
270.0000000001629
 51
359.9999999998276
  0
LINE
  5
3CB
330
1F
100
AcDbEntity
  8
Mechanical 1
 62
    96
420
    32512
100
AcDbLine
 10
120.0628820363144
 20
4.158004866805609
 30
0.0000000000003575
 11
120.0628820363145
 21
6.888202606805635
 31
0.0000000000003575
  0
LINE
  5
3CC
330
1F
100
AcDbEntity
  8
Mechanical 1
 62
    96
420
    32512
100
AcDbLine
 10
120.0628820363145
 20
6.888202606805635
 30
0.0000000000003575
 11
111.3874293863146
 21
6.888202606805635
 31
0.0000000000003575
  0
LINE
  5
3CD
330
1F
100
AcDbEntity
  8
Mechanical 1
 62
    96
420
    32512
100
AcDbLine
 10
111.3874293863146
 20
6.888202606805635
 30
0.0000000000003575
 11
111.3874293863146
 21
2.737804606805639
 31
0.0000000000003575
  0
ARC
  5
3CE
330
1F
100
AcDbEntity
  8
Mechanical 1
 62
    96
420
    32512
100
AcDbCircle
 10
-110.8374304863187
 20
2.7378046068016
 30
-0.0000000000003575
 40
0.5499988999959008
210
0.0
220
0.0
230
-1.0
100
AcDbArc
 50
179.9999999995791
 51
270.0000000004559
  0
LINE
  5
3CF
330
1F
100
AcDbEntity
  8
Mechanical 1
 62
    96
420
    32512
100
AcDbLine
 10
110.8374304863143
 20
2.187805706805698
 30
0.0000000000003575
 11
97.93793146631423
 21
2.187805706805648
 31
0.0000000000003575
  0
ARC
  5
3D0
330
1F
100
AcDbEntity
  8
Mechanical 1
 62
    96
420
    32512
100
AcDbCircle
 10
-97.93793146631701
 20
2.737804606808478
 30
-0.0000000000003575
 40
0.5499989000028307
210
0.0
220
0.0
230
-1.0
100
AcDbArc
 50
270.0000000002902
 51
359.9999999997116
  0
LINE
  5
3D1
330
1F
100
AcDbEntity
  8
Mechanical 1
 62
    96
420
    32512
100
AcDbLine
 10
97.38793256631418
 20
2.73780460680571
 30
0.0000000000003575
 11
97.38793002631427
 21
6.888202606805635
 31
0.0000000000003575
  0
LINE
  5
3D2
330
1F
100
AcDbEntity
  8
Mechanical 1
 62
    96
420
    32512
100
AcDbLine
 10
97.38793002631427
 20
6.888202606805635
 30
0.0000000000003575
 11
88.71178268631432
 21
6.888202606805692
 31
0.0000000000003575
  0
LINE
  5
3D3
330
1F
100
AcDbEntity
  8
Mechanical 1
 62
    96
420
    32512
100
AcDbLine
 10
88.71178268631432
 20
6.888202606805692
 30
0.0000000000003575
 11
88.71178014631457
 21
4.158004866805641
 31
0.0000000000003575
  0
ARC
  5
3D4
330
1F
100
AcDbEntity
  8
Mechanical 1
 62
    96
420
    32512
100
AcDbCircle
 10
-88.2117811463165
 20
4.158004866803687
 30
-0.0000000000003575
 40
0.4999989999980643
210
0.0
220
0.0
230
-1.0
100
AcDbArc
 50
179.9999999997763
 51
270.0000000002394
  0
LINE
  5
3D5
330
1F
100
AcDbEntity
  8
Mechanical 1
 62
    96
420
    32512
100
AcDbLine
 10
88.21178114631442
 20
3.658005866805624
 30
0.0000000000003575
 11
82.46228286631434
 21
3.658005866805638
 31
0.0000000000003575
  0
ARC
  5
3D6
330
1F
100
AcDbEntity
  8
Mechanical 1
 62
    96
420
    32512
100
AcDbCircle
 10
-82.46228286631616
 20
4.158004866807399
 30
-0.0000000000003575
 40
0.4999990000017626
210
0.0
220
0.0
230
-1.0
100
AcDbArc
 50
270.0000000002084
 51
359.9999999997988
  0
LINE
  5
3D7
330
1F
100
AcDbEntity
  8
Mechanical 1
 62
    96
420
    32512
100
AcDbLine
 10
81.9622838663144
 20
4.158004866805644
 30
0.0000000000003575
 11
81.96228132631448
 21
6.888202606805692
 31
0.0000000000003575
  0
LINE
  5
3D8
330
1F
100
AcDbEntity
  8
Mechanical 1
 62
    96
420
    32512
100
AcDbLine
 10
81.96228132631448
 20
6.888202606805692
 30
0.0000000000003575
 11
81.63678286631442
 21
6.888205146805603
 31
0.0000000000003575
  0
ARC
  5
3D9
330
1F
100
AcDbEntity
  8
Mechanical 1
 62
    96
420
    32512
100
AcDbCircle
 10
-81.63678286631468
 20
7.388204146805776
 30
-0.0000000000003575
 40
0.4999990000001726
210
0.0
220
0.0
230
-1.0
100
AcDbArc
 50
270.0000000000293
 51
359.9999999999837
  0
LINE
  5
3DA
330
1F
100
AcDbEntity
  8
Mechanical 1
 62
    96
420
    32512
100
AcDbLine
 10
81.1367838663145
 20
7.388204146805634
 30
0.0000000000003575
 11
81.13678386631453
 21
9.187004206805625
 31
0.0000000000003575
  0
ARC
  5
3DB
330
1F
100
AcDbEntity
  8
Mechanical 1
 62
    96
420
    32512
100
AcDbCircle
 10
-81.63678286631509
 20
9.187004206805085
 30
-0.0000000000003575
 40
0.4999990000005612
210
0.0
220
0.0
230
-1.0
100
AcDbArc
 50
0.0000000000614739
 51
89.99999999993486
  0
LINE
  5
3DC
330
1F
100
AcDbEntity
  8
Mechanical 1
 62
    96
420
    32512
100
AcDbLine
 10
81.63678286631452
 20
9.687003206805649
 30
0.0000000000003575
 11
81.96228132631448
 21
9.687003206805628
 31
0.0000000000003575
  0
LINE
  5
3DD
330
1F
100
AcDbEntity
  8
Mechanical 1
 62
    96
420
    32512
100
AcDbLine
 10
81.96228132631448
 20
9.687003206805628
 30
0.0000000000003575
 11
81.96228386631445
 21
15.45700436680568
 31
0.0000000000003575
  0
ARC
  5
3DE
330
1F
100
AcDbEntity
  8
Mechanical 1
 62
    96
420
    32512
100
AcDbCircle
 10
-82.46228286631388
 20
15.45700436680627
 30
-0.0000000000003575
 40
0.4999989999994412
210
0.0
220
0.0
230
-1.0
100
AcDbArc
 50
359.9999999999324
 51
90.00000000006676
  0
LINE
  5
3DF
330
1F
100
AcDbEntity
  8
Mechanical 1
 62
    96
420
    32512
100
AcDbLine
 10
82.46228286631448
 20
15.95700336680571
 30
0.0000000000003575
 11
83.68748234631447
 21
15.95700336680562
 31
0.0000000000003575
  0
LINE
  5
3E0
330
1F
100
AcDbEntity
  8
Mechanical 1
 62
    96
420
    32512
100
AcDbLine
 10
83.68748234631447
 20
15.95700336680562
 30
0.0000000000003575
 11
83.68748234631447
 21
16.65730422680571
 31
0.0000000000003575
  0
ARC
  5
3E1
330
1F
100
AcDbEntity
  8
Mechanical 1
 62
    96
420
    32512
100
AcDbCircle
 10
-84.18748134631527
 20
16.65730422680488
 30
-0.0000000000003575
 40
0.4999990000008041
210
0.0
220
0.0
230
-1.0
100
AcDbArc
 50
0.0000000000944499
 51
89.99999999991206
  0
LINE
  5
3E2
330
1F
100
AcDbEntity
  8
Mechanical 1
 62
    96
420
    32512
100
AcDbLine
 10
84.1874813463145
 20
17.15730322680569
 30
0.0000000000003575
 11
86.48788060631453
 21
17.15730322680571
 31
0.0000000000003575
  0
ARC
  5
3E3
330
1F
100
AcDbEntity
  8
Mechanical 1
 62
    96
420
    32512
100
AcDbCircle
 10
-86.48788060631135
 20
16.65730422680263
 30
-0.0000000000003575
 40
0.4999990000030771
210
0.0
220
0.0
230
-1.0
100
AcDbArc
 50
90.00000000036476
 51
179.9999999996466
  0
LINE
  5
3E4
330
1F
100
AcDbEntity
  8
Mechanical 1
 62
    96
420
    32512
100
AcDbLine
 10
86.98787960631442
 20
16.65730422680571
 30
0.0000000000003575
 11
86.98788214631462
 21
15.95700336680562
 31
0.0000000000003575
  0
LINE
  5
3E5
330
1F
100
AcDbEntity
  8
Mechanical 1
 62
    96
420
    32512
100
AcDbLine
 10
86.98788214631462
 20
15.95700336680562
 30
0.0000000000003575
 11
88.21178114631446
 21
15.95700336680568
 31
0.0000000000003575
  0
ARC
  5
3E6
330
1F
100
AcDbEntity
  8
Mechanical 1
 62
    96
420
    32512
100
AcDbCircle
 10
-88.21178114631427
 20
15.4570043668055
 30
-0.0000000000003575
 40
0.4999990000001767
210
0.0
220
0.0
230
-1.0
100
AcDbArc
 50
90.00000000002281
 51
179.9999999999776
  0
LINE
  5
3E7
330
1F
100
AcDbEntity
  8
Mechanical 1
 62
    96
420
    32512
100
AcDbLine
 10
88.71178014631444
 20
15.4570043668057
 30
0.0000000000003575
 11
88.71178268631432
 21
11.48810450680566
 31
0.0000000000003575
  0
LINE
  5
3E8
330
1F
100
AcDbEntity
  8
Mechanical 1
 62
    96
420
    32512
100
AcDbLine
 10
88.71178268631432
 20
11.48810450680566
 30
0.0000000000003575
 11
97.38793002631427
 21
11.4881045068056
 31
0.0000000000003575
  0
LINE
  5
3E9
330
1F
100
AcDbEntity
  8
Mechanical 1
 62
    96
420
    32512
100
AcDbLine
 10
97.38793002631427
 20
11.4881045068056
 30
0.0000000000003575
 11
97.38793256631425
 21
15.63720456680562
 31
0.0000000000003575
  0
ARC
  5
3EA
330
1F
100
AcDbEntity
  8
Mechanical 1
 62
    96
420
    32512
100
AcDbCircle
 10
-97.93793146631423
 20
15.63720456680566
 30
-0.0000000000003575
 40
0.5499988999999806
210
0.0
220
0.0
230
-1.0
100
AcDbArc
 50
359.9999999999967
 51
90.00000000002223
  0
LINE
  5
3EB
330
1F
100
AcDbEntity
  8
Mechanical 1
 62
    96
420
    32512
100
AcDbLine
 10
97.93793146631444
 20
16.18720346680563
 30
0.0000000000003575
 11
110.8374304863146
 21
16.18720346680561
 31
0.0000000000003575
  0
ARC
  5
3EC
330
1F
100
AcDbEntity
  8
Mechanical 1
 62
    96
420
    32512
100
AcDbCircle
 10
-110.837430486316
 20
15.63720456680721
 30
-0.0000000000003575
 40
0.5499988999983972
210
0.0
220
0.0
230
-1.0
100
AcDbArc
 50
89.999999999849
 51
180.0000000001588
  0
LINE
  5
3ED
330
1F
100
AcDbEntity
  8
Mechanical 1
 62
    96
420
    32512
100
AcDbLine
 10
111.3874293863144
 20
15.63720456680569
 30
0.0000000000003575
 11
111.3874293863146
 21
11.4881045068056
 31
0.0000000000003575
  0
LINE
  5
3EE
330
1F
100
AcDbEntity
  8
Mechanical 1
 62
    96
420
    32512
100
AcDbLine
 10
111.3874293863146
 20
11.4881045068056
 30
0.0000000000003575
 11
120.0628820363145
 21
11.4881045068056
 31
0.0000000000003575
  0
LINE
  5
3EF
330
1F
100
AcDbEntity
  8
Mechanical 1
 62
    96
420
    32512
100
AcDbLine
 10
120.0628820363145
 20
11.4881045068056
 30
0.0000000000003575
 11
120.0628820363145
 21
15.45700436680556
 31
0.0000000000003575
  0
ARC
  5
3F0
330
1F
100
AcDbEntity
  8
Mechanical 1
 62
    96
420
    32512
100
AcDbCircle
 10
-120.562881036316
 20
15.45700436680411
 30
-0.0000000000003575
 40
0.4999990000014669
210
0.0
220
0.0
230
-1.0
100
AcDbArc
 50
0.0000000001669158
 51
89.99999999981273
  0
LINE
  5
3F1
330
1F
100
AcDbEntity
  8
Mechanical 1
 62
    96
420
    32512
100
AcDbLine
 10
120.5628810363143
 20
15.95700336680557
 30
0.0000000000003575
 11
121.7881821163146
 21
15.95700336680557
 31
0.0000000000003575
  0
LINE
  5
3F2
330
1F
100
AcDbEntity
  8
Mechanical 1
 62
    96
420
    32512
100
AcDbLine
 10
121.7881821163146
 20
15.95700336680557
 30
0.0000000000003575
 11
121.7881821163146
 21
16.65730422680565
 31
0.0000000000003575
  0
ARC
  5
3F3
330
1F
100
AcDbEntity
  8
Mechanical 1
 62
    96
420
    32512
100
AcDbCircle
 10
-122.2881811163152
 20
16.65730422680512
 30
-0.0000000000003575
 40
0.4999990000005351
210
0.0
220
0.0
230
-1.0
100
AcDbArc
 50
0.0000000000602525
 51
89.9999999999202
  0
LINE
  5
3F4
330
1F
100
AcDbEntity
  8
Mechanical 1
 62
    96
420
    32512
100
AcDbLine
 10
122.2881811163144
 20
17.15730322680566
 30
0.0000000000003575
 11
124.5871909963143
 21
17.1573032268056
 31
0.0000000000003575
  0
ARC
  5
3F5
330
1F
100
AcDbEntity
  8
Mechanical 1
 62
    96
420
    32512
100
AcDbCircle
 10
-124.5871909963128
 20
16.65730422680395
 30
-0.0000000000003575
 40
0.4999990000016455
210
0.0
220
0.0
230
-1.0
100
AcDbArc
 50
90.00000000017914
 51
179.9999999998099
  0
LINE
  5
3F6
330
1F
100
AcDbEntity
  8
Mechanical 1
 62
    96
420
    32512
100
AcDbLine
 10
125.0871899963144
 20
16.65730422680561
 30
0.0000000000003575
 11
125.0871925363144
 21
15.95700336680557
 31
0.0000000000003575
  0
LINE
  5
3F7
330
1F
100
AcDbEntity
  8
Mechanical 1
 62
    96
420
    32512
100
AcDbLine
 10
125.0871925363144
 20
15.95700336680557
 30
0.0000000000003575
 11
126.3124809163144
 21
15.95700336680562
 31
0.0000000000003575
  0
ARC
  5
3F8
330
1F
100
AcDbEntity
  8
Mechanical 1
 62
    96
420
    32512
100
AcDbCircle
 10
-126.3124809163157
 20
15.45700436680693
 30
-0.0000000000003575
 40
0.4999989999986955
210
0.0
220
0.0
230
-1.0
100
AcDbArc
 50
89.99999999984041
 51
180.0000000001474
  0
LINE
  5
3F9
330
1F
100
AcDbEntity
  8
Mechanical 1
 62
    96
420
    32512
100
AcDbLine
 10
126.8124799163144
 20
15.45700436680564
 30
0.0000000000003575
 11
126.8124824563144
 21
9.68700320680557
 31
0.0000000000003575
  0
LINE
  5
3FA
330
1F
100
AcDbEntity
  8
Mechanical 1
 62
    96
420
    32512
100
AcDbLine
 10
126.8124824563144
 20
9.68700320680557
 30
0.0000000000003575
 11
127.1379529763144
 21
9.687003206805628
 31
0.0000000000003575
  0
ARC
  5
3FB
330
1F
100
AcDbEntity
  8
Mechanical 1
 62
    96
420
    32512
100
AcDbCircle
 10
-127.1379529763162
 20
9.187004206807387
 30
-0.0000000000003575
 40
0.4999989999982419
210
0.0
220
0.0
230
-1.0
100
AcDbArc
 50
89.99999999979156
 51
180.0000000002009
  0
LINE
  5
3FC
330
1F
100
AcDbEntity
  8
Mechanical 1
 62
    96
420
    32512
100
AcDbLine
 10
127.6379519763145
 20
9.187004206805632
 30
0.0000000000003575
 11
127.6379519763145
 21
7.388204146805663
 31
0.0000000000003575
  0
ARC
  5
3FD
330
1F
100
AcDbEntity
  8
Mechanical 1
 62
    96
420
    32512
100
AcDbCircle
 10
-127.1379529763164
 20
7.38820414680373
 30
-0.0000000000003575
 40
0.4999989999980822
210
0.0
220
0.0
230
-1.0
100
AcDbArc
 50
179.9999999997787
 51
270.0000000002231
  0
LINE
  5
3FE
330
1F
100
AcDbEntity
  8
Mechanical 1
 62
    96
420
    32512
100
AcDbLine
 10
127.1379529763145
 20
6.88820514680565
 30
0.0000000000003575
 11
126.8124824563144
 21
6.888202606805635
 31
0.0000000000003575
  0
LINE
  5
3FF
330
1F
100
AcDbEntity
  8
Mechanical 1
 62
    96
420
    32512
100
AcDbLine
 10
126.8124824563144
 20
6.888202606805635
 30
0.0000000000003575
 11
126.8124799163145
 21
4.158004866805584
 31
0.0000000000003575
  0
ARC
  5
400
330
1F
100
AcDbEntity
  8
Mechanical 1
 62
    96
420
    32512
100
AcDbCircle
 10
-126.3124809163145
 20
4.158004866805559
 30
-0.0000000000003575
 40
0.4999989999999789
210
0.0
220
0.0
230
-1.0
100
AcDbArc
 50
179.9999999999972
 51
270.0000000000147
  0
LINE
  5
401
330
1F
100
AcDbEntity
  8
Mechanical 1
 62
    96
420
    32512
100
AcDbLine
 10
189.1322218688044
 20
11.4881045068056
 30
0.0000000000003568
 11
187.5874319263148
 21
11.4881045068056
 31
0.0000000000003568
  0
LINE
  5
402
330
1F
100
AcDbEntity
  8
Mechanical 1
 62
    96
420
    32512
100
AcDbLine
 10
187.5874319263148
 20
11.4881045068056
 30
0.0000000000003568
 11
187.5874293863149
 21
15.63720456680562
 31
0.0000000000003568
  0
ARC
  5
403
330
1F
100
AcDbEntity
  8
Mechanical 1
 62
    96
420
    32512
100
AcDbCircle
 10
187.0374304863149
 20
15.63720456680565
 30
0.0000000000003568
 40
0.5499988999999829
100
AcDbArc
 50
359.9999999999968
 51
90.00000000002368
  0
LINE
  5
404
330
1F
100
AcDbEntity
  8
Mechanical 1
 62
    96
420
    32512
100
AcDbLine
 10
187.0374304863146
 20
16.18720346680563
 30
0.0000000000003568
 11
174.1379314663145
 21
16.18720346680561
 31
0.0000000000003568
  0
ARC
  5
405
330
1F
100
AcDbEntity
  8
Mechanical 1
 62
    96
420
    32512
100
AcDbCircle
 10
174.1379314663131
 20
15.63720456680721
 30
0.0000000000003568
 40
0.549998899998401
100
AcDbArc
 50
89.999999999849
 51
180.0000000001584
  0
LINE
  5
406
330
1F
100
AcDbEntity
  8
Mechanical 1
 62
    96
420
    32512
100
AcDbLine
 10
173.5879325663147
 20
15.63720456680569
 30
0.0000000000003568
 11
173.5879325663145
 21
11.4881045068056
 31
0.0000000000003568
  0
LINE
  5
407
330
1F
100
AcDbEntity
  8
Mechanical 1
 62
    96
420
    32512
100
AcDbLine
 10
173.5879325663145
 20
11.4881045068056
 30
0.0000000000003568
 11
164.9124799163146
 21
11.4881045068056
 31
0.0000000000003568
  0
LINE
  5
408
330
1F
100
AcDbEntity
  8
Mechanical 1
 62
    96
420
    32512
100
AcDbLine
 10
164.9124799163146
 20
11.4881045068056
 30
0.0000000000003568
 11
164.9124799163146
 21
15.45700436680556
 31
0.0000000000003568
  0
ARC
  5
409
330
1F
100
AcDbEntity
  8
Mechanical 1
 62
    96
420
    32512
100
AcDbCircle
 10
164.4124809163131
 20
15.45700436680411
 30
0.0000000000003568
 40
0.4999990000014669
100
AcDbArc
 50
0.0000000001669158
 51
89.9999999998111
  0
LINE
  5
40A
330
1F
100
AcDbEntity
  8
Mechanical 1
 62
    96
420
    32512
100
AcDbLine
 10
164.4124809163148
 20
15.95700336680557
 30
0.0000000000003568
 11
163.1871798363145
 21
15.95700336680557
 31
0.0000000000003568
  0
LINE
  5
40B
330
1F
100
AcDbEntity
  8
Mechanical 1
 62
    96
420
    32512
100
AcDbLine
 10
163.1871798363145
 20
15.95700336680557
 30
0.0000000000003568
 11
163.1871798363145
 21
16.65730422680565
 31
0.0000000000003568
  0
ARC
  5
40C
330
1F
100
AcDbEntity
  8
Mechanical 1
 62
    96
420
    32512
100
AcDbCircle
 10
162.6871808363139
 20
16.65730422680512
 30
0.0000000000003568
 40
0.4999990000005351
100
AcDbArc
 50
0.0000000000602525
 51
89.99999999991857
  0
LINE
  5
40D
330
1F
100
AcDbEntity
  8
Mechanical 1
 62
    96
420
    32512
100
AcDbLine
 10
162.6871808363146
 20
17.15730322680566
 30
0.0000000000003568
 11
160.3881709563148
 21
17.1573032268056
 31
0.0000000000003568
  0
ARC
  5
40E
330
1F
100
AcDbEntity
  8
Mechanical 1
 62
    96
420
    32512
100
AcDbCircle
 10
160.3881709563163
 20
16.65730422680395
 30
0.0000000000003568
 40
0.4999990000016455
100
AcDbArc
 50
90.00000000017914
 51
179.9999999998099
  0
LINE
  5
40F
330
1F
100
AcDbEntity
  8
Mechanical 1
 62
    96
420
    32512
100
AcDbLine
 10
159.8881719563147
 20
16.65730422680561
 30
0.0000000000003568
 11
159.8881694163147
 21
15.95700336680557
 31
0.0000000000003568
  0
LINE
  5
410
330
1F
100
AcDbEntity
  8
Mechanical 1
 62
    96
420
    32512
100
AcDbLine
 10
159.8881694163147
 20
15.95700336680557
 30
0.0000000000003568
 11
158.6628810363147
 21
15.95700336680562
 31
0.0000000000003568
  0
ARC
  5
411
330
1F
100
AcDbEntity
  8
Mechanical 1
 62
    96
420
    32512
100
AcDbCircle
 10
158.6628810363133
 20
15.45700436680693
 30
0.0000000000003568
 40
0.4999989999986955
100
AcDbArc
 50
89.99999999984041
 51
180.0000000001474
  0
LINE
  5
412
330
1F
100
AcDbEntity
  8
Mechanical 1
 62
    96
420
    32512
100
AcDbLine
 10
158.1628820363146
 20
15.45700436680564
 30
0.0000000000003568
 11
158.1628794963146
 21
9.68700320680557
 31
0.0000000000003568
  0
LINE
  5
413
330
1F
100
AcDbEntity
  8
Mechanical 1
 62
    96
420
    32512
100
AcDbLine
 10
158.1628794963146
 20
9.68700320680557
 30
0.0000000000003568
 11
157.8374089763147
 21
9.687003206805628
 31
0.0000000000003568
  0
ARC
  5
414
330
1F
100
AcDbEntity
  8
Mechanical 1
 62
    96
420
    32512
100
AcDbCircle
 10
157.8374089763129
 20
9.187004206807387
 30
0.0000000000003568
 40
0.4999989999982419
100
AcDbArc
 50
89.99999999979156
 51
180.0000000002009
  0
LINE
  5
415
330
1F
100
AcDbEntity
  8
Mechanical 1
 62
    96
420
    32512
100
AcDbLine
 10
157.3374099763146
 20
9.187004206805632
 30
0.0000000000003568
 11
157.3374099763146
 21
7.388204146805663
 31
0.0000000000003568
  0
ARC
  5
416
330
1F
100
AcDbEntity
  8
Mechanical 1
 62
    96
420
    32512
100
AcDbCircle
 10
157.8374089763126
 20
7.38820414680373
 30
0.0000000000003568
 40
0.4999989999980822
100
AcDbArc
 50
179.9999999997787
 51
270.0000000002215
  0
LINE
  5
417
330
1F
100
AcDbEntity
  8
Mechanical 1
 62
    96
420
    32512
100
AcDbLine
 10
157.8374089763146
 20
6.88820514680565
 30
0.0000000000003568
 11
158.1628794963146
 21
6.888202606805635
 31
0.0000000000003568
  0
LINE
  5
418
330
1F
100
AcDbEntity
  8
Mechanical 1
 62
    96
420
    32512
100
AcDbLine
 10
158.1628794963146
 20
6.888202606805635
 30
0.0000000000003568
 11
158.1628820363146
 21
4.158004866805584
 31
0.0000000000003568
  0
ARC
  5
419
330
1F
100
AcDbEntity
  8
Mechanical 1
 62
    96
420
    32512
100
AcDbCircle
 10
158.6628810363145
 20
4.158004866805474
 30
0.0000000000003568
 40
0.4999989999998954
100
AcDbArc
 50
179.9999999999873
 51
270.0000000000065
  0
LINE
  5
41A
330
1F
100
AcDbEntity
  8
Mechanical 1
 62
    96
420
    32512
100
AcDbLine
 10
158.6628810363146
 20
3.658005866805578
 30
0.0000000000003568
 11
164.4124809163145
 21
3.658005866805553
 31
0.0000000000003568
  0
ARC
  5
41B
330
1F
100
AcDbEntity
  8
Mechanical 1
 62
    96
420
    32512
100
AcDbCircle
 10
164.4124809163131
 20
4.158004866807111
 30
0.0000000000003568
 40
0.4999990000015603
100
AcDbArc
 50
270.0000000001629
 51
359.9999999998276
  0
LINE
  5
41C
330
1F
100
AcDbEntity
  8
Mechanical 1
 62
    96
420
    32512
100
AcDbLine
 10
164.9124799163147
 20
4.158004866805609
 30
0.0000000000003568
 11
164.9124799163146
 21
6.888202606805635
 31
0.0000000000003568
  0
LINE
  5
41D
330
1F
100
AcDbEntity
  8
Mechanical 1
 62
    96
420
    32512
100
AcDbLine
 10
164.9124799163146
 20
6.888202606805635
 30
0.0000000000003568
 11
173.5879325663145
 21
6.888202606805635
 31
0.0000000000003568
  0
LINE
  5
41E
330
1F
100
AcDbEntity
  8
Mechanical 1
 62
    96
420
    32512
100
AcDbLine
 10
173.5879325663145
 20
6.888202606805635
 30
0.0000000000003568
 11
173.5879325663145
 21
2.737804606805639
 31
0.0000000000003568
  0
ARC
  5
41F
330
1F
100
AcDbEntity
  8
Mechanical 1
 62
    96
420
    32512
100
AcDbCircle
 10
174.1379314663104
 20
2.737804606801607
 30
0.0000000000003568
 40
0.5499988999959109
100
AcDbArc
 50
179.9999999995801
 51
270.000000000453
  0
LINE
  5
420
330
1F
100
AcDbEntity
  8
Mechanical 1
 62
    96
420
    32512
100
AcDbLine
 10
174.1379314663148
 20
2.187805706805698
 30
0.0000000000003568
 11
187.0374304863149
 21
2.187805706805648
 31
0.0000000000003568
  0
ARC
  5
421
330
1F
100
AcDbEntity
  8
Mechanical 1
 62
    96
420
    32512
100
AcDbCircle
 10
187.0374304863121
 20
2.737804606808478
 30
0.0000000000003568
 40
0.5499989000028307
100
AcDbArc
 50
270.0000000002902
 51
359.9999999997116
  0
LINE
  5
422
330
1F
100
AcDbEntity
  8
Mechanical 1
 62
    96
420
    32512
100
AcDbLine
 10
187.5874293863149
 20
2.73780460680571
 30
0.0000000000003568
 11
187.5874319263148
 21
6.888202606805635
 31
0.0000000000003568
  0
LINE
  5
423
330
1F
100
AcDbEntity
  8
Mechanical 1
 62
    96
420
    32512
100
AcDbLine
 10
187.5874319263148
 20
6.888202606805635
 30
0.0000000000003568
 11
196.2635792663148
 21
6.888202606805692
 31
0.0000000000003568
  0
LINE
  5
424
330
1F
100
AcDbEntity
  8
Mechanical 1
 62
    96
420
    32512
100
AcDbLine
 10
196.2635792663148
 20
6.888202606805692
 30
0.0000000000003568
 11
196.2635818063145
 21
4.158004866805641
 31
0.0000000000003568
  0
ARC
  5
425
330
1F
100
AcDbEntity
  8
Mechanical 1
 62
    96
420
    32512
100
AcDbCircle
 10
196.7635808063126
 20
4.158004866803701
 30
0.0000000000003568
 40
0.4999989999980767
100
AcDbArc
 50
179.9999999997777
 51
270.000000000241
  0
LINE
  5
426
330
1F
100
AcDbEntity
  8
Mechanical 1
 62
    96
420
    32512
100
AcDbLine
 10
196.7635808063147
 20
3.658005866805624
 30
0.0000000000003568
 11
202.5130790863147
 21
3.658005866805638
 31
0.0000000000003568
  0
ARC
  5
427
330
1F
100
AcDbEntity
  8
Mechanical 1
 62
    96
420
    32512
100
AcDbCircle
 10
202.5130790863129
 20
4.158004866807413
 30
0.0000000000003568
 40
0.4999990000017747
100
AcDbArc
 50
270.0000000002084
 51
359.9999999997972
  0
LINE
  5
428
330
1F
100
AcDbEntity
  8
Mechanical 1
 62
    96
420
    32512
100
AcDbLine
 10
203.0130780863147
 20
4.158004866805644
 30
0.0000000000003568
 11
203.0130806263146
 21
6.888202606805692
 31
0.0000000000003568
  0
LINE
  5
429
330
1F
100
AcDbEntity
  8
Mechanical 1
 62
    96
420
    32512
100
AcDbLine
 10
203.0130806263146
 20
6.888202606805692
 30
0.0000000000003568
 11
203.3385790863147
 21
6.888205146805575
 31
0.0000000000003568
  0
ARC
  5
42A
330
1F
100
AcDbEntity
  8
Mechanical 1
 62
    96
420
    32512
100
AcDbCircle
 10
203.3385790863144
 20
7.388204146805769
 30
0.0000000000003568
 40
0.4999990000001963
100
AcDbArc
 50
270.0000000000326
 51
359.9999999999843
  0
LINE
  5
42B
330
1F
100
AcDbEntity
  8
Mechanical 1
 62
    96
420
    32512
100
AcDbLine
 10
203.8385780863146
 20
7.388204146805634
 30
0.0000000000003568
 11
203.8385780863145
 21
9.187004206805625
 31
0.0000000000003568
  0
ARC
  5
42C
330
1F
100
AcDbEntity
  8
Mechanical 1
 62
    96
420
    32512
100
AcDbCircle
 10
203.338579086314
 20
9.1870042068051
 30
0.0000000000003568
 40
0.4999990000005508
100
AcDbArc
 50
0.0000000000604561
 51
89.9999999999316
  0
LINE
  5
42D
330
1F
100
AcDbEntity
  8
Mechanical 1
 62
    96
420
    32512
100
AcDbLine
 10
203.3385790863146
 20
9.687003206805649
 30
0.0000000000003568
 11
203.0130806263146
 21
9.687003206805628
 31
0.0000000000003568
  0
LINE
  5
42E
330
1F
100
AcDbEntity
  8
Mechanical 1
 62
    96
420
    32512
100
AcDbLine
 10
203.0130806263146
 20
9.687003206805628
 30
0.0000000000003568
 11
203.0130780863146
 21
15.45700436680568
 31
0.0000000000003568
  0
ARC
  5
42F
330
1F
100
AcDbEntity
  8
Mechanical 1
 62
    96
420
    32512
100
AcDbCircle
 10
202.5130790863152
 20
15.45700436680626
 30
0.0000000000003568
 40
0.4999989999994483
100
AcDbArc
 50
359.9999999999333
 51
90.00000000006513
  0
LINE
  5
430
330
1F
100
AcDbEntity
  8
Mechanical 1
 62
    96
420
    32512
100
AcDbLine
 10
202.5130790863146
 20
15.95700336680571
 30
0.0000000000003568
 11
201.2878796063146
 21
15.95700336680562
 31
0.0000000000003568
  0
LINE
  5
431
330
1F
100
AcDbEntity
  8
Mechanical 1
 62
    96
420
    32512
100
AcDbLine
 10
201.2878796063146
 20
15.95700336680562
 30
0.0000000000003568
 11
201.2878796063146
 21
16.65730422680571
 31
0.0000000000003568
  0
ARC
  5
432
330
1F
100
AcDbEntity
  8
Mechanical 1
 62
    96
420
    32512
100
AcDbCircle
 10
200.7878806063138
 20
16.65730422680491
 30
0.0000000000003568
 40
0.4999990000007757
100
AcDbArc
 50
0.000000000091193
 51
89.99999999991206
  0
LINE
  5
433
330
1F
100
AcDbEntity
  8
Mechanical 1
 62
    96
420
    32512
100
AcDbLine
 10
200.7878806063146
 20
17.15730322680569
 30
0.0000000000003568
 11
198.4874813463146
 21
17.15730322680571
 31
0.0000000000003568
  0
ARC
  5
434
330
1F
100
AcDbEntity
  8
Mechanical 1
 62
    96
420
    32512
100
AcDbCircle
 10
198.4874813463177
 20
16.65730422680264
 30
0.0000000000003568
 40
0.499999000003065
100
AcDbArc
 50
90.00000000036476
 51
179.9999999996483
  0
LINE
  5
435
330
1F
100
AcDbEntity
  8
Mechanical 1
 62
    96
420
    32512
100
AcDbLine
 10
197.9874823463147
 20
16.65730422680571
 30
0.0000000000003568
 11
197.9874798063145
 21
15.95700336680562
 31
0.0000000000003568
  0
LINE
  5
436
330
1F
100
AcDbEntity
  8
Mechanical 1
 62
    96
420
    32512
100
AcDbLine
 10
197.9874798063145
 20
15.95700336680562
 30
0.0000000000003568
 11
196.7635808063146
 21
15.95700336680565
 31
0.0000000000003568
  0
ARC
  5
437
330
1F
100
AcDbEntity
  8
Mechanical 1
 62
    96
420
    32512
100
AcDbCircle
 10
196.7635808063148
 20
15.45700436680549
 30
0.0000000000003568
 40
0.4999990000001557
100
AcDbArc
 50
90.00000000001954
 51
179.9999999999768
  0
LINE
  5
438
330
1F
100
AcDbEntity
  8
Mechanical 1
 62
    96
420
    32512
100
AcDbLine
 10
196.2635818063146
 20
15.4570043668057
 30
0.0000000000003568
 11
196.2635792663148
 21
11.48810450680566
 31
0.0000000000003568
  0
LINE
  5
439
330
1F
100
AcDbEntity
  8
Mechanical 1
 62
    96
420
    32512
100
AcDbLine
 10
196.2635792663148
 20
11.48810450680566
 30
0.0000000000003568
 11
191.8424159636241
 21
11.48810450680561
 31
0.0000000000003568
  0
ARC
  5
43A
330
1F
100
AcDbEntity
  8
Mechanical 1
 62
    96
420
    32512
100
AcDbCircle
 10
190.4873189162143
 20
9.387220885064394
 30
0.0000000000003568
 40
2.499999999999851
100
AcDbArc
 50
57.17746176942217
 51
122.8225382305786
  0
ENDSEC
  0
SECTION
  2
OBJECTS
  0
DICTIONARY
  5
C
330
0
100
AcDbDictionary
281
     1
  3
ACAD_DETAILVIEWSTYLE
350
48F
  3
ACAD_GROUP
350
D
  3
ACAD_LAYOUT
350
1A
  3
ACAD_MATERIAL
350
43
  3
ACAD_MLEADERSTYLE
350
5B
  3
ACAD_MLINESTYLE
350
17
  3
ACAD_PLOTSETTINGS
350
19
  3
ACAD_PLOTSTYLENAME
350
E
  3
ACAD_SCALELIST
350
47
  3
ACAD_SECTIONVIEWSTYLE
350
490
  3
ACAD_TABLESTYLE
350
59
  3
ACAD_VISUALSTYLE
350
2A
  3
ACDB_RECOMPOSE_DATA
350
48C
  3
AcDbVariableDictionary
350
454
  0
SUN
  5
5D
330
29
100
AcDbSun
 90
        1
290
     0
 63
     7
421
 16777215
 40
1.0
291
     1
 91
  2455826
 92
 54000000
292
     0
 70
     2
 71
   256
280
     1
  0
DICTIONARY
  5
48F
102
{ACAD_REACTORS
330
C
102
}
330
C
100
AcDbDictionary
281
     1
  0
DICTIONARY
  5
D
102
{ACAD_REACTORS
330
C
102
}
330
C
100
AcDbDictionary
281
     1
  3
群组530
350
43B
  3
群组532
350
43C
  3
群组664
350
43D
  3
群组665
350
43E
  3
群组669
350
43F
  3
群组670
350
440
  3
群组671
350
441
  3
群组672
350
442
  3
群组673
350
443
  3
群组674
350
444
  3
群组675
350
445
  3
群组676
350
446
  3
群组681
350
447
  3
群组682
350
448
  3
群组683
350
449
  3
群组684
350
44A
  3
群组685
350
44B
  3
群组686
350
44C
  3
群组687
350
44D
  3
群组688
350
44E
  3
群组689
350
44F
  3
群组690
350
450
  3
群组691
350
451
  3
群组692
350
452
  3
群组694
350
453
  0
DICTIONARY
  5
1A
102
{ACAD_REACTORS
330
C
102
}
330
C
100
AcDbDictionary
281
     1
  3
Layout1
350
1E
  3
Layout2
350
26
  3
Model
350
22
  0
DICTIONARY
  5
43
102
{ACAD_REACTORS
330
C
102
}
330
C
100
AcDbDictionary
281
     1
  3
ByBlock
350
45
  3
ByLayer
350
44
  3
Global
350
46
  0
DICTIONARY
  5
5B
102
{ACAD_REACTORS
330
C
102
}
330
C
100
AcDbDictionary
281
     1
  3
Standard
350
5C
  0
DICTIONARY
  5
17
102
{ACAD_REACTORS
330
C
102
}
330
C
100
AcDbDictionary
281
     1
  3
Standard
350
18
  0
DICTIONARY
  5
19
102
{ACAD_REACTORS
330
C
102
}
330
C
100
AcDbDictionary
281
     1
  0
ACDBDICTIONARYWDFLT
  5
E
102
{ACAD_REACTORS
330
C
102
}
330
C
100
AcDbDictionary
281
     1
  3
Normal
350
F
100
AcDbDictionaryWithDefault
340
F
  0
DICTIONARY
  5
47
102
{ACAD_REACTORS
330
C
102
}
330
C
100
AcDbDictionary
281
     1
  3
A0
350
48
  3
A1
350
49
  3
A2
350
4A
  3
A3
350
4B
  3
A4
350
4C
  3
A5
350
4D
  3
A6
350
4E
  3
A7
350
4F
  3
A8
350
50
  3
A9
350
51
  3
B1
350
52
  3
B2
350
53
  3
B3
350
54
  3
B4
350
55
  3
B5
350
56
  3
B6
350
57
  3
B7
350
58
  0
DICTIONARY
  5
490
102
{ACAD_REACTORS
330
C
102
}
330
C
100
AcDbDictionary
281
     1
  0
DICTIONARY
  5
59
102
{ACAD_REACTORS
330
C
102
}
330
C
100
AcDbDictionary
281
     1
  3
Standard
350
5A
  0
DICTIONARY
  5
2A
102
{ACAD_REACTORS
330
C
102
}
330
C
100
AcDbDictionary
281
     1
  3
2dWireframe
350
2F
  3
Basic
350
32
  3
Brighten
350
36
  3
ColorChange
350
3A
  3
Conceptual
350
34
  3
Dim
350
35
  3
EdgeColorOff
350
3D
  3
Facepattern
350
39
  3
Flat
350
2B
  3
FlatWithEdges
350
2C
  3
Gouraud
350
2D
  3
GouraudWithEdges
350
2E
  3
Hidden
350
31
  3
JitterOff
350
3B
  3
Linepattern
350
38
  3
OverhangOff
350
3C
  3
Realistic
350
33
  3
Shaded
350
42
  3
Shaded with edges
350
41
  3
Shades of Gray
350
3E
  3
Sketchy
350
3F
  3
Thicken
350
37
  3
Wireframe
350
30
  3
X-Ray
350
40
  0
XRECORD
  5
48C
102
{ACAD_REACTORS
330
C
102
}
330
C
100
AcDbXrecord
280
     1
 90
        1
330
5A
  0
DICTIONARY
  5
454
102
{ACAD_REACTORS
330
C
102
}
330
C
100
AcDbDictionary
281
     1
  3
CANNOSCALE
350
455
  3
CMLEADERSTYLE
350
48E
  3
CTABLESTYLE
350
48D
  3
XCLIPFRAME
350
456
  0
GROUP
  5
43B
102
{ACAD_REACTORS
330
D
102
}
330
D
100
AcDbGroup
300

 70
     0
 71
     1
  0
GROUP
  5
43C
102
{ACAD_REACTORS
330
D
102
}
330
D
100
AcDbGroup
300

 70
     0
 71
     1
  0
GROUP
  5
43D
102
{ACAD_REACTORS
330
D
102
}
330
D
100
AcDbGroup
300

 70
     0
 71
     1
  0
GROUP
  5
43E
102
{ACAD_REACTORS
330
D
102
}
330
D
100
AcDbGroup
300

 70
     0
 71
     1
  0
GROUP
  5
43F
102
{ACAD_REACTORS
330
D
102
}
330
D
100
AcDbGroup
300

 70
     0
 71
     1
  0
GROUP
  5
440
102
{ACAD_REACTORS
330
D
102
}
330
D
100
AcDbGroup
300

 70
     0
 71
     1
  0
GROUP
  5
441
102
{ACAD_REACTORS
330
D
102
}
330
D
100
AcDbGroup
300

 70
     0
 71
     1
  0
GROUP
  5
442
102
{ACAD_REACTORS
330
D
102
}
330
D
100
AcDbGroup
300

 70
     0
 71
     1
  0
GROUP
  5
443
102
{ACAD_REACTORS
330
D
102
}
330
D
100
AcDbGroup
300

 70
     0
 71
     1
  0
GROUP
  5
444
102
{ACAD_REACTORS
330
D
102
}
330
D
100
AcDbGroup
300

 70
     0
 71
     1
  0
GROUP
  5
445
102
{ACAD_REACTORS
330
D
102
}
330
D
100
AcDbGroup
300

 70
     0
 71
     1
  0
GROUP
  5
446
102
{ACAD_REACTORS
330
D
102
}
330
D
100
AcDbGroup
300

 70
     0
 71
     1
  0
GROUP
  5
447
102
{ACAD_REACTORS
330
D
102
}
330
D
100
AcDbGroup
300

 70
     0
 71
     1
  0
GROUP
  5
448
102
{ACAD_REACTORS
330
D
102
}
330
D
100
AcDbGroup
300

 70
     0
 71
     1
  0
GROUP
  5
449
102
{ACAD_REACTORS
330
D
102
}
330
D
100
AcDbGroup
300

 70
     0
 71
     1
  0
GROUP
  5
44A
102
{ACAD_REACTORS
330
D
102
}
330
D
100
AcDbGroup
300

 70
     0
 71
     1
  0
GROUP
  5
44B
102
{ACAD_REACTORS
330
D
102
}
330
D
100
AcDbGroup
300

 70
     0
 71
     1
  0
GROUP
  5
44C
102
{ACAD_REACTORS
330
D
102
}
330
D
100
AcDbGroup
300

 70
     0
 71
     1
  0
GROUP
  5
44D
102
{ACAD_REACTORS
330
D
102
}
330
D
100
AcDbGroup
300

 70
     0
 71
     1
  0
GROUP
  5
44E
102
{ACAD_REACTORS
330
D
102
}
330
D
100
AcDbGroup
300

 70
     0
 71
     1
  0
GROUP
  5
44F
102
{ACAD_REACTORS
330
D
102
}
330
D
100
AcDbGroup
300

 70
     0
 71
     1
  0
GROUP
  5
450
102
{ACAD_REACTORS
330
D
102
}
330
D
100
AcDbGroup
300

 70
     0
 71
     1
  0
GROUP
  5
451
102
{ACAD_REACTORS
330
D
102
}
330
D
100
AcDbGroup
300

 70
     0
 71
     1
  0
GROUP
  5
452
102
{ACAD_REACTORS
330
D
102
}
330
D
100
AcDbGroup
300

 70
     0
 71
     1
  0
GROUP
  5
453
102
{ACAD_REACTORS
330
D
102
}
330
D
100
AcDbGroup
300

 70
     0
 71
     1
  0
LAYOUT
  5
1E
102
{ACAD_REACTORS
330
1A
102
}
330
1A
100
AcDbPlotSettings
  1

  2
none_device
  4

  6

 40
0.0
 41
0.0
 42
0.0
 43
0.0
 44
0.0
 45
0.0
 46
0.0
 47
0.0
 48
0.0
 49
0.0
140
0.0
141
0.0
142
1.0
143
1.0
 70
   688
 72
     0
 73
     0
 74
     5
  7

 75
    16
 76
     0
 77
     2
 78
   300
147
1.0
148
0.0
149
0.0
100
AcDbLayout
  1
Layout1
 70
     1
 71
     1
 10
0.0
 20
0.0
 11
12.0
 21
9.0
 12
0.0
 22
0.0
 32
0.0
 14
1.000000000000000E+20
 24
1.000000000000000E+20
 34
1.000000000000000E+20
 15
-1.000000000000000E+20
 25
-1.000000000000000E+20
 35
-1.000000000000000E+20
146
0.0
 13
0.0
 23
0.0
 33
0.0
 16
1.0
 26
0.0
 36
0.0
 17
0.0
 27
1.0
 37
0.0
 76
     0
330
1B
  0
LAYOUT
  5
26
102
{ACAD_REACTORS
330
1A
102
}
330
1A
100
AcDbPlotSettings
  1

  2
none_device
  4

  6

 40
0.0
 41
0.0
 42
0.0
 43
0.0
 44
0.0
 45
0.0
 46
0.0
 47
0.0
 48
0.0
 49
0.0
140
0.0
141
0.0
142
1.0
143
1.0
 70
   688
 72
     0
 73
     0
 74
     5
  7

 75
    16
 76
     0
 77
     2
 78
   300
147
1.0
148
0.0
149
0.0
100
AcDbLayout
  1
Layout2
 70
     1
 71
     2
 10
0.0
 20
0.0
 11
0.0
 21
0.0
 12
0.0
 22
0.0
 32
0.0
 14
0.0
 24
0.0
 34
0.0
 15
0.0
 25
0.0
 35
0.0
146
0.0
 13
0.0
 23
0.0
 33
0.0
 16
1.0
 26
0.0
 36
0.0
 17
0.0
 27
1.0
 37
0.0
 76
     0
330
23
  0
LAYOUT
  5
22
102
{ACAD_REACTORS
330
1A
102
}
330
1A
100
AcDbPlotSettings
  1

  2
none_device
  4
Letter_(8.50_x_11.00_Inches)
  6

 40
6.35
 41
6.35
 42
6.35000508
 43
6.35000508
 44
215.9
 45
279.4
 46
0.0
 47
0.0
 48
0.0
 49
0.0
140
0.0
141
0.0
142
1.0
143
1.0
 70
  1712
 72
     0
 73
     0
 74
     0
  7

 75
     0
 76
     0
 77
     2
 78
   300
147
1.0
148
0.0
149
0.0
100
AcDbLayout
  1
Model
 70
     1
 71
     0
 10
0.0
 20
0.0
 11
12.0
 21
9.0
 12
0.0
 22
0.0
 32
0.0
 14
0.0
 24
0.0
 34
0.0
 15
284.9839039896083
 25
94.5649377714999
 35
0.0000000000003575
146
0.0
 13
0.0
 23
0.0
 33
0.0
 16
1.0
 26
0.0
 36
0.0
 17
0.0
 27
1.0
 37
0.0
 76
     0
330
1F
331
29
  0
MATERIAL
  5
45
102
{ACAD_REACTORS
330
43
102
}
330
43
100
AcDbMaterial
  1
ByBlock
 72
     1
 94
      127
  0
MATERIAL
  5
44
102
{ACAD_REACTORS
330
43
102
}
330
43
100
AcDbMaterial
  1
ByLayer
 72
     1
 94
      127
  0
MATERIAL
  5
46
102
{ACAD_REACTORS
330
43
102
}
330
43
100
AcDbMaterial
  1
Global
 72
     1
 94
      127
  0
MLEADERSTYLE
  5
5C
102
{ACAD_REACTORS
330
5B
102
}
102
{ACAD_XDICTIONARY
360
48A
102
}
330
5B
100
AcDbMLeaderStyle
170
     2
171
     1
172
     0
 90
        2
 40
0.0
 41
0.0
173
     1
 91
-1056964608
340
14
 92
       -2
290
     1
 42
0.09
291
     1
 43
0.36
  3
Standard
341
0
 44
0.18
300

342
11
174
     1
178
     6
175
     1
176
     0
 93
-1056964608
 45
0.18
292
     0
297
     0
 46
0.18
343
0
 94
-1056964608
 47
1.0
 49
1.0
140
1.0
293
     1
141
0.0
294
     1
177
     0
142
1.0
295
     0
296
     0
143
0.125
1001
ACAD_MLEADERVER
1070
     2
  0
MLINESTYLE
  5
18
102
{ACAD_REACTORS
330
17
102
}
330
17
100
AcDbMlineStyle
  2
Standard
 70
     0
  3

 62
   256
 51
90.0
 52
90.0
 71
     2
 49
0.5
 62
   256
  6
BYLAYER
 49
-0.5
 62
   256
  6
BYLAYER
  0
ACDBPLACEHOLDER
  5
F
102
{ACAD_REACTORS
330
E
102
}
330
E
  0
SCALE
  5
48
102
{ACAD_REACTORS
330
47
102
}
330
47
100
AcDbScale
 70
     0
300
1:1
140
1.0
141
1.0
290
     1
  0
SCALE
  5
49
102
{ACAD_REACTORS
330
47
102
}
330
47
100
AcDbScale
 70
     0
300
1/128" = 1'-0"
140
0.0078125
141
12.0
290
     0
  0
SCALE
  5
4A
102
{ACAD_REACTORS
330
47
102
}
330
47
100
AcDbScale
 70
     0
300
1/64" = 1'-0"
140
0.015625
141
12.0
290
     0
  0
SCALE
  5
4B
102
{ACAD_REACTORS
330
47
102
}
330
47
100
AcDbScale
 70
     0
300
1/32" = 1'-0"
140
0.03125
141
12.0
290
     0
  0
SCALE
  5
4C
102
{ACAD_REACTORS
330
47
102
}
330
47
100
AcDbScale
 70
     0
300
1/16" = 1'-0"
140
0.0625
141
12.0
290
     0
  0
SCALE
  5
4D
102
{ACAD_REACTORS
330
47
102
}
330
47
100
AcDbScale
 70
     0
300
3/32" = 1'-0"
140
0.09375
141
12.0
290
     0
  0
SCALE
  5
4E
102
{ACAD_REACTORS
330
47
102
}
330
47
100
AcDbScale
 70
     0
300
1/8" = 1'-0"
140
0.125
141
12.0
290
     0
  0
SCALE
  5
4F
102
{ACAD_REACTORS
330
47
102
}
330
47
100
AcDbScale
 70
     0
300
3/16" = 1'-0"
140
0.1875
141
12.0
290
     0
  0
SCALE
  5
50
102
{ACAD_REACTORS
330
47
102
}
330
47
100
AcDbScale
 70
     0
300
1/4" = 1'-0"
140
0.25
141
12.0
290
     0
  0
SCALE
  5
51
102
{ACAD_REACTORS
330
47
102
}
330
47
100
AcDbScale
 70
     0
300
3/8" = 1'-0"
140
0.375
141
12.0
290
     0
  0
SCALE
  5
52
102
{ACAD_REACTORS
330
47
102
}
330
47
100
AcDbScale
 70
     0
300
1/2" = 1'-0"
140
0.5
141
12.0
290
     0
  0
SCALE
  5
53
102
{ACAD_REACTORS
330
47
102
}
330
47
100
AcDbScale
 70
     0
300
3/4" = 1'-0"
140
0.75
141
12.0
290
     0
  0
SCALE
  5
54
102
{ACAD_REACTORS
330
47
102
}
330
47
100
AcDbScale
 70
     0
300
1" = 1'-0"
140
1.0
141
12.0
290
     0
  0
SCALE
  5
55
102
{ACAD_REACTORS
330
47
102
}
330
47
100
AcDbScale
 70
     0
300
1-1/2" = 1'-0"
140
1.5
141
12.0
290
     0
  0
SCALE
  5
56
102
{ACAD_REACTORS
330
47
102
}
330
47
100
AcDbScale
 70
     0
300
3" = 1'-0"
140
3.0
141
12.0
290
     0
  0
SCALE
  5
57
102
{ACAD_REACTORS
330
47
102
}
330
47
100
AcDbScale
 70
     0
300
6" = 1'-0"
140
6.0
141
12.0
290
     0
  0
SCALE
  5
58
102
{ACAD_REACTORS
330
47
102
}
330
47
100
AcDbScale
 70
     0
300
1'-0" = 1'-0"
140
12.0
141
12.0
290
     0
  0
TABLESTYLE
  5
5A
102
{ACAD_REACTORS
330
59
102
}
102
{ACAD_XDICTIONARY
360
487
102
}
330
59
100
AcDbTableStyle
  3
Standard
 70
     0
 71
     0
 40
0.06
 41
0.06
280
     0
281
     0
  7
Standard
140
0.18
170
     2
 62
     0
 63
   257
283
     0
 90
        4
 91
        0
  1

274
    -2
284
     1
 64
     0
275
    -2
285
     1
 65
     0
276
    -2
286
     1
 66
     0
277
    -2
287
     1
 67
     0
278
    -2
288
     1
 68
     0
279
    -2
289
     1
 69
     0
  7
Standard
140
0.25
170
     5
 62
     0
 63
   257
283
     0
 90
        4
 91
        0
  1

274
    -2
284
     1
 64
     0
275
    -2
285
     1
 65
     0
276
    -2
286
     1
 66
     0
277
    -2
287
     1
 67
     0
278
    -2
288
     1
 68
     0
279
    -2
289
     1
 69
     0
  7
Standard
140
0.18
170
     5
 62
     0
 63
   257
283
     0
 90
        4
 91
        0
  1

274
    -2
284
     1
 64
     0
275
    -2
285
     1
 65
     0
276
    -2
286
     1
 66
     0
277
    -2
287
     1
 67
     0
278
    -2
288
     1
 68
     0
279
    -2
289
     1
 69
     0
  0
VISUALSTYLE
  5
2F
102
{ACAD_REACTORS
330
2A
102
}
102
{ACAD_XDICTIONARY
360
45F
102
}
330
2A
100
AcDbVisualStyle
  2
2dWireframe
 70
     4
 71
     0
 72
     2
 73
     0
 90
        0
 40
0.6
 41
30.0
 62
     5
 63
     7
421
 16777215
 74
     1
 91
        4
 64
     7
 65
   257
 75
     1
175
     1
 42
1.0
 92
        0
 66
   257
 43
1.0
 76
     1
 77
     6
 78
     2
 67
     7
 79
     5
170
     0
171
     0
290
     0
174
     0
 93
        1
 44
0.0
173
     0
291
     0
 45
0.0
  0
VISUALSTYLE
  5
32
102
{ACAD_REACTORS
330
2A
102
}
102
{ACAD_XDICTIONARY
360
465
102
}
330
2A
100
AcDbVisualStyle
  2
Basic
 70
     7
 71
     1
 72
     0
 73
     1
 90
        0
 40
0.6
 41
30.0
 62
     5
 63
     7
421
 16777215
 74
     0
 91
        4
 64
     7
 65
   257
 75
     1
175
     1
 42
1.0
 92
        8
 66
     7
 43
1.0
 76
     1
 77
     6
 78
     2
 67
     7
 79
     5
170
     0
171
     0
290
     0
174
     0
 93
        1
 44
0.0
173
     0
291
     1
 45
0.0
  0
VISUALSTYLE
  5
36
102
{ACAD_REACTORS
330
2A
102
}
102
{ACAD_XDICTIONARY
360
46D
102
}
330
2A
100
AcDbVisualStyle
  2
Brighten
 70
    12
 71
     2
 72
     2
 73
     0
 90
        0
 40
0.6
 41
30.0
 62
     5
 63
     7
421
 16777215
 74
     1
 91
        4
 64
     7
 65
   257
 75
     1
175
     1
 42
1.0
 92
        8
 66
     7
 43
1.0
 76
     1
 77
     6
 78
     2
 67
     7
 79
     5
170
     0
171
     0
290
     0
174
     0
 93
        1
 44
50.0
173
     0
291
     1
 45
0.0
  0
VISUALSTYLE
  5
3A
102
{ACAD_REACTORS
330
2A
102
}
102
{ACAD_XDICTIONARY
360
475
102
}
330
2A
100
AcDbVisualStyle
  2
ColorChange
 70
    16
 71
     2
 72
     2
 73
     3
 90
        0
 40
0.6
 41
30.0
 62
     5
 63
     8
421
  8421504
 74
     1
 91
        4
 64
     7
 65
   257
 75
     1
175
     1
 42
1.0
 92
        8
 66
     8
424
  8421504
 43
1.0
 76
     1
 77
     6
 78
     2
 67
     7
 79
     5
170
     0
171
     0
290
     0
174
     0
 93
        1
 44
0.0
173
     0
291
     1
 45
0.0
  0
VISUALSTYLE
  5
34
102
{ACAD_REACTORS
330
2A
102
}
102
{ACAD_XDICTIONARY
360
469
102
}
330
2A
100
AcDbVisualStyle
  2
Conceptual
 70
     9
 71
     3
 72
     2
 73
     0
 90
        0
 40
0.6
 41
30.0
 62
     5
 63
     7
421
 16777215
 74
     2
 91
        2
 64
     7
 65
   257
 75
     1
175
     1
 42
179.0
 92
        8
 66
     7
 43
1.0
 76
     1
 77
     6
 78
     2
 67
     7
 79
     3
170
     0
171
     0
290
     0
174
     0
 93
        1
 44
0.0
173
     0
291
     0
 45
0.0
  0
VISUALSTYLE
  5
35
102
{ACAD_REACTORS
330
2A
102
}
102
{ACAD_XDICTIONARY
360
46B
102
}
330
2A
100
AcDbVisualStyle
  2
Dim
 70
    11
 71
     2
 72
     2
 73
     0
 90
        0
 40
0.6
 41
30.0
 62
     5
 63
     7
421
 16777215
 74
     1
 91
        4
 64
     7
 65
   257
 75
     1
175
     1
 42
1.0
 92
        8
 66
     7
 43
1.0
 76
     1
 77
     6
 78
     2
 67
     7
 79
     5
170
     0
171
     0
290
     0
174
     0
 93
        1
 44
-50.0
173
     0
291
     1
 45
0.0
  0
VISUALSTYLE
  5
3D
102
{ACAD_REACTORS
330
2A
102
}
102
{ACAD_XDICTIONARY
360
47B
102
}
330
2A
100
AcDbVisualStyle
  2
EdgeColorOff
 70
    22
 71
     2
 72
     2
 73
     0
 90
        0
 40
0.6
 41
30.0
 62
     5
 63
     7
421
 16777215
 74
     1
 91
        4
 64
     7
 65
   257
 75
     1
175
     1
 42
1.0
 92
        8
 66
     7
 43
1.0
 76
     1
 77
     6
 78
     2
 67
     7
 79
     5
170
     0
171
     0
290
     0
174
     0
 93
        1
 44
0.0
173
     0
291
     1
 45
0.0
  0
VISUALSTYLE
  5
39
102
{ACAD_REACTORS
330
2A
102
}
102
{ACAD_XDICTIONARY
360
473
102
}
330
2A
100
AcDbVisualStyle
  2
Facepattern
 70
    15
 71
     2
 72
     2
 73
     0
 90
        0
 40
0.6
 41
30.0
 62
     5
 63
     7
421
 16777215
 74
     1
 91
        4
 64
     7
 65
   257
 75
     1
175
     1
 42
1.0
 92
        8
 66
     7
 43
1.0
 76
     1
 77
     6
 78
     2
 67
     7
 79
     5
170
     0
171
     0
290
     0
174
     0
 93
        1
 44
0.0
173
     0
291
     1
 45
0.0
  0
VISUALSTYLE
  5
2B
102
{ACAD_REACTORS
330
2A
102
}
102
{ACAD_XDICTIONARY
360
457
102
}
330
2A
100
AcDbVisualStyle
  2
Flat
 70
     0
 71
     2
 72
     1
 73
     1
 90
        2
 40
0.6
 41
30.0
 62
     5
 63
     7
421
 16777215
 74
     0
 91
        0
 64
     7
 65
   257
 75
     1
175
     1
 42
1.0
 92
        8
 66
     7
 43
1.0
 76
     1
 77
     6
 78
     2
 67
     7
 79
     5
170
     0
171
     0
290
     0
174
     0
 93
       13
 44
0.0
173
     0
291
     1
 45
0.0
  0
VISUALSTYLE
  5
2C
102
{ACAD_REACTORS
330
2A
102
}
102
{ACAD_XDICTIONARY
360
459
102
}
330
2A
100
AcDbVisualStyle
  2
FlatWithEdges
 70
     1
 71
     2
 72
     1
 73
     1
 90
        2
 40
0.6
 41
30.0
 62
     5
 63
     7
421
 16777215
 74
     1
 91
        0
 64
     7
 65
   257
 75
     1
175
     1
 42
1.0
 92
        0
 66
   257
 43
1.0
 76
     1
 77
     6
 78
     2
 67
     7
 79
     5
170
     0
171
     0
290
     0
174
     0
 93
       13
 44
0.0
173
     0
291
     1
 45
0.0
  0
VISUALSTYLE
  5
2D
102
{ACAD_REACTORS
330
2A
102
}
102
{ACAD_XDICTIONARY
360
45B
102
}
330
2A
100
AcDbVisualStyle
  2
Gouraud
 70
     2
 71
     2
 72
     2
 73
     1
 90
        2
 40
0.6
 41
30.0
 62
     5
 63
     7
421
 16777215
 74
     0
 91
        0
 64
     7
 65
   257
 75
     1
175
     1
 42
1.0
 92
        0
 66
     7
 43
1.0
 76
     1
 77
     6
 78
     2
 67
     7
 79
     5
170
     0
171
     0
290
     0
174
     0
 93
       13
 44
0.0
173
     0
291
     1
 45
0.0
  0
VISUALSTYLE
  5
2E
102
{ACAD_REACTORS
330
2A
102
}
102
{ACAD_XDICTIONARY
360
45D
102
}
330
2A
100
AcDbVisualStyle
  2
GouraudWithEdges
 70
     3
 71
     2
 72
     2
 73
     1
 90
        2
 40
0.6
 41
30.0
 62
     5
 63
     7
421
 16777215
 74
     1
 91
        0
 64
     7
 65
   257
 75
     1
175
     1
 42
1.0
 92
        0
 66
   257
 43
1.0
 76
     1
 77
     6
 78
     2
 67
     7
 79
     5
170
     0
171
     0
290
     0
174
     0
 93
       13
 44
0.0
173
     0
291
     1
 45
0.0
  0
VISUALSTYLE
  5
31
102
{ACAD_REACTORS
330
2A
102
}
102
{ACAD_XDICTIONARY
360
463
102
}
330
2A
100
AcDbVisualStyle
  2
Hidden
 70
     6
 71
     1
 72
     2
 73
     2
 90
        0
 40
0.6
 41
30.0
 62
     5
 63
     7
421
 16777215
 74
     2
 91
        2
 64
     7
 65
   257
 75
     2
175
     1
 42
40.0
 92
        0
 66
   257
 43
1.0
 76
     1
 77
     6
 78
     2
 67
     7
 79
     3
170
     0
171
     0
290
     0
174
     0
 93
        1
 44
0.0
173
     0
291
     0
 45
0.0
  0
VISUALSTYLE
  5
3B
102
{ACAD_REACTORS
330
2A
102
}
102
{ACAD_XDICTIONARY
360
477
102
}
330
2A
100
AcDbVisualStyle
  2
JitterOff
 70
    20
 71
     2
 72
     2
 73
     0
 90
        0
 40
0.6
 41
30.0
 62
     5
 63
     7
421
 16777215
 74
     1
 91
        4
 64
     7
 65
   257
 75
     1
175
     1
 42
1.0
 92
       10
 66
     7
 43
1.0
 76
     1
 77
     6
 78
     2
 67
     7
 79
     5
170
     0
171
     0
290
     0
174
     0
 93
        1
 44
0.0
173
     0
291
     1
 45
0.0
  0
VISUALSTYLE
  5
38
102
{ACAD_REACTORS
330
2A
102
}
102
{ACAD_XDICTIONARY
360
471
102
}
330
2A
100
AcDbVisualStyle
  2
Linepattern
 70
    14
 71
     2
 72
     2
 73
     0
 90
        0
 40
0.6
 41
30.0
 62
     5
 63
     7
421
 16777215
 74
     1
 91
        4
 64
     7
 65
   257
 75
     7
175
     7
 42
1.0
 92
        8
 66
     7
 43
1.0
 76
     1
 77
     6
 78
     2
 67
     7
 79
     5
170
     0
171
     0
290
     0
174
     0
 93
        1
 44
0.0
173
     0
291
     1
 45
0.0
  0
VISUALSTYLE
  5
3C
102
{ACAD_REACTORS
330
2A
102
}
102
{ACAD_XDICTIONARY
360
479
102
}
330
2A
100
AcDbVisualStyle
  2
OverhangOff
 70
    21
 71
     2
 72
     2
 73
     0
 90
        0
 40
0.6
 41
30.0
 62
     5
 63
     7
421
 16777215
 74
     1
 91
        4
 64
     7
 65
   257
 75
     1
175
     1
 42
1.0
 92
        9
 66
     7
 43
1.0
 76
     1
 77
     6
 78
     2
 67
     7
 79
     5
170
     0
171
     0
290
     0
174
     0
 93
        1
 44
0.0
173
     0
291
     1
 45
0.0
  0
VISUALSTYLE
  5
33
102
{ACAD_REACTORS
330
2A
102
}
102
{ACAD_XDICTIONARY
360
467
102
}
330
2A
100
AcDbVisualStyle
  2
Realistic
 70
     8
 71
     2
 72
     3
 73
     0
 90
        2
 40
0.6
 41
30.0
 62
     5
 63
     7
421
 16777215
 74
     0
 91
        0
 64
     7
 65
   257
 75
     1
175
     1
 42
1.0
 92
        8
 66
   257
 43
1.0
 76
     1
 77
     6
 78
     2
 67
     7
 79
     3
170
     0
171
     0
290
     0
174
     0
 93
       13
 44
0.0
173
     0
291
     0
 45
0.0
  0
VISUALSTYLE
  5
42
102
{ACAD_REACTORS
330
2A
102
}
102
{ACAD_XDICTIONARY
360
485
102
}
330
2A
100
AcDbVisualStyle
  2
Shaded
 70
    27
 71
     2
 72
     2
 73
     1
 90
        2
 40
0.6
 41
30.0
 62
     5
 63
     7
421
 16777215
 74
     0
 91
        4
 64
     7
 65
   257
 75
     1
175
     1
 42
1.0
 92
        8
 66
   257
 43
1.0
 76
     1
 77
     6
 78
     2
 67
     8
425
  7895160
 79
     3
170
     0
171
     0
290
     0
174
     0
 93
        5
 44
0.0
173
     0
291
     0
 45
0.0
  0
VISUALSTYLE
  5
41
102
{ACAD_REACTORS
330
2A
102
}
102
{ACAD_XDICTIONARY
360
483
102
}
330
2A
100
AcDbVisualStyle
  2
Shaded with edges
 70
    26
 71
     2
 72
     2
 73
     1
 90
        2
 40
0.6
 41
30.0
 62
     5
 63
     7
421
 16777215
 74
     1
 91
       10
 64
     7
 65
   257
 75
     2
175
     1
 42
1.0
 92
        8
 66
   257
 43
1.0
 76
     1
 77
     6
 78
     2
 67
     7
 79
     3
170
     0
171
     0
290
     0
174
     0
 93
        5
 44
0.0
173
     0
291
     0
 45
0.0
  0
VISUALSTYLE
  5
3E
102
{ACAD_REACTORS
330
2A
102
}
102
{ACAD_XDICTIONARY
360
47D
102
}
330
2A
100
AcDbVisualStyle
  2
Shades of Gray
 70
    23
 71
     2
 72
     2
 73
     3
 90
        0
 40
0.6
 41
30.0
 62
     5
 63
     7
421
 16777215
 74
     2
 91
        2
 64
     7
 65
     7
 75
     1
175
     1
 42
40.0
 92
        8
 66
     7
 43
1.0
 76
     1
 77
     6
 78
     2
 67
     7
 79
     3
170
     0
171
     0
290
     0
174
     0
 93
        1
 44
0.0
173
     0
291
     0
 45
0.0
  0
VISUALSTYLE
  5
3F
102
{ACAD_REACTORS
330
2A
102
}
102
{ACAD_XDICTIONARY
360
47F
102
}
330
2A
100
AcDbVisualStyle
  2
Sketchy
 70
    24
 71
     1
 72
     2
 73
     2
 90
        0
 40
0.6
 41
30.0
 62
     5
 63
     7
421
 16777215
 74
     2
 91
        2
 64
     7
 65
     7
 75
     1
175
     1
 42
40.0
 92
       11
 66
     7
 43
1.0
 76
     1
 77
     6
 78
     2
 67
     7
 79
     6
170
     0
171
     0
290
     0
174
     0
 93
        1
 44
0.0
173
     0
291
     0
 45
0.0
  0
VISUALSTYLE
  5
37
102
{ACAD_REACTORS
330
2A
102
}
102
{ACAD_XDICTIONARY
360
46F
102
}
330
2A
100
AcDbVisualStyle
  2
Thicken
 70
    13
 71
     2
 72
     2
 73
     0
 90
        0
 40
0.6
 41
30.0
 62
     5
 63
     7
421
 16777215
 74
     1
 91
        4
 64
     7
 65
   257
 75
     1
175
     1
 42
1.0
 92
       12
 66
     7
 43
1.0
 76
     1
 77
     6
 78
     2
 67
     7
 79
     5
170
     0
171
     0
290
     0
174
     0
 93
        1
 44
0.0
173
     0
291
     1
 45
0.0
  0
VISUALSTYLE
  5
30
102
{ACAD_REACTORS
330
2A
102
}
102
{ACAD_XDICTIONARY
360
461
102
}
330
2A
100
AcDbVisualStyle
  2
Wireframe
 70
     5
 71
     0
 72
     2
 73
     0
 90
        0
 40
0.6
 41
30.0
 62
     5
 63
     7
421
 16777215
 74
     1
 91
        4
 64
     7
 65
   257
 75
     1
175
     1
 42
1.0
 92
        0
 66
   257
 43
1.0
 76
     1
 77
     6
 78
     2
 67
     7
 79
     3
170
     0
171
     0
290
     0
174
     0
 93
        1
 44
0.0
173
     0
291
     0
 45
0.0
  0
VISUALSTYLE
  5
40
102
{ACAD_REACTORS
330
2A
102
}
102
{ACAD_XDICTIONARY
360
481
102
}
330
2A
100
AcDbVisualStyle
  2
X-Ray
 70
    25
 71
     2
 72
     2
 73
     1
 90
        1
 40
0.5
 41
30.0
 62
     5
 63
     7
421
 16777215
 74
     1
 91
        0
 64
     7
 65
   257
 75
     1
175
     1
 42
1.0
 92
        8
 66
     7
 43
1.0
 76
     1
 77
     6
 78
     2
 67
     7
 79
     3
170
     0
171
     0
290
     0
174
     0
 93
       13
 44
0.0
173
     0
291
     0
 45
0.0
  0
DICTIONARYVAR
  5
455
102
{ACAD_REACTORS
330
454
102
}
330
454
100
DictionaryVariables
280
     0
  1
1:1
  0
DICTIONARYVAR
  5
48E
102
{ACAD_REACTORS
330
454
102
}
330
454
100
DictionaryVariables
280
     0
  1
Standard
  0
DICTIONARYVAR
  5
48D
102
{ACAD_REACTORS
330
454
102
}
330
454
100
DictionaryVariables
280
     0
  1
Standard
  0
DICTIONARYVAR
  5
456
102
{ACAD_REACTORS
330
454
102
}
330
454
100
DictionaryVariables
280
     0
  1
2
  0
DICTIONARY
  5
48A
330
5C
100
AcDbDictionary
280
     1
281
     1
  3
ACAD_XREC_ROUNDTRIP
360
48B
  0
DICTIONARY
  5
487
330
5A
100
AcDbDictionary
280
     1
281
     1
  3
ACAD_ROUNDTRIP_2008_TABLESTYLE_CELLSTYLEMAP
360
488
  0
DICTIONARY
  5
45F
330
2F
100
AcDbDictionary
280
     1
281
     1
  3
ACAD_XREC_ROUNDTRIP
360
460
  0
DICTIONARY
  5
465
330
32
100
AcDbDictionary
280
     1
281
     1
  3
ACAD_XREC_ROUNDTRIP
360
466
  0
DICTIONARY
  5
46D
330
36
100
AcDbDictionary
280
     1
281
     1
  3
ACAD_XREC_ROUNDTRIP
360
46E
  0
DICTIONARY
  5
475
330
3A
100
AcDbDictionary
280
     1
281
     1
  3
ACAD_XREC_ROUNDTRIP
360
476
  0
DICTIONARY
  5
469
330
34
100
AcDbDictionary
280
     1
281
     1
  3
ACAD_XREC_ROUNDTRIP
360
46A
  0
DICTIONARY
  5
46B
330
35
100
AcDbDictionary
280
     1
281
     1
  3
ACAD_XREC_ROUNDTRIP
360
46C
  0
DICTIONARY
  5
47B
330
3D
100
AcDbDictionary
280
     1
281
     1
  3
ACAD_XREC_ROUNDTRIP
360
47C
  0
DICTIONARY
  5
473
330
39
100
AcDbDictionary
280
     1
281
     1
  3
ACAD_XREC_ROUNDTRIP
360
474
  0
DICTIONARY
  5
457
330
2B
100
AcDbDictionary
280
     1
281
     1
  3
ACAD_XREC_ROUNDTRIP
360
458
  0
DICTIONARY
  5
459
330
2C
100
AcDbDictionary
280
     1
281
     1
  3
ACAD_XREC_ROUNDTRIP
360
45A
  0
DICTIONARY
  5
45B
330
2D
100
AcDbDictionary
280
     1
281
     1
  3
ACAD_XREC_ROUNDTRIP
360
45C
  0
DICTIONARY
  5
45D
330
2E
100
AcDbDictionary
280
     1
281
     1
  3
ACAD_XREC_ROUNDTRIP
360
45E
  0
DICTIONARY
  5
463
330
31
100
AcDbDictionary
280
     1
281
     1
  3
ACAD_XREC_ROUNDTRIP
360
464
  0
DICTIONARY
  5
477
330
3B
100
AcDbDictionary
280
     1
281
     1
  3
ACAD_XREC_ROUNDTRIP
360
478
  0
DICTIONARY
  5
471
330
38
100
AcDbDictionary
280
     1
281
     1
  3
ACAD_XREC_ROUNDTRIP
360
472
  0
DICTIONARY
  5
479
330
3C
100
AcDbDictionary
280
     1
281
     1
  3
ACAD_XREC_ROUNDTRIP
360
47A
  0
DICTIONARY
  5
467
330
33
100
AcDbDictionary
280
     1
281
     1
  3
ACAD_XREC_ROUNDTRIP
360
468
  0
DICTIONARY
  5
485
330
42
100
AcDbDictionary
280
     1
281
     1
  3
ACAD_XREC_ROUNDTRIP
360
486
  0
DICTIONARY
  5
483
330
41
100
AcDbDictionary
280
     1
281
     1
  3
ACAD_XREC_ROUNDTRIP
360
484
  0
DICTIONARY
  5
47D
330
3E
100
AcDbDictionary
280
     1
281
     1
  3
ACAD_XREC_ROUNDTRIP
360
47E
  0
DICTIONARY
  5
47F
330
3F
100
AcDbDictionary
280
     1
281
     1
  3
ACAD_XREC_ROUNDTRIP
360
480
  0
DICTIONARY
  5
46F
330
37
100
AcDbDictionary
280
     1
281
     1
  3
ACAD_XREC_ROUNDTRIP
360
470
  0
DICTIONARY
  5
461
330
30
100
AcDbDictionary
280
     1
281
     1
  3
ACAD_XREC_ROUNDTRIP
360
462
  0
DICTIONARY
  5
481
330
40
100
AcDbDictionary
280
     1
281
     1
  3
ACAD_XREC_ROUNDTRIP
360
482
  0
XRECORD
  5
48B
102
{ACAD_REACTORS
330
48A
102
}
330
48A
100
AcDbXrecord
280
     1
102
ACAD_ROUNDTRIP_2010_MLEADER_STYLE
  0
CELLSTYLEMAP
  5
488
102
{ACAD_REACTORS
330
487
102
}
330
487
100
AcDbCellStyleMap
 90
        3
300
CELLSTYLE
  1
TABLEFORMAT_BEGIN
 90
        5
170
     1
 91
        0
 92
    32768
 62
   257
 93
        1
300
CONTENTFORMAT
  1
CONTENTFORMAT_BEGIN
 90
        0
 91
        0
 92
        4
 93
        0
300

 40
0.0
140
1.0
 94
        5
 62
     0
340
11
144
0.25
309
CONTENTFORMAT_END
171
     1
301
MARGIN
  1
CELLMARGIN_BEGIN
 40
0.06
 40
0.06
 40
0.06
 40
0.06
 40
0.06
 40
0.06
309
CELLMARGIN_END
 94
        6
 95
        1
302
GRIDFORMAT
  1
GRIDFORMAT_BEGIN
 90
        0
 91
        1
 62
     0
 92
       -2
340
14
 93
        0
 40
0.045
309
GRIDFORMAT_END
 95
        2
302
GRIDFORMAT
  1
GRIDFORMAT_BEGIN
 90
        0
 91
        1
 62
     0
 92
       -2
340
14
 93
        0
 40
0.045
309
GRIDFORMAT_END
 95
        4
302
GRIDFORMAT
  1
GRIDFORMAT_BEGIN
 90
        0
 91
        1
 62
     0
 92
       -2
340
14
 93
        0
 40
0.045
309
GRIDFORMAT_END
 95
        8
302
GRIDFORMAT
  1
GRIDFORMAT_BEGIN
 90
        0
 91
        1
 62
     0
 92
       -2
340
14
 93
        0
 40
0.045
309
GRIDFORMAT_END
 95
       16
302
GRIDFORMAT
  1
GRIDFORMAT_BEGIN
 90
        0
 91
        1
 62
     0
 92
       -2
340
14
 93
        0
 40
0.045
309
GRIDFORMAT_END
 95
       32
302
GRIDFORMAT
  1
GRIDFORMAT_BEGIN
 90
        0
 91
        1
 62
     0
 92
       -2
340
14
 93
        0
 40
0.045
309
GRIDFORMAT_END
309
TABLEFORMAT_END
  1
CELLSTYLE_BEGIN
 90
        1
 91
        1
300
_TITLE
309
CELLSTYLE_END
300
CELLSTYLE
  1
TABLEFORMAT_BEGIN
 90
        5
170
     1
 91
        0
 92
        0
 62
   257
 93
        1
300
CONTENTFORMAT
  1
CONTENTFORMAT_BEGIN
 90
        0
 91
        0
 92
        4
 93
        0
300

 40
0.0
140
1.0
 94
        5
 62
     0
340
11
144
0.18
309
CONTENTFORMAT_END
171
     1
301
MARGIN
  1
CELLMARGIN_BEGIN
 40
0.06
 40
0.06
 40
0.06
 40
0.06
 40
0.06
 40
0.06
309
CELLMARGIN_END
 94
        6
 95
        1
302
GRIDFORMAT
  1
GRIDFORMAT_BEGIN
 90
        0
 91
        1
 62
     0
 92
       -2
340
14
 93
        0
 40
0.045
309
GRIDFORMAT_END
 95
        2
302
GRIDFORMAT
  1
GRIDFORMAT_BEGIN
 90
        0
 91
        1
 62
     0
 92
       -2
340
14
 93
        0
 40
0.045
309
GRIDFORMAT_END
 95
        4
302
GRIDFORMAT
  1
GRIDFORMAT_BEGIN
 90
        0
 91
        1
 62
     0
 92
       -2
340
14
 93
        0
 40
0.045
309
GRIDFORMAT_END
 95
        8
302
GRIDFORMAT
  1
GRIDFORMAT_BEGIN
 90
        0
 91
        1
 62
     0
 92
       -2
340
14
 93
        0
 40
0.045
309
GRIDFORMAT_END
 95
       16
302
GRIDFORMAT
  1
GRIDFORMAT_BEGIN
 90
        0
 91
        1
 62
     0
 92
       -2
340
14
 93
        0
 40
0.045
309
GRIDFORMAT_END
 95
       32
302
GRIDFORMAT
  1
GRIDFORMAT_BEGIN
 90
        0
 91
        1
 62
     0
 92
       -2
340
14
 93
        0
 40
0.045
309
GRIDFORMAT_END
309
TABLEFORMAT_END
  1
CELLSTYLE_BEGIN
 90
        2
 91
        1
300
_HEADER
309
CELLSTYLE_END
300
CELLSTYLE
  1
TABLEFORMAT_BEGIN
 90
        5
170
     1
 91
        0
 92
        0
 62
   257
 93
        1
300
CONTENTFORMAT
  1
CONTENTFORMAT_BEGIN
 90
        0
 91
        0
 92
        4
 93
        0
300

 40
0.0
140
1.0
 94
        2
 62
     0
340
11
144
0.18
309
CONTENTFORMAT_END
171
     1
301
MARGIN
  1
CELLMARGIN_BEGIN
 40
0.06
 40
0.06
 40
0.06
 40
0.06
 40
0.06
 40
0.06
309
CELLMARGIN_END
 94
        6
 95
        1
302
GRIDFORMAT
  1
GRIDFORMAT_BEGIN
 90
        0
 91
        1
 62
     0
 92
       -2
340
14
 93
        0
 40
0.045
309
GRIDFORMAT_END
 95
        2
302
GRIDFORMAT
  1
GRIDFORMAT_BEGIN
 90
        0
 91
        1
 62
     0
 92
       -2
340
14
 93
        0
 40
0.045
309
GRIDFORMAT_END
 95
        4
302
GRIDFORMAT
  1
GRIDFORMAT_BEGIN
 90
        0
 91
        1
 62
     0
 92
       -2
340
14
 93
        0
 40
0.045
309
GRIDFORMAT_END
 95
        8
302
GRIDFORMAT
  1
GRIDFORMAT_BEGIN
 90
        0
 91
        1
 62
     0
 92
       -2
340
14
 93
        0
 40
0.045
309
GRIDFORMAT_END
 95
       16
302
GRIDFORMAT
  1
GRIDFORMAT_BEGIN
 90
        0
 91
        1
 62
     0
 92
       -2
340
14
 93
        0
 40
0.045
309
GRIDFORMAT_END
 95
       32
302
GRIDFORMAT
  1
GRIDFORMAT_BEGIN
 90
        0
 91
        1
 62
     0
 92
       -2
340
14
 93
        0
 40
0.045
309
GRIDFORMAT_END
309
TABLEFORMAT_END
  1
CELLSTYLE_BEGIN
 90
        3
 91
        2
300
_DATA
309
CELLSTYLE_END
  0
XRECORD
  5
460
102
{ACAD_REACTORS
330
45F
102
}
330
45F
100
AcDbXrecord
280
     1
102
RTVSPropertyOp0
 70
     1
102
RTVSPropertyOp1
 70
     1
102
RTVSPropertyOp2
 70
     1
102
RTVSPropertyOp3
 70
     1
102
RTVSPropertyOp4
 70
     1
102
RTVSPropertyOp5
 70
     1
102
RTVSPropertyOp6
 70
     1
102
RTVSPropertyOp7
 70
     1
102
RTVSPropertyOp8
 70
     1
102
RTVSPropertyOp9
 70
     1
102
RTVSPropertyOp10
 70
     1
102
RTVSPropertyOp11
 70
     1
102
RTVSPropertyOp12
 70
     1
102
RTVSPropertyOp13
 70
     1
102
RTVSPropertyOp14
 70
     1
102
RTVSPropertyOp15
 70
     1
102
RTVSPropertyOp16
 70
     1
102
RTVSPropertyOp17
 70
     1
102
RTVSPropertyOp18
 70
     1
102
RTVSPropertyOp19
 70
     1
102
RTVSPropertyOp20
 70
     1
102
RTVSPropertyOp21
 70
     1
102
RTVSPropertyOp22
 70
     1
102
RTVSPropertyOp23
 70
     1
102
RTVSPropertyOp24
 70
     1
102
RTVSPropertyOp25
 70
     1
102
RTVSPropertyOp26
 70
     1
102
RTVSPropertyOp27
 70
     1
102
RTVSPropertyOp28
 70
     1
102
RTVSPropertyOp29
 70
     1
102
RTVSPropertyOp30
 70
     1
102
RTVSPropertyOp31
 70
     1
102
RTVSPropertyOp32
 70
     1
102
RTVSPropertyOp33
 70
     1
102
RTVSPropertyOp34
 70
     1
102
RTVSPropertyOp35
 70
     1
102
RTVSPropertyOp36
 70
     1
102
RTVSPropertyOp37
 70
     1
102
RTVSPropertyOp38
 70
     1
102
RTVSPropertyOp39
 70
     1
102
RTVSPropertyOp40
 70
     1
102
RTVSPropertyOp41
 70
     1
102
RTVSPropertyOp42
 70
     1
102
RTVSPropertyOp43
 70
     1
102
RTVSPropertyOp44
 70
     1
102
RTVSPropertyOp45
 70
     1
102
RTVSPropertyOp46
 70
     1
102
RTVSPropertyOp47
 70
     1
102
RTVSPropertyOp48
 70
     1
102
RTVSPropertyOp49
 70
     1
102
RTVSPropertyOp50
 70
     1
102
RTVSPropertyOp51
 70
     0
102
RTVSPropertyOp52
 70
     0
102
RTVSPropertyOp53
 70
     1
102
RTVSPropertyOp54
 70
     1
102
RTVSPropertyOp55
 70
     1
102
RTVSPropertyOp56
 70
     1
102
RTVSPropertyOp57
 70
     1
102
RTVSPost2010Prop28
280
     1
102
RTVSPost2010PropOp28
 70
     1
102
RTVSPost2010Prop29
280
     1
102
RTVSPost2010PropOp29
 70
     1
102
RTVSPost2010Prop30
280
     0
102
RTVSPost2010PropOp30
 70
     1
102
RTVSPost2010Prop31
280
     0
102
RTVSPost2010PropOp31
 70
     1
102
RTVSPost2010Prop32
280
     0
102
RTVSPost2010PropOp32
 70
     1
102
RTVSPost2010Prop33
280
     0
102
RTVSPost2010PropOp33
 70
     1
102
RTVSPost2010Prop34
280
     0
102
RTVSPost2010PropOp34
 70
     1
102
RTVSPost2010Prop35
280
     0
102
RTVSPost2010PropOp35
 70
     1
102
RTVSPost2010Prop36
280
     0
102
RTVSPost2010PropOp36
 70
     1
102
RTVSPost2010Prop37
 90
       50
102
RTVSPost2010PropOp37
 70
     1
102
RTVSPost2010Prop38
140
0.0
102
RTVSPost2010PropOp38
 70
     1
102
RTVSPost2010Prop39
140
1.0
102
RTVSPost2010PropOp39
 70
     1
102
RTVSPost2010Prop40
 90
        0
102
RTVSPost2010PropOp40
 70
     1
102
RTVSPost2010Prop41ColorIndex
 90
       18
102
RTVSPost2010Prop41ColorRGB
 90
        0
102
RTVSPost2010PropOp41
 70
     1
102
RTVSPost2010Prop42
 90
       50
102
RTVSPost2010PropOp42
 70
     1
102
RTVSPost2010Prop43
 90
        3
102
RTVSPost2010PropOp43
 70
     1
102
RTVSPost2010Prop44ColorIndex
 90
        5
102
RTVSPost2010Prop44ColorRGB
 90
      255
102
RTVSPost2010PropOp44
 70
     1
102
RTVSPost2010Prop45
280
     0
102
RTVSPost2010PropOp45
 70
     1
102
RTVSPost2010Prop46
 90
       50
102
RTVSPost2010PropOp46
 70
     1
102
RTVSPost2010Prop47
 90
       50
102
RTVSPost2010PropOp47
 70
     1
102
RTVSPost2010Prop48
 90
       50
102
RTVSPost2010PropOp48
 70
     1
102
RTVSPost2010Prop49
280
     0
102
RTVSPost2010PropOp49
 70
     1
102
RTVSPost2010Prop50
 90
       50
102
RTVSPost2010PropOp50
 70
     1
102
RTVSPost2010Prop51ColorIndex
 90
      256
102
RTVSPost2010Prop51ColorRGB
 90
-16777216
102
RTVSPost2010PropOp51
 70
     0
102
RTVSPost2010Prop52
140
1.0
102
RTVSPost2010PropOp52
 70
     0
102
RTVSPost2010Prop53
 90
        2
102
RTVSPost2010PropOp53
 70
     1
102
RTVSPost2010Prop54
  1
strokes_ogs.tif
102
RTVSPost2010PropOp54
 70
     1
102
RTVSPost2010Prop55
280
     0
102
RTVSPost2010PropOp55
 70
     1
102
RTVSPost2010Prop56
140
1.0
102
RTVSPost2010PropOp56
 70
     1
102
RTVSPost2010Prop57
140
1.0
102
RTVSPost2010PropOp57
 70
     1
  0
XRECORD
  5
466
102
{ACAD_REACTORS
330
465
102
}
330
465
100
AcDbXrecord
280
     1
102
RTVSPropertyOp0
 70
     1
102
RTVSPropertyOp1
 70
     1
102
RTVSPropertyOp2
 70
     1
102
RTVSPropertyOp3
 70
     1
102
RTVSPropertyOp4
 70
     1
102
RTVSPropertyOp5
 70
     1
102
RTVSPropertyOp6
 70
     1
102
RTVSPropertyOp7
 70
     1
102
RTVSPropertyOp8
 70
     1
102
RTVSPropertyOp9
 70
     1
102
RTVSPropertyOp10
 70
     1
102
RTVSPropertyOp11
 70
     1
102
RTVSPropertyOp12
 70
     1
102
RTVSPropertyOp13
 70
     1
102
RTVSPropertyOp14
 70
     1
102
RTVSPropertyOp15
 70
     1
102
RTVSPropertyOp16
 70
     1
102
RTVSPropertyOp17
 70
     1
102
RTVSPropertyOp18
 70
     1
102
RTVSPropertyOp19
 70
     1
102
RTVSPropertyOp20
 70
     1
102
RTVSPropertyOp21
 70
     1
102
RTVSPropertyOp22
 70
     1
102
RTVSPropertyOp23
 70
     1
102
RTVSPropertyOp24
 70
     1
102
RTVSPropertyOp25
 70
     1
102
RTVSPropertyOp26
 70
     1
102
RTVSPropertyOp27
 70
     1
102
RTVSPropertyOp28
 70
     1
102
RTVSPropertyOp29
 70
     1
102
RTVSPropertyOp30
 70
     1
102
RTVSPropertyOp31
 70
     1
102
RTVSPropertyOp32
 70
     1
102
RTVSPropertyOp33
 70
     1
102
RTVSPropertyOp34
 70
     1
102
RTVSPropertyOp35
 70
     1
102
RTVSPropertyOp36
 70
     1
102
RTVSPropertyOp37
 70
     1
102
RTVSPropertyOp38
 70
     1
102
RTVSPropertyOp39
 70
     1
102
RTVSPropertyOp40
 70
     1
102
RTVSPropertyOp41
 70
     1
102
RTVSPropertyOp42
 70
     1
102
RTVSPropertyOp43
 70
     1
102
RTVSPropertyOp44
 70
     1
102
RTVSPropertyOp45
 70
     1
102
RTVSPropertyOp46
 70
     1
102
RTVSPropertyOp47
 70
     1
102
RTVSPropertyOp48
 70
     1
102
RTVSPropertyOp49
 70
     1
102
RTVSPropertyOp50
 70
     1
102
RTVSPropertyOp51
 70
     0
102
RTVSPropertyOp52
 70
     0
102
RTVSPropertyOp53
 70
     1
102
RTVSPropertyOp54
 70
     1
102
RTVSPropertyOp55
 70
     1
102
RTVSPropertyOp56
 70
     1
102
RTVSPropertyOp57
 70
     1
102
RTVSPost2010Prop28
280
     0
102
RTVSPost2010PropOp28
 70
     1
102
RTVSPost2010Prop29
280
     1
102
RTVSPost2010PropOp29
 70
     1
102
RTVSPost2010Prop30
280
     1
102
RTVSPost2010PropOp30
 70
     1
102
RTVSPost2010Prop31
280
     0
102
RTVSPost2010PropOp31
 70
     1
102
RTVSPost2010Prop32
280
     0
102
RTVSPost2010PropOp32
 70
     1
102
RTVSPost2010Prop33
280
     0
102
RTVSPost2010PropOp33
 70
     1
102
RTVSPost2010Prop34
280
     0
102
RTVSPost2010PropOp34
 70
     1
102
RTVSPost2010Prop35
280
     0
102
RTVSPost2010PropOp35
 70
     1
102
RTVSPost2010Prop36
280
     0
102
RTVSPost2010PropOp36
 70
     1
102
RTVSPost2010Prop37
 90
       50
102
RTVSPost2010PropOp37
 70
     1
102
RTVSPost2010Prop38
140
0.0
102
RTVSPost2010PropOp38
 70
     1
102
RTVSPost2010Prop39
140
1.0
102
RTVSPost2010PropOp39
 70
     1
102
RTVSPost2010Prop40
 90
        0
102
RTVSPost2010PropOp40
 70
     1
102
RTVSPost2010Prop41ColorIndex
 90
       18
102
RTVSPost2010Prop41ColorRGB
 90
        0
102
RTVSPost2010PropOp41
 70
     1
102
RTVSPost2010Prop42
 90
       50
102
RTVSPost2010PropOp42
 70
     1
102
RTVSPost2010Prop43
 90
        3
102
RTVSPost2010PropOp43
 70
     1
102
RTVSPost2010Prop44ColorIndex
 90
        5
102
RTVSPost2010Prop44ColorRGB
 90
      255
102
RTVSPost2010PropOp44
 70
     1
102
RTVSPost2010Prop45
280
     0
102
RTVSPost2010PropOp45
 70
     1
102
RTVSPost2010Prop46
 90
       50
102
RTVSPost2010PropOp46
 70
     1
102
RTVSPost2010Prop47
 90
       50
102
RTVSPost2010PropOp47
 70
     1
102
RTVSPost2010Prop48
 90
       50
102
RTVSPost2010PropOp48
 70
     1
102
RTVSPost2010Prop49
280
     0
102
RTVSPost2010PropOp49
 70
     1
102
RTVSPost2010Prop50
 90
       50
102
RTVSPost2010PropOp50
 70
     1
102
RTVSPost2010Prop51ColorIndex
 90
      256
102
RTVSPost2010Prop51ColorRGB
 90
-16777216
102
RTVSPost2010PropOp51
 70
     0
102
RTVSPost2010Prop52
140
1.0
102
RTVSPost2010PropOp52
 70
     0
102
RTVSPost2010Prop53
 90
        2
102
RTVSPost2010PropOp53
 70
     1
102
RTVSPost2010Prop54
  1
strokes_ogs.tif
102
RTVSPost2010PropOp54
 70
     1
102
RTVSPost2010Prop55
280
     0
102
RTVSPost2010PropOp55
 70
     1
102
RTVSPost2010Prop56
140
1.0
102
RTVSPost2010PropOp56
 70
     1
102
RTVSPost2010Prop57
140
1.0
102
RTVSPost2010PropOp57
 70
     1
  0
XRECORD
  5
46E
102
{ACAD_REACTORS
330
46D
102
}
330
46D
100
AcDbXrecord
280
     1
102
RTVSPropertyOp0
 70
     1
102
RTVSPropertyOp1
 70
     1
102
RTVSPropertyOp2
 70
     1
102
RTVSPropertyOp3
 70
     1
102
RTVSPropertyOp4
 70
     1
102
RTVSPropertyOp5
 70
     1
102
RTVSPropertyOp6
 70
     1
102
RTVSPropertyOp7
 70
     1
102
RTVSPropertyOp8
 70
     1
102
RTVSPropertyOp9
 70
     1
102
RTVSPropertyOp10
 70
     1
102
RTVSPropertyOp11
 70
     1
102
RTVSPropertyOp12
 70
     1
102
RTVSPropertyOp13
 70
     1
102
RTVSPropertyOp14
 70
     1
102
RTVSPropertyOp15
 70
     1
102
RTVSPropertyOp16
 70
     1
102
RTVSPropertyOp17
 70
     1
102
RTVSPropertyOp18
 70
     1
102
RTVSPropertyOp19
 70
     1
102
RTVSPropertyOp20
 70
     1
102
RTVSPropertyOp21
 70
     1
102
RTVSPropertyOp22
 70
     1
102
RTVSPropertyOp23
 70
     1
102
RTVSPropertyOp24
 70
     1
102
RTVSPropertyOp25
 70
     1
102
RTVSPropertyOp26
 70
     1
102
RTVSPropertyOp27
 70
     1
102
RTVSPropertyOp28
 70
     1
102
RTVSPropertyOp29
 70
     1
102
RTVSPropertyOp30
 70
     1
102
RTVSPropertyOp31
 70
     1
102
RTVSPropertyOp32
 70
     1
102
RTVSPropertyOp33
 70
     1
102
RTVSPropertyOp34
 70
     1
102
RTVSPropertyOp35
 70
     1
102
RTVSPropertyOp36
 70
     1
102
RTVSPropertyOp37
 70
     1
102
RTVSPropertyOp38
 70
     1
102
RTVSPropertyOp39
 70
     1
102
RTVSPropertyOp40
 70
     1
102
RTVSPropertyOp41
 70
     1
102
RTVSPropertyOp42
 70
     1
102
RTVSPropertyOp43
 70
     1
102
RTVSPropertyOp44
 70
     1
102
RTVSPropertyOp45
 70
     1
102
RTVSPropertyOp46
 70
     1
102
RTVSPropertyOp47
 70
     1
102
RTVSPropertyOp48
 70
     1
102
RTVSPropertyOp49
 70
     1
102
RTVSPropertyOp50
 70
     1
102
RTVSPropertyOp51
 70
     0
102
RTVSPropertyOp52
 70
     0
102
RTVSPropertyOp53
 70
     1
102
RTVSPropertyOp54
 70
     1
102
RTVSPropertyOp55
 70
     1
102
RTVSPropertyOp56
 70
     1
102
RTVSPropertyOp57
 70
     1
102
RTVSPost2010Prop28
280
     0
102
RTVSPost2010PropOp28
 70
     1
102
RTVSPost2010Prop29
280
     1
102
RTVSPost2010PropOp29
 70
     1
102
RTVSPost2010Prop30
280
     1
102
RTVSPost2010PropOp30
 70
     1
102
RTVSPost2010Prop31
280
     0
102
RTVSPost2010PropOp31
 70
     1
102
RTVSPost2010Prop32
280
     0
102
RTVSPost2010PropOp32
 70
     1
102
RTVSPost2010Prop33
280
     0
102
RTVSPost2010PropOp33
 70
     1
102
RTVSPost2010Prop34
280
     0
102
RTVSPost2010PropOp34
 70
     1
102
RTVSPost2010Prop35
280
     0
102
RTVSPost2010PropOp35
 70
     1
102
RTVSPost2010Prop36
280
     0
102
RTVSPost2010PropOp36
 70
     1
102
RTVSPost2010Prop37
 90
       50
102
RTVSPost2010PropOp37
 70
     1
102
RTVSPost2010Prop38
140
0.0
102
RTVSPost2010PropOp38
 70
     1
102
RTVSPost2010Prop39
140
1.0
102
RTVSPost2010PropOp39
 70
     1
102
RTVSPost2010Prop40
 90
        0
102
RTVSPost2010PropOp40
 70
     1
102
RTVSPost2010Prop41ColorIndex
 90
       18
102
RTVSPost2010Prop41ColorRGB
 90
        0
102
RTVSPost2010PropOp41
 70
     1
102
RTVSPost2010Prop42
 90
       50
102
RTVSPost2010PropOp42
 70
     1
102
RTVSPost2010Prop43
 90
        3
102
RTVSPost2010PropOp43
 70
     1
102
RTVSPost2010Prop44ColorIndex
 90
        5
102
RTVSPost2010Prop44ColorRGB
 90
      255
102
RTVSPost2010PropOp44
 70
     1
102
RTVSPost2010Prop45
280
     0
102
RTVSPost2010PropOp45
 70
     1
102
RTVSPost2010Prop46
 90
       50
102
RTVSPost2010PropOp46
 70
     1
102
RTVSPost2010Prop47
 90
       50
102
RTVSPost2010PropOp47
 70
     1
102
RTVSPost2010Prop48
 90
       50
102
RTVSPost2010PropOp48
 70
     1
102
RTVSPost2010Prop49
280
     0
102
RTVSPost2010PropOp49
 70
     1
102
RTVSPost2010Prop50
 90
       50
102
RTVSPost2010PropOp50
 70
     1
102
RTVSPost2010Prop51ColorIndex
 90
      256
102
RTVSPost2010Prop51ColorRGB
 90
-16777216
102
RTVSPost2010PropOp51
 70
     0
102
RTVSPost2010Prop52
140
1.0
102
RTVSPost2010PropOp52
 70
     0
102
RTVSPost2010Prop53
 90
        2
102
RTVSPost2010PropOp53
 70
     1
102
RTVSPost2010Prop54
  1
strokes_ogs.tif
102
RTVSPost2010PropOp54
 70
     1
102
RTVSPost2010Prop55
280
     0
102
RTVSPost2010PropOp55
 70
     1
102
RTVSPost2010Prop56
140
1.0
102
RTVSPost2010PropOp56
 70
     1
102
RTVSPost2010Prop57
140
1.0
102
RTVSPost2010PropOp57
 70
     1
  0
XRECORD
  5
476
102
{ACAD_REACTORS
330
475
102
}
330
475
100
AcDbXrecord
280
     1
102
RTVSPropertyOp0
 70
     1
102
RTVSPropertyOp1
 70
     1
102
RTVSPropertyOp2
 70
     1
102
RTVSPropertyOp3
 70
     1
102
RTVSPropertyOp4
 70
     1
102
RTVSPropertyOp5
 70
     1
102
RTVSPropertyOp6
 70
     1
102
RTVSPropertyOp7
 70
     1
102
RTVSPropertyOp8
 70
     1
102
RTVSPropertyOp9
 70
     1
102
RTVSPropertyOp10
 70
     1
102
RTVSPropertyOp11
 70
     1
102
RTVSPropertyOp12
 70
     1
102
RTVSPropertyOp13
 70
     1
102
RTVSPropertyOp14
 70
     1
102
RTVSPropertyOp15
 70
     1
102
RTVSPropertyOp16
 70
     1
102
RTVSPropertyOp17
 70
     1
102
RTVSPropertyOp18
 70
     1
102
RTVSPropertyOp19
 70
     1
102
RTVSPropertyOp20
 70
     1
102
RTVSPropertyOp21
 70
     1
102
RTVSPropertyOp22
 70
     1
102
RTVSPropertyOp23
 70
     1
102
RTVSPropertyOp24
 70
     1
102
RTVSPropertyOp25
 70
     1
102
RTVSPropertyOp26
 70
     1
102
RTVSPropertyOp27
 70
     1
102
RTVSPropertyOp28
 70
     1
102
RTVSPropertyOp29
 70
     1
102
RTVSPropertyOp30
 70
     1
102
RTVSPropertyOp31
 70
     1
102
RTVSPropertyOp32
 70
     1
102
RTVSPropertyOp33
 70
     1
102
RTVSPropertyOp34
 70
     1
102
RTVSPropertyOp35
 70
     1
102
RTVSPropertyOp36
 70
     1
102
RTVSPropertyOp37
 70
     1
102
RTVSPropertyOp38
 70
     1
102
RTVSPropertyOp39
 70
     1
102
RTVSPropertyOp40
 70
     1
102
RTVSPropertyOp41
 70
     1
102
RTVSPropertyOp42
 70
     1
102
RTVSPropertyOp43
 70
     1
102
RTVSPropertyOp44
 70
     1
102
RTVSPropertyOp45
 70
     1
102
RTVSPropertyOp46
 70
     1
102
RTVSPropertyOp47
 70
     1
102
RTVSPropertyOp48
 70
     1
102
RTVSPropertyOp49
 70
     1
102
RTVSPropertyOp50
 70
     1
102
RTVSPropertyOp51
 70
     0
102
RTVSPropertyOp52
 70
     0
102
RTVSPropertyOp53
 70
     1
102
RTVSPropertyOp54
 70
     1
102
RTVSPropertyOp55
 70
     1
102
RTVSPropertyOp56
 70
     1
102
RTVSPropertyOp57
 70
     1
102
RTVSPost2010Prop28
280
     0
102
RTVSPost2010PropOp28
 70
     1
102
RTVSPost2010Prop29
280
     1
102
RTVSPost2010PropOp29
 70
     1
102
RTVSPost2010Prop30
280
     1
102
RTVSPost2010PropOp30
 70
     1
102
RTVSPost2010Prop31
280
     0
102
RTVSPost2010PropOp31
 70
     1
102
RTVSPost2010Prop32
280
     0
102
RTVSPost2010PropOp32
 70
     1
102
RTVSPost2010Prop33
280
     0
102
RTVSPost2010PropOp33
 70
     1
102
RTVSPost2010Prop34
280
     0
102
RTVSPost2010PropOp34
 70
     1
102
RTVSPost2010Prop35
280
     0
102
RTVSPost2010PropOp35
 70
     1
102
RTVSPost2010Prop36
280
     0
102
RTVSPost2010PropOp36
 70
     1
102
RTVSPost2010Prop37
 90
       50
102
RTVSPost2010PropOp37
 70
     1
102
RTVSPost2010Prop38
140
0.0
102
RTVSPost2010PropOp38
 70
     1
102
RTVSPost2010Prop39
140
1.0
102
RTVSPost2010PropOp39
 70
     1
102
RTVSPost2010Prop40
 90
        0
102
RTVSPost2010PropOp40
 70
     1
102
RTVSPost2010Prop41ColorIndex
 90
       18
102
RTVSPost2010Prop41ColorRGB
 90
        0
102
RTVSPost2010PropOp41
 70
     1
102
RTVSPost2010Prop42
 90
       50
102
RTVSPost2010PropOp42
 70
     1
102
RTVSPost2010Prop43
 90
        3
102
RTVSPost2010PropOp43
 70
     1
102
RTVSPost2010Prop44ColorIndex
 90
        5
102
RTVSPost2010Prop44ColorRGB
 90
      255
102
RTVSPost2010PropOp44
 70
     1
102
RTVSPost2010Prop45
280
     0
102
RTVSPost2010PropOp45
 70
     1
102
RTVSPost2010Prop46
 90
       50
102
RTVSPost2010PropOp46
 70
     1
102
RTVSPost2010Prop47
 90
       50
102
RTVSPost2010PropOp47
 70
     1
102
RTVSPost2010Prop48
 90
       50
102
RTVSPost2010PropOp48
 70
     1
102
RTVSPost2010Prop49
280
     0
102
RTVSPost2010PropOp49
 70
     1
102
RTVSPost2010Prop50
 90
       50
102
RTVSPost2010PropOp50
 70
     1
102
RTVSPost2010Prop51ColorIndex
 90
      256
102
RTVSPost2010Prop51ColorRGB
 90
-16777216
102
RTVSPost2010PropOp51
 70
     0
102
RTVSPost2010Prop52
140
1.0
102
RTVSPost2010PropOp52
 70
     0
102
RTVSPost2010Prop53
 90
        2
102
RTVSPost2010PropOp53
 70
     1
102
RTVSPost2010Prop54
  1
strokes_ogs.tif
102
RTVSPost2010PropOp54
 70
     1
102
RTVSPost2010Prop55
280
     0
102
RTVSPost2010PropOp55
 70
     1
102
RTVSPost2010Prop56
140
1.0
102
RTVSPost2010PropOp56
 70
     1
102
RTVSPost2010Prop57
140
1.0
102
RTVSPost2010PropOp57
 70
     1
  0
XRECORD
  5
46A
102
{ACAD_REACTORS
330
469
102
}
330
469
100
AcDbXrecord
280
     1
102
RTVSPropertyOp0
 70
     1
102
RTVSPropertyOp1
 70
     1
102
RTVSPropertyOp2
 70
     1
102
RTVSPropertyOp3
 70
     1
102
RTVSPropertyOp4
 70
     1
102
RTVSPropertyOp5
 70
     1
102
RTVSPropertyOp6
 70
     1
102
RTVSPropertyOp7
 70
     1
102
RTVSPropertyOp8
 70
     1
102
RTVSPropertyOp9
 70
     1
102
RTVSPropertyOp10
 70
     1
102
RTVSPropertyOp11
 70
     1
102
RTVSPropertyOp12
 70
     1
102
RTVSPropertyOp13
 70
     1
102
RTVSPropertyOp14
 70
     1
102
RTVSPropertyOp15
 70
     1
102
RTVSPropertyOp16
 70
     1
102
RTVSPropertyOp17
 70
     1
102
RTVSPropertyOp18
 70
     1
102
RTVSPropertyOp19
 70
     1
102
RTVSPropertyOp20
 70
     1
102
RTVSPropertyOp21
 70
     1
102
RTVSPropertyOp22
 70
     1
102
RTVSPropertyOp23
 70
     1
102
RTVSPropertyOp24
 70
     1
102
RTVSPropertyOp25
 70
     1
102
RTVSPropertyOp26
 70
     1
102
RTVSPropertyOp27
 70
     1
102
RTVSPropertyOp28
 70
     1
102
RTVSPropertyOp29
 70
     1
102
RTVSPropertyOp30
 70
     1
102
RTVSPropertyOp31
 70
     1
102
RTVSPropertyOp32
 70
     1
102
RTVSPropertyOp33
 70
     1
102
RTVSPropertyOp34
 70
     1
102
RTVSPropertyOp35
 70
     1
102
RTVSPropertyOp36
 70
     1
102
RTVSPropertyOp37
 70
     1
102
RTVSPropertyOp38
 70
     1
102
RTVSPropertyOp39
 70
     1
102
RTVSPropertyOp40
 70
     1
102
RTVSPropertyOp41
 70
     1
102
RTVSPropertyOp42
 70
     1
102
RTVSPropertyOp43
 70
     1
102
RTVSPropertyOp44
 70
     1
102
RTVSPropertyOp45
 70
     1
102
RTVSPropertyOp46
 70
     1
102
RTVSPropertyOp47
 70
     1
102
RTVSPropertyOp48
 70
     1
102
RTVSPropertyOp49
 70
     1
102
RTVSPropertyOp50
 70
     1
102
RTVSPropertyOp51
 70
     0
102
RTVSPropertyOp52
 70
     0
102
RTVSPropertyOp53
 70
     1
102
RTVSPropertyOp54
 70
     1
102
RTVSPropertyOp55
 70
     1
102
RTVSPropertyOp56
 70
     1
102
RTVSPropertyOp57
 70
     1
102
RTVSPost2010Prop28
280
     0
102
RTVSPost2010PropOp28
 70
     1
102
RTVSPost2010Prop29
280
     1
102
RTVSPost2010PropOp29
 70
     1
102
RTVSPost2010Prop30
280
     1
102
RTVSPost2010PropOp30
 70
     1
102
RTVSPost2010Prop31
280
     0
102
RTVSPost2010PropOp31
 70
     1
102
RTVSPost2010Prop32
280
     0
102
RTVSPost2010PropOp32
 70
     1
102
RTVSPost2010Prop33
280
     0
102
RTVSPost2010PropOp33
 70
     1
102
RTVSPost2010Prop34
280
     0
102
RTVSPost2010PropOp34
 70
     1
102
RTVSPost2010Prop35
280
     0
102
RTVSPost2010PropOp35
 70
     1
102
RTVSPost2010Prop36
280
     0
102
RTVSPost2010PropOp36
 70
     1
102
RTVSPost2010Prop37
 90
       50
102
RTVSPost2010PropOp37
 70
     1
102
RTVSPost2010Prop38
140
0.0
102
RTVSPost2010PropOp38
 70
     1
102
RTVSPost2010Prop39
140
1.0
102
RTVSPost2010PropOp39
 70
     1
102
RTVSPost2010Prop40
 90
        0
102
RTVSPost2010PropOp40
 70
     1
102
RTVSPost2010Prop41ColorIndex
 90
       18
102
RTVSPost2010Prop41ColorRGB
 90
        0
102
RTVSPost2010PropOp41
 70
     1
102
RTVSPost2010Prop42
 90
       50
102
RTVSPost2010PropOp42
 70
     1
102
RTVSPost2010Prop43
 90
        3
102
RTVSPost2010PropOp43
 70
     1
102
RTVSPost2010Prop44ColorIndex
 90
        5
102
RTVSPost2010Prop44ColorRGB
 90
      255
102
RTVSPost2010PropOp44
 70
     1
102
RTVSPost2010Prop45
280
     0
102
RTVSPost2010PropOp45
 70
     1
102
RTVSPost2010Prop46
 90
       50
102
RTVSPost2010PropOp46
 70
     1
102
RTVSPost2010Prop47
 90
       50
102
RTVSPost2010PropOp47
 70
     1
102
RTVSPost2010Prop48
 90
       50
102
RTVSPost2010PropOp48
 70
     1
102
RTVSPost2010Prop49
280
     0
102
RTVSPost2010PropOp49
 70
     1
102
RTVSPost2010Prop50
 90
       50
102
RTVSPost2010PropOp50
 70
     1
102
RTVSPost2010Prop51ColorIndex
 90
      256
102
RTVSPost2010Prop51ColorRGB
 90
-16777216
102
RTVSPost2010PropOp51
 70
     0
102
RTVSPost2010Prop52
140
1.0
102
RTVSPost2010PropOp52
 70
     0
102
RTVSPost2010Prop53
 90
        2
102
RTVSPost2010PropOp53
 70
     1
102
RTVSPost2010Prop54
  1
strokes_ogs.tif
102
RTVSPost2010PropOp54
 70
     1
102
RTVSPost2010Prop55
280
     0
102
RTVSPost2010PropOp55
 70
     1
102
RTVSPost2010Prop56
140
1.0
102
RTVSPost2010PropOp56
 70
     1
102
RTVSPost2010Prop57
140
1.0
102
RTVSPost2010PropOp57
 70
     1
  0
XRECORD
  5
46C
102
{ACAD_REACTORS
330
46B
102
}
330
46B
100
AcDbXrecord
280
     1
102
RTVSPropertyOp0
 70
     1
102
RTVSPropertyOp1
 70
     1
102
RTVSPropertyOp2
 70
     1
102
RTVSPropertyOp3
 70
     1
102
RTVSPropertyOp4
 70
     1
102
RTVSPropertyOp5
 70
     1
102
RTVSPropertyOp6
 70
     1
102
RTVSPropertyOp7
 70
     1
102
RTVSPropertyOp8
 70
     1
102
RTVSPropertyOp9
 70
     1
102
RTVSPropertyOp10
 70
     1
102
RTVSPropertyOp11
 70
     1
102
RTVSPropertyOp12
 70
     1
102
RTVSPropertyOp13
 70
     1
102
RTVSPropertyOp14
 70
     1
102
RTVSPropertyOp15
 70
     1
102
RTVSPropertyOp16
 70
     1
102
RTVSPropertyOp17
 70
     1
102
RTVSPropertyOp18
 70
     1
102
RTVSPropertyOp19
 70
     1
102
RTVSPropertyOp20
 70
     1
102
RTVSPropertyOp21
 70
     1
102
RTVSPropertyOp22
 70
     1
102
RTVSPropertyOp23
 70
     1
102
RTVSPropertyOp24
 70
     1
102
RTVSPropertyOp25
 70
     1
102
RTVSPropertyOp26
 70
     1
102
RTVSPropertyOp27
 70
     1
102
RTVSPropertyOp28
 70
     1
102
RTVSPropertyOp29
 70
     1
102
RTVSPropertyOp30
 70
     1
102
RTVSPropertyOp31
 70
     1
102
RTVSPropertyOp32
 70
     1
102
RTVSPropertyOp33
 70
     1
102
RTVSPropertyOp34
 70
     1
102
RTVSPropertyOp35
 70
     1
102
RTVSPropertyOp36
 70
     1
102
RTVSPropertyOp37
 70
     1
102
RTVSPropertyOp38
 70
     1
102
RTVSPropertyOp39
 70
     1
102
RTVSPropertyOp40
 70
     1
102
RTVSPropertyOp41
 70
     1
102
RTVSPropertyOp42
 70
     1
102
RTVSPropertyOp43
 70
     1
102
RTVSPropertyOp44
 70
     1
102
RTVSPropertyOp45
 70
     1
102
RTVSPropertyOp46
 70
     1
102
RTVSPropertyOp47
 70
     1
102
RTVSPropertyOp48
 70
     1
102
RTVSPropertyOp49
 70
     1
102
RTVSPropertyOp50
 70
     1
102
RTVSPropertyOp51
 70
     0
102
RTVSPropertyOp52
 70
     0
102
RTVSPropertyOp53
 70
     1
102
RTVSPropertyOp54
 70
     1
102
RTVSPropertyOp55
 70
     1
102
RTVSPropertyOp56
 70
     1
102
RTVSPropertyOp57
 70
     1
102
RTVSPost2010Prop28
280
     0
102
RTVSPost2010PropOp28
 70
     1
102
RTVSPost2010Prop29
280
     1
102
RTVSPost2010PropOp29
 70
     1
102
RTVSPost2010Prop30
280
     1
102
RTVSPost2010PropOp30
 70
     1
102
RTVSPost2010Prop31
280
     0
102
RTVSPost2010PropOp31
 70
     1
102
RTVSPost2010Prop32
280
     0
102
RTVSPost2010PropOp32
 70
     1
102
RTVSPost2010Prop33
280
     0
102
RTVSPost2010PropOp33
 70
     1
102
RTVSPost2010Prop34
280
     0
102
RTVSPost2010PropOp34
 70
     1
102
RTVSPost2010Prop35
280
     0
102
RTVSPost2010PropOp35
 70
     1
102
RTVSPost2010Prop36
280
     0
102
RTVSPost2010PropOp36
 70
     1
102
RTVSPost2010Prop37
 90
       50
102
RTVSPost2010PropOp37
 70
     1
102
RTVSPost2010Prop38
140
0.0
102
RTVSPost2010PropOp38
 70
     1
102
RTVSPost2010Prop39
140
1.0
102
RTVSPost2010PropOp39
 70
     1
102
RTVSPost2010Prop40
 90
        0
102
RTVSPost2010PropOp40
 70
     1
102
RTVSPost2010Prop41ColorIndex
 90
       18
102
RTVSPost2010Prop41ColorRGB
 90
        0
102
RTVSPost2010PropOp41
 70
     1
102
RTVSPost2010Prop42
 90
       50
102
RTVSPost2010PropOp42
 70
     1
102
RTVSPost2010Prop43
 90
        3
102
RTVSPost2010PropOp43
 70
     1
102
RTVSPost2010Prop44ColorIndex
 90
        5
102
RTVSPost2010Prop44ColorRGB
 90
      255
102
RTVSPost2010PropOp44
 70
     1
102
RTVSPost2010Prop45
280
     0
102
RTVSPost2010PropOp45
 70
     1
102
RTVSPost2010Prop46
 90
       50
102
RTVSPost2010PropOp46
 70
     1
102
RTVSPost2010Prop47
 90
       50
102
RTVSPost2010PropOp47
 70
     1
102
RTVSPost2010Prop48
 90
       50
102
RTVSPost2010PropOp48
 70
     1
102
RTVSPost2010Prop49
280
     0
102
RTVSPost2010PropOp49
 70
     1
102
RTVSPost2010Prop50
 90
       50
102
RTVSPost2010PropOp50
 70
     1
102
RTVSPost2010Prop51ColorIndex
 90
      256
102
RTVSPost2010Prop51ColorRGB
 90
-16777216
102
RTVSPost2010PropOp51
 70
     0
102
RTVSPost2010Prop52
140
1.0
102
RTVSPost2010PropOp52
 70
     0
102
RTVSPost2010Prop53
 90
        2
102
RTVSPost2010PropOp53
 70
     1
102
RTVSPost2010Prop54
  1
strokes_ogs.tif
102
RTVSPost2010PropOp54
 70
     1
102
RTVSPost2010Prop55
280
     0
102
RTVSPost2010PropOp55
 70
     1
102
RTVSPost2010Prop56
140
1.0
102
RTVSPost2010PropOp56
 70
     1
102
RTVSPost2010Prop57
140
1.0
102
RTVSPost2010PropOp57
 70
     1
  0
XRECORD
  5
47C
102
{ACAD_REACTORS
330
47B
102
}
330
47B
100
AcDbXrecord
280
     1
102
RTVSPropertyOp0
 70
     0
102
RTVSPropertyOp1
 70
     0
102
RTVSPropertyOp2
 70
     0
102
RTVSPropertyOp3
 70
     0
102
RTVSPropertyOp4
 70
     0
102
RTVSPropertyOp5
 70
     0
102
RTVSPropertyOp6
 70
     0
102
RTVSPropertyOp7
 70
     0
102
RTVSPropertyOp8
 70
     0
102
RTVSPropertyOp9
 70
     0
102
RTVSPropertyOp10
 70
     0
102
RTVSPropertyOp11
 70
     0
102
RTVSPropertyOp12
 70
     0
102
RTVSPropertyOp13
 70
     0
102
RTVSPropertyOp14
 70
     2
102
RTVSPropertyOp15
 70
     0
102
RTVSPropertyOp16
 70
     0
102
RTVSPropertyOp17
 70
     0
102
RTVSPropertyOp18
 70
     0
102
RTVSPropertyOp19
 70
     0
102
RTVSPropertyOp20
 70
     0
102
RTVSPropertyOp21
 70
     0
102
RTVSPropertyOp22
 70
     0
102
RTVSPropertyOp23
 70
     0
102
RTVSPropertyOp24
 70
     0
102
RTVSPropertyOp25
 70
     0
102
RTVSPropertyOp26
 70
     0
102
RTVSPropertyOp27
 70
     0
102
RTVSPropertyOp28
 70
     0
102
RTVSPropertyOp29
 70
     0
102
RTVSPropertyOp30
 70
     0
102
RTVSPropertyOp31
 70
     0
102
RTVSPropertyOp32
 70
     0
102
RTVSPropertyOp33
 70
     0
102
RTVSPropertyOp34
 70
     0
102
RTVSPropertyOp35
 70
     0
102
RTVSPropertyOp36
 70
     0
102
RTVSPropertyOp37
 70
     0
102
RTVSPropertyOp38
 70
     0
102
RTVSPropertyOp39
 70
     0
102
RTVSPropertyOp40
 70
     0
102
RTVSPropertyOp41
 70
     0
102
RTVSPropertyOp42
 70
     0
102
RTVSPropertyOp43
 70
     0
102
RTVSPropertyOp44
 70
     0
102
RTVSPropertyOp45
 70
     0
102
RTVSPropertyOp46
 70
     0
102
RTVSPropertyOp47
 70
     0
102
RTVSPropertyOp48
 70
     0
102
RTVSPropertyOp49
 70
     0
102
RTVSPropertyOp50
 70
     0
102
RTVSPropertyOp51
 70
     0
102
RTVSPropertyOp52
 70
     0
102
RTVSPropertyOp53
 70
     0
102
RTVSPropertyOp54
 70
     0
102
RTVSPropertyOp55
 70
     0
102
RTVSPropertyOp56
 70
     0
102
RTVSPropertyOp57
 70
     0
102
RTVSPost2010Prop28
280
     0
102
RTVSPost2010PropOp28
 70
     0
102
RTVSPost2010Prop29
280
     1
102
RTVSPost2010PropOp29
 70
     0
102
RTVSPost2010Prop30
280
     1
102
RTVSPost2010PropOp30
 70
     0
102
RTVSPost2010Prop31
280
     0
102
RTVSPost2010PropOp31
 70
     0
102
RTVSPost2010Prop32
280
     0
102
RTVSPost2010PropOp32
 70
     0
102
RTVSPost2010Prop33
280
     0
102
RTVSPost2010PropOp33
 70
     0
102
RTVSPost2010Prop34
280
     0
102
RTVSPost2010PropOp34
 70
     0
102
RTVSPost2010Prop35
280
     0
102
RTVSPost2010PropOp35
 70
     0
102
RTVSPost2010Prop36
280
     0
102
RTVSPost2010PropOp36
 70
     0
102
RTVSPost2010Prop37
 90
       50
102
RTVSPost2010PropOp37
 70
     0
102
RTVSPost2010Prop38
140
0.0
102
RTVSPost2010PropOp38
 70
     0
102
RTVSPost2010Prop39
140
1.0
102
RTVSPost2010PropOp39
 70
     0
102
RTVSPost2010Prop40
 90
        0
102
RTVSPost2010PropOp40
 70
     0
102
RTVSPost2010Prop41ColorIndex
 90
       18
102
RTVSPost2010Prop41ColorRGB
 90
        0
102
RTVSPost2010PropOp41
 70
     0
102
RTVSPost2010Prop42
 90
       50
102
RTVSPost2010PropOp42
 70
     0
102
RTVSPost2010Prop43
 90
        3
102
RTVSPost2010PropOp43
 70
     0
102
RTVSPost2010Prop44ColorIndex
 90
        5
102
RTVSPost2010Prop44ColorRGB
 90
      255
102
RTVSPost2010PropOp44
 70
     0
102
RTVSPost2010Prop45
280
     0
102
RTVSPost2010PropOp45
 70
     0
102
RTVSPost2010Prop46
 90
       50
102
RTVSPost2010PropOp46
 70
     0
102
RTVSPost2010Prop47
 90
       50
102
RTVSPost2010PropOp47
 70
     0
102
RTVSPost2010Prop48
 90
       50
102
RTVSPost2010PropOp48
 70
     0
102
RTVSPost2010Prop49
280
     0
102
RTVSPost2010PropOp49
 70
     0
102
RTVSPost2010Prop50
 90
       50
102
RTVSPost2010PropOp50
 70
     0
102
RTVSPost2010Prop51ColorIndex
 90
      256
102
RTVSPost2010Prop51ColorRGB
 90
-16777216
102
RTVSPost2010PropOp51
 70
     0
102
RTVSPost2010Prop52
140
1.0
102
RTVSPost2010PropOp52
 70
     0
102
RTVSPost2010Prop53
 90
        2
102
RTVSPost2010PropOp53
 70
     0
102
RTVSPost2010Prop54
  1
strokes_ogs.tif
102
RTVSPost2010PropOp54
 70
     0
102
RTVSPost2010Prop55
280
     0
102
RTVSPost2010PropOp55
 70
     0
102
RTVSPost2010Prop56
140
1.0
102
RTVSPost2010PropOp56
 70
     0
102
RTVSPost2010Prop57
140
1.0
102
RTVSPost2010PropOp57
 70
     0
  0
XRECORD
  5
474
102
{ACAD_REACTORS
330
473
102
}
330
473
100
AcDbXrecord
280
     1
102
RTVSPropertyOp0
 70
     1
102
RTVSPropertyOp1
 70
     1
102
RTVSPropertyOp2
 70
     1
102
RTVSPropertyOp3
 70
     1
102
RTVSPropertyOp4
 70
     1
102
RTVSPropertyOp5
 70
     1
102
RTVSPropertyOp6
 70
     1
102
RTVSPropertyOp7
 70
     1
102
RTVSPropertyOp8
 70
     1
102
RTVSPropertyOp9
 70
     1
102
RTVSPropertyOp10
 70
     1
102
RTVSPropertyOp11
 70
     1
102
RTVSPropertyOp12
 70
     1
102
RTVSPropertyOp13
 70
     1
102
RTVSPropertyOp14
 70
     1
102
RTVSPropertyOp15
 70
     1
102
RTVSPropertyOp16
 70
     1
102
RTVSPropertyOp17
 70
     1
102
RTVSPropertyOp18
 70
     1
102
RTVSPropertyOp19
 70
     1
102
RTVSPropertyOp20
 70
     1
102
RTVSPropertyOp21
 70
     1
102
RTVSPropertyOp22
 70
     1
102
RTVSPropertyOp23
 70
     1
102
RTVSPropertyOp24
 70
     1
102
RTVSPropertyOp25
 70
     1
102
RTVSPropertyOp26
 70
     1
102
RTVSPropertyOp27
 70
     1
102
RTVSPropertyOp28
 70
     1
102
RTVSPropertyOp29
 70
     1
102
RTVSPropertyOp30
 70
     1
102
RTVSPropertyOp31
 70
     1
102
RTVSPropertyOp32
 70
     1
102
RTVSPropertyOp33
 70
     1
102
RTVSPropertyOp34
 70
     1
102
RTVSPropertyOp35
 70
     1
102
RTVSPropertyOp36
 70
     1
102
RTVSPropertyOp37
 70
     1
102
RTVSPropertyOp38
 70
     1
102
RTVSPropertyOp39
 70
     1
102
RTVSPropertyOp40
 70
     1
102
RTVSPropertyOp41
 70
     1
102
RTVSPropertyOp42
 70
     1
102
RTVSPropertyOp43
 70
     1
102
RTVSPropertyOp44
 70
     1
102
RTVSPropertyOp45
 70
     1
102
RTVSPropertyOp46
 70
     1
102
RTVSPropertyOp47
 70
     1
102
RTVSPropertyOp48
 70
     1
102
RTVSPropertyOp49
 70
     1
102
RTVSPropertyOp50
 70
     1
102
RTVSPropertyOp51
 70
     0
102
RTVSPropertyOp52
 70
     0
102
RTVSPropertyOp53
 70
     1
102
RTVSPropertyOp54
 70
     1
102
RTVSPropertyOp55
 70
     1
102
RTVSPropertyOp56
 70
     1
102
RTVSPropertyOp57
 70
     1
102
RTVSPost2010Prop28
280
     0
102
RTVSPost2010PropOp28
 70
     1
102
RTVSPost2010Prop29
280
     1
102
RTVSPost2010PropOp29
 70
     1
102
RTVSPost2010Prop30
280
     1
102
RTVSPost2010PropOp30
 70
     1
102
RTVSPost2010Prop31
280
     0
102
RTVSPost2010PropOp31
 70
     1
102
RTVSPost2010Prop32
280
     0
102
RTVSPost2010PropOp32
 70
     1
102
RTVSPost2010Prop33
280
     0
102
RTVSPost2010PropOp33
 70
     1
102
RTVSPost2010Prop34
280
     0
102
RTVSPost2010PropOp34
 70
     1
102
RTVSPost2010Prop35
280
     0
102
RTVSPost2010PropOp35
 70
     1
102
RTVSPost2010Prop36
280
     0
102
RTVSPost2010PropOp36
 70
     1
102
RTVSPost2010Prop37
 90
       50
102
RTVSPost2010PropOp37
 70
     1
102
RTVSPost2010Prop38
140
0.0
102
RTVSPost2010PropOp38
 70
     1
102
RTVSPost2010Prop39
140
1.0
102
RTVSPost2010PropOp39
 70
     1
102
RTVSPost2010Prop40
 90
        0
102
RTVSPost2010PropOp40
 70
     1
102
RTVSPost2010Prop41ColorIndex
 90
       18
102
RTVSPost2010Prop41ColorRGB
 90
        0
102
RTVSPost2010PropOp41
 70
     1
102
RTVSPost2010Prop42
 90
       50
102
RTVSPost2010PropOp42
 70
     1
102
RTVSPost2010Prop43
 90
        3
102
RTVSPost2010PropOp43
 70
     1
102
RTVSPost2010Prop44ColorIndex
 90
        5
102
RTVSPost2010Prop44ColorRGB
 90
      255
102
RTVSPost2010PropOp44
 70
     1
102
RTVSPost2010Prop45
280
     0
102
RTVSPost2010PropOp45
 70
     1
102
RTVSPost2010Prop46
 90
       50
102
RTVSPost2010PropOp46
 70
     1
102
RTVSPost2010Prop47
 90
       50
102
RTVSPost2010PropOp47
 70
     1
102
RTVSPost2010Prop48
 90
       50
102
RTVSPost2010PropOp48
 70
     1
102
RTVSPost2010Prop49
280
     0
102
RTVSPost2010PropOp49
 70
     1
102
RTVSPost2010Prop50
 90
       50
102
RTVSPost2010PropOp50
 70
     1
102
RTVSPost2010Prop51ColorIndex
 90
      256
102
RTVSPost2010Prop51ColorRGB
 90
-16777216
102
RTVSPost2010PropOp51
 70
     0
102
RTVSPost2010Prop52
140
1.0
102
RTVSPost2010PropOp52
 70
     0
102
RTVSPost2010Prop53
 90
        2
102
RTVSPost2010PropOp53
 70
     1
102
RTVSPost2010Prop54
  1
strokes_ogs.tif
102
RTVSPost2010PropOp54
 70
     1
102
RTVSPost2010Prop55
280
     0
102
RTVSPost2010PropOp55
 70
     1
102
RTVSPost2010Prop56
140
1.0
102
RTVSPost2010PropOp56
 70
     1
102
RTVSPost2010Prop57
140
1.0
102
RTVSPost2010PropOp57
 70
     1
  0
XRECORD
  5
458
102
{ACAD_REACTORS
330
457
102
}
330
457
100
AcDbXrecord
280
     1
102
RTVSPropertyOp0
 70
     1
102
RTVSPropertyOp1
 70
     1
102
RTVSPropertyOp2
 70
     1
102
RTVSPropertyOp3
 70
     1
102
RTVSPropertyOp4
 70
     1
102
RTVSPropertyOp5
 70
     1
102
RTVSPropertyOp6
 70
     1
102
RTVSPropertyOp7
 70
     1
102
RTVSPropertyOp8
 70
     1
102
RTVSPropertyOp9
 70
     1
102
RTVSPropertyOp10
 70
     1
102
RTVSPropertyOp11
 70
     1
102
RTVSPropertyOp12
 70
     1
102
RTVSPropertyOp13
 70
     1
102
RTVSPropertyOp14
 70
     1
102
RTVSPropertyOp15
 70
     1
102
RTVSPropertyOp16
 70
     1
102
RTVSPropertyOp17
 70
     1
102
RTVSPropertyOp18
 70
     1
102
RTVSPropertyOp19
 70
     1
102
RTVSPropertyOp20
 70
     1
102
RTVSPropertyOp21
 70
     1
102
RTVSPropertyOp22
 70
     1
102
RTVSPropertyOp23
 70
     1
102
RTVSPropertyOp24
 70
     1
102
RTVSPropertyOp25
 70
     1
102
RTVSPropertyOp26
 70
     1
102
RTVSPropertyOp27
 70
     1
102
RTVSPropertyOp28
 70
     1
102
RTVSPropertyOp29
 70
     1
102
RTVSPropertyOp30
 70
     1
102
RTVSPropertyOp31
 70
     1
102
RTVSPropertyOp32
 70
     1
102
RTVSPropertyOp33
 70
     1
102
RTVSPropertyOp34
 70
     1
102
RTVSPropertyOp35
 70
     1
102
RTVSPropertyOp36
 70
     1
102
RTVSPropertyOp37
 70
     1
102
RTVSPropertyOp38
 70
     1
102
RTVSPropertyOp39
 70
     1
102
RTVSPropertyOp40
 70
     1
102
RTVSPropertyOp41
 70
     1
102
RTVSPropertyOp42
 70
     1
102
RTVSPropertyOp43
 70
     1
102
RTVSPropertyOp44
 70
     1
102
RTVSPropertyOp45
 70
     1
102
RTVSPropertyOp46
 70
     1
102
RTVSPropertyOp47
 70
     1
102
RTVSPropertyOp48
 70
     1
102
RTVSPropertyOp49
 70
     1
102
RTVSPropertyOp50
 70
     1
102
RTVSPropertyOp51
 70
     0
102
RTVSPropertyOp52
 70
     0
102
RTVSPropertyOp53
 70
     1
102
RTVSPropertyOp54
 70
     1
102
RTVSPropertyOp55
 70
     1
102
RTVSPropertyOp56
 70
     1
102
RTVSPropertyOp57
 70
     1
102
RTVSPost2010Prop28
280
     0
102
RTVSPost2010PropOp28
 70
     1
102
RTVSPost2010Prop29
280
     1
102
RTVSPost2010PropOp29
 70
     1
102
RTVSPost2010Prop30
280
     1
102
RTVSPost2010PropOp30
 70
     1
102
RTVSPost2010Prop31
280
     0
102
RTVSPost2010PropOp31
 70
     1
102
RTVSPost2010Prop32
280
     0
102
RTVSPost2010PropOp32
 70
     1
102
RTVSPost2010Prop33
280
     0
102
RTVSPost2010PropOp33
 70
     1
102
RTVSPost2010Prop34
280
     0
102
RTVSPost2010PropOp34
 70
     1
102
RTVSPost2010Prop35
280
     0
102
RTVSPost2010PropOp35
 70
     1
102
RTVSPost2010Prop36
280
     0
102
RTVSPost2010PropOp36
 70
     1
102
RTVSPost2010Prop37
 90
       50
102
RTVSPost2010PropOp37
 70
     1
102
RTVSPost2010Prop38
140
0.0
102
RTVSPost2010PropOp38
 70
     1
102
RTVSPost2010Prop39
140
1.0
102
RTVSPost2010PropOp39
 70
     1
102
RTVSPost2010Prop40
 90
        0
102
RTVSPost2010PropOp40
 70
     1
102
RTVSPost2010Prop41ColorIndex
 90
       18
102
RTVSPost2010Prop41ColorRGB
 90
        0
102
RTVSPost2010PropOp41
 70
     1
102
RTVSPost2010Prop42
 90
       50
102
RTVSPost2010PropOp42
 70
     1
102
RTVSPost2010Prop43
 90
        3
102
RTVSPost2010PropOp43
 70
     1
102
RTVSPost2010Prop44ColorIndex
 90
        5
102
RTVSPost2010Prop44ColorRGB
 90
      255
102
RTVSPost2010PropOp44
 70
     1
102
RTVSPost2010Prop45
280
     0
102
RTVSPost2010PropOp45
 70
     1
102
RTVSPost2010Prop46
 90
       50
102
RTVSPost2010PropOp46
 70
     1
102
RTVSPost2010Prop47
 90
       50
102
RTVSPost2010PropOp47
 70
     1
102
RTVSPost2010Prop48
 90
       50
102
RTVSPost2010PropOp48
 70
     1
102
RTVSPost2010Prop49
280
     0
102
RTVSPost2010PropOp49
 70
     1
102
RTVSPost2010Prop50
 90
       50
102
RTVSPost2010PropOp50
 70
     1
102
RTVSPost2010Prop51ColorIndex
 90
      256
102
RTVSPost2010Prop51ColorRGB
 90
-16777216
102
RTVSPost2010PropOp51
 70
     0
102
RTVSPost2010Prop52
140
1.0
102
RTVSPost2010PropOp52
 70
     0
102
RTVSPost2010Prop53
 90
        2
102
RTVSPost2010PropOp53
 70
     1
102
RTVSPost2010Prop54
  1
strokes_ogs.tif
102
RTVSPost2010PropOp54
 70
     1
102
RTVSPost2010Prop55
280
     0
102
RTVSPost2010PropOp55
 70
     1
102
RTVSPost2010Prop56
140
1.0
102
RTVSPost2010PropOp56
 70
     1
102
RTVSPost2010Prop57
140
1.0
102
RTVSPost2010PropOp57
 70
     1
  0
XRECORD
  5
45A
102
{ACAD_REACTORS
330
459
102
}
330
459
100
AcDbXrecord
280
     1
102
RTVSPropertyOp0
 70
     1
102
RTVSPropertyOp1
 70
     1
102
RTVSPropertyOp2
 70
     1
102
RTVSPropertyOp3
 70
     1
102
RTVSPropertyOp4
 70
     1
102
RTVSPropertyOp5
 70
     1
102
RTVSPropertyOp6
 70
     1
102
RTVSPropertyOp7
 70
     1
102
RTVSPropertyOp8
 70
     1
102
RTVSPropertyOp9
 70
     1
102
RTVSPropertyOp10
 70
     1
102
RTVSPropertyOp11
 70
     1
102
RTVSPropertyOp12
 70
     1
102
RTVSPropertyOp13
 70
     1
102
RTVSPropertyOp14
 70
     1
102
RTVSPropertyOp15
 70
     1
102
RTVSPropertyOp16
 70
     1
102
RTVSPropertyOp17
 70
     1
102
RTVSPropertyOp18
 70
     1
102
RTVSPropertyOp19
 70
     1
102
RTVSPropertyOp20
 70
     1
102
RTVSPropertyOp21
 70
     1
102
RTVSPropertyOp22
 70
     1
102
RTVSPropertyOp23
 70
     1
102
RTVSPropertyOp24
 70
     1
102
RTVSPropertyOp25
 70
     1
102
RTVSPropertyOp26
 70
     1
102
RTVSPropertyOp27
 70
     1
102
RTVSPropertyOp28
 70
     1
102
RTVSPropertyOp29
 70
     1
102
RTVSPropertyOp30
 70
     1
102
RTVSPropertyOp31
 70
     1
102
RTVSPropertyOp32
 70
     1
102
RTVSPropertyOp33
 70
     1
102
RTVSPropertyOp34
 70
     1
102
RTVSPropertyOp35
 70
     1
102
RTVSPropertyOp36
 70
     1
102
RTVSPropertyOp37
 70
     1
102
RTVSPropertyOp38
 70
     1
102
RTVSPropertyOp39
 70
     1
102
RTVSPropertyOp40
 70
     1
102
RTVSPropertyOp41
 70
     1
102
RTVSPropertyOp42
 70
     1
102
RTVSPropertyOp43
 70
     1
102
RTVSPropertyOp44
 70
     1
102
RTVSPropertyOp45
 70
     1
102
RTVSPropertyOp46
 70
     1
102
RTVSPropertyOp47
 70
     1
102
RTVSPropertyOp48
 70
     1
102
RTVSPropertyOp49
 70
     1
102
RTVSPropertyOp50
 70
     1
102
RTVSPropertyOp51
 70
     0
102
RTVSPropertyOp52
 70
     0
102
RTVSPropertyOp53
 70
     1
102
RTVSPropertyOp54
 70
     1
102
RTVSPropertyOp55
 70
     1
102
RTVSPropertyOp56
 70
     1
102
RTVSPropertyOp57
 70
     1
102
RTVSPost2010Prop28
280
     0
102
RTVSPost2010PropOp28
 70
     1
102
RTVSPost2010Prop29
280
     1
102
RTVSPost2010PropOp29
 70
     1
102
RTVSPost2010Prop30
280
     1
102
RTVSPost2010PropOp30
 70
     1
102
RTVSPost2010Prop31
280
     0
102
RTVSPost2010PropOp31
 70
     1
102
RTVSPost2010Prop32
280
     0
102
RTVSPost2010PropOp32
 70
     1
102
RTVSPost2010Prop33
280
     0
102
RTVSPost2010PropOp33
 70
     1
102
RTVSPost2010Prop34
280
     0
102
RTVSPost2010PropOp34
 70
     1
102
RTVSPost2010Prop35
280
     0
102
RTVSPost2010PropOp35
 70
     1
102
RTVSPost2010Prop36
280
     0
102
RTVSPost2010PropOp36
 70
     1
102
RTVSPost2010Prop37
 90
       50
102
RTVSPost2010PropOp37
 70
     1
102
RTVSPost2010Prop38
140
0.0
102
RTVSPost2010PropOp38
 70
     1
102
RTVSPost2010Prop39
140
1.0
102
RTVSPost2010PropOp39
 70
     1
102
RTVSPost2010Prop40
 90
        0
102
RTVSPost2010PropOp40
 70
     1
102
RTVSPost2010Prop41ColorIndex
 90
       18
102
RTVSPost2010Prop41ColorRGB
 90
        0
102
RTVSPost2010PropOp41
 70
     1
102
RTVSPost2010Prop42
 90
       50
102
RTVSPost2010PropOp42
 70
     1
102
RTVSPost2010Prop43
 90
        3
102
RTVSPost2010PropOp43
 70
     1
102
RTVSPost2010Prop44ColorIndex
 90
        5
102
RTVSPost2010Prop44ColorRGB
 90
      255
102
RTVSPost2010PropOp44
 70
     1
102
RTVSPost2010Prop45
280
     0
102
RTVSPost2010PropOp45
 70
     1
102
RTVSPost2010Prop46
 90
       50
102
RTVSPost2010PropOp46
 70
     1
102
RTVSPost2010Prop47
 90
       50
102
RTVSPost2010PropOp47
 70
     1
102
RTVSPost2010Prop48
 90
       50
102
RTVSPost2010PropOp48
 70
     1
102
RTVSPost2010Prop49
280
     0
102
RTVSPost2010PropOp49
 70
     1
102
RTVSPost2010Prop50
 90
       50
102
RTVSPost2010PropOp50
 70
     1
102
RTVSPost2010Prop51ColorIndex
 90
      256
102
RTVSPost2010Prop51ColorRGB
 90
-16777216
102
RTVSPost2010PropOp51
 70
     0
102
RTVSPost2010Prop52
140
1.0
102
RTVSPost2010PropOp52
 70
     0
102
RTVSPost2010Prop53
 90
        2
102
RTVSPost2010PropOp53
 70
     1
102
RTVSPost2010Prop54
  1
strokes_ogs.tif
102
RTVSPost2010PropOp54
 70
     1
102
RTVSPost2010Prop55
280
     0
102
RTVSPost2010PropOp55
 70
     1
102
RTVSPost2010Prop56
140
1.0
102
RTVSPost2010PropOp56
 70
     1
102
RTVSPost2010Prop57
140
1.0
102
RTVSPost2010PropOp57
 70
     1
  0
XRECORD
  5
45C
102
{ACAD_REACTORS
330
45B
102
}
330
45B
100
AcDbXrecord
280
     1
102
RTVSPropertyOp0
 70
     1
102
RTVSPropertyOp1
 70
     1
102
RTVSPropertyOp2
 70
     1
102
RTVSPropertyOp3
 70
     1
102
RTVSPropertyOp4
 70
     1
102
RTVSPropertyOp5
 70
     1
102
RTVSPropertyOp6
 70
     1
102
RTVSPropertyOp7
 70
     1
102
RTVSPropertyOp8
 70
     1
102
RTVSPropertyOp9
 70
     1
102
RTVSPropertyOp10
 70
     1
102
RTVSPropertyOp11
 70
     1
102
RTVSPropertyOp12
 70
     1
102
RTVSPropertyOp13
 70
     1
102
RTVSPropertyOp14
 70
     1
102
RTVSPropertyOp15
 70
     1
102
RTVSPropertyOp16
 70
     1
102
RTVSPropertyOp17
 70
     1
102
RTVSPropertyOp18
 70
     1
102
RTVSPropertyOp19
 70
     1
102
RTVSPropertyOp20
 70
     1
102
RTVSPropertyOp21
 70
     1
102
RTVSPropertyOp22
 70
     1
102
RTVSPropertyOp23
 70
     1
102
RTVSPropertyOp24
 70
     1
102
RTVSPropertyOp25
 70
     1
102
RTVSPropertyOp26
 70
     1
102
RTVSPropertyOp27
 70
     1
102
RTVSPropertyOp28
 70
     1
102
RTVSPropertyOp29
 70
     1
102
RTVSPropertyOp30
 70
     1
102
RTVSPropertyOp31
 70
     1
102
RTVSPropertyOp32
 70
     1
102
RTVSPropertyOp33
 70
     1
102
RTVSPropertyOp34
 70
     1
102
RTVSPropertyOp35
 70
     1
102
RTVSPropertyOp36
 70
     1
102
RTVSPropertyOp37
 70
     1
102
RTVSPropertyOp38
 70
     1
102
RTVSPropertyOp39
 70
     1
102
RTVSPropertyOp40
 70
     1
102
RTVSPropertyOp41
 70
     1
102
RTVSPropertyOp42
 70
     1
102
RTVSPropertyOp43
 70
     1
102
RTVSPropertyOp44
 70
     1
102
RTVSPropertyOp45
 70
     1
102
RTVSPropertyOp46
 70
     1
102
RTVSPropertyOp47
 70
     1
102
RTVSPropertyOp48
 70
     1
102
RTVSPropertyOp49
 70
     1
102
RTVSPropertyOp50
 70
     1
102
RTVSPropertyOp51
 70
     0
102
RTVSPropertyOp52
 70
     0
102
RTVSPropertyOp53
 70
     1
102
RTVSPropertyOp54
 70
     1
102
RTVSPropertyOp55
 70
     1
102
RTVSPropertyOp56
 70
     1
102
RTVSPropertyOp57
 70
     1
102
RTVSPost2010Prop28
280
     0
102
RTVSPost2010PropOp28
 70
     1
102
RTVSPost2010Prop29
280
     1
102
RTVSPost2010PropOp29
 70
     1
102
RTVSPost2010Prop30
280
     1
102
RTVSPost2010PropOp30
 70
     1
102
RTVSPost2010Prop31
280
     0
102
RTVSPost2010PropOp31
 70
     1
102
RTVSPost2010Prop32
280
     0
102
RTVSPost2010PropOp32
 70
     1
102
RTVSPost2010Prop33
280
     0
102
RTVSPost2010PropOp33
 70
     1
102
RTVSPost2010Prop34
280
     0
102
RTVSPost2010PropOp34
 70
     1
102
RTVSPost2010Prop35
280
     0
102
RTVSPost2010PropOp35
 70
     1
102
RTVSPost2010Prop36
280
     0
102
RTVSPost2010PropOp36
 70
     1
102
RTVSPost2010Prop37
 90
       50
102
RTVSPost2010PropOp37
 70
     1
102
RTVSPost2010Prop38
140
0.0
102
RTVSPost2010PropOp38
 70
     1
102
RTVSPost2010Prop39
140
1.0
102
RTVSPost2010PropOp39
 70
     1
102
RTVSPost2010Prop40
 90
        0
102
RTVSPost2010PropOp40
 70
     1
102
RTVSPost2010Prop41ColorIndex
 90
       18
102
RTVSPost2010Prop41ColorRGB
 90
        0
102
RTVSPost2010PropOp41
 70
     1
102
RTVSPost2010Prop42
 90
       50
102
RTVSPost2010PropOp42
 70
     1
102
RTVSPost2010Prop43
 90
        3
102
RTVSPost2010PropOp43
 70
     1
102
RTVSPost2010Prop44ColorIndex
 90
        5
102
RTVSPost2010Prop44ColorRGB
 90
      255
102
RTVSPost2010PropOp44
 70
     1
102
RTVSPost2010Prop45
280
     0
102
RTVSPost2010PropOp45
 70
     1
102
RTVSPost2010Prop46
 90
       50
102
RTVSPost2010PropOp46
 70
     1
102
RTVSPost2010Prop47
 90
       50
102
RTVSPost2010PropOp47
 70
     1
102
RTVSPost2010Prop48
 90
       50
102
RTVSPost2010PropOp48
 70
     1
102
RTVSPost2010Prop49
280
     0
102
RTVSPost2010PropOp49
 70
     1
102
RTVSPost2010Prop50
 90
       50
102
RTVSPost2010PropOp50
 70
     1
102
RTVSPost2010Prop51ColorIndex
 90
      256
102
RTVSPost2010Prop51ColorRGB
 90
-16777216
102
RTVSPost2010PropOp51
 70
     0
102
RTVSPost2010Prop52
140
1.0
102
RTVSPost2010PropOp52
 70
     0
102
RTVSPost2010Prop53
 90
        2
102
RTVSPost2010PropOp53
 70
     1
102
RTVSPost2010Prop54
  1
strokes_ogs.tif
102
RTVSPost2010PropOp54
 70
     1
102
RTVSPost2010Prop55
280
     0
102
RTVSPost2010PropOp55
 70
     1
102
RTVSPost2010Prop56
140
1.0
102
RTVSPost2010PropOp56
 70
     1
102
RTVSPost2010Prop57
140
1.0
102
RTVSPost2010PropOp57
 70
     1
  0
XRECORD
  5
45E
102
{ACAD_REACTORS
330
45D
102
}
330
45D
100
AcDbXrecord
280
     1
102
RTVSPropertyOp0
 70
     1
102
RTVSPropertyOp1
 70
     1
102
RTVSPropertyOp2
 70
     1
102
RTVSPropertyOp3
 70
     1
102
RTVSPropertyOp4
 70
     1
102
RTVSPropertyOp5
 70
     1
102
RTVSPropertyOp6
 70
     1
102
RTVSPropertyOp7
 70
     1
102
RTVSPropertyOp8
 70
     1
102
RTVSPropertyOp9
 70
     1
102
RTVSPropertyOp10
 70
     1
102
RTVSPropertyOp11
 70
     1
102
RTVSPropertyOp12
 70
     1
102
RTVSPropertyOp13
 70
     1
102
RTVSPropertyOp14
 70
     1
102
RTVSPropertyOp15
 70
     1
102
RTVSPropertyOp16
 70
     1
102
RTVSPropertyOp17
 70
     1
102
RTVSPropertyOp18
 70
     1
102
RTVSPropertyOp19
 70
     1
102
RTVSPropertyOp20
 70
     1
102
RTVSPropertyOp21
 70
     1
102
RTVSPropertyOp22
 70
     1
102
RTVSPropertyOp23
 70
     1
102
RTVSPropertyOp24
 70
     1
102
RTVSPropertyOp25
 70
     1
102
RTVSPropertyOp26
 70
     1
102
RTVSPropertyOp27
 70
     1
102
RTVSPropertyOp28
 70
     1
102
RTVSPropertyOp29
 70
     1
102
RTVSPropertyOp30
 70
     1
102
RTVSPropertyOp31
 70
     1
102
RTVSPropertyOp32
 70
     1
102
RTVSPropertyOp33
 70
     1
102
RTVSPropertyOp34
 70
     1
102
RTVSPropertyOp35
 70
     1
102
RTVSPropertyOp36
 70
     1
102
RTVSPropertyOp37
 70
     1
102
RTVSPropertyOp38
 70
     1
102
RTVSPropertyOp39
 70
     1
102
RTVSPropertyOp40
 70
     1
102
RTVSPropertyOp41
 70
     1
102
RTVSPropertyOp42
 70
     1
102
RTVSPropertyOp43
 70
     1
102
RTVSPropertyOp44
 70
     1
102
RTVSPropertyOp45
 70
     1
102
RTVSPropertyOp46
 70
     1
102
RTVSPropertyOp47
 70
     1
102
RTVSPropertyOp48
 70
     1
102
RTVSPropertyOp49
 70
     1
102
RTVSPropertyOp50
 70
     1
102
RTVSPropertyOp51
 70
     0
102
RTVSPropertyOp52
 70
     0
102
RTVSPropertyOp53
 70
     1
102
RTVSPropertyOp54
 70
     1
102
RTVSPropertyOp55
 70
     1
102
RTVSPropertyOp56
 70
     1
102
RTVSPropertyOp57
 70
     1
102
RTVSPost2010Prop28
280
     0
102
RTVSPost2010PropOp28
 70
     1
102
RTVSPost2010Prop29
280
     1
102
RTVSPost2010PropOp29
 70
     1
102
RTVSPost2010Prop30
280
     1
102
RTVSPost2010PropOp30
 70
     1
102
RTVSPost2010Prop31
280
     0
102
RTVSPost2010PropOp31
 70
     1
102
RTVSPost2010Prop32
280
     0
102
RTVSPost2010PropOp32
 70
     1
102
RTVSPost2010Prop33
280
     0
102
RTVSPost2010PropOp33
 70
     1
102
RTVSPost2010Prop34
280
     0
102
RTVSPost2010PropOp34
 70
     1
102
RTVSPost2010Prop35
280
     0
102
RTVSPost2010PropOp35
 70
     1
102
RTVSPost2010Prop36
280
     0
102
RTVSPost2010PropOp36
 70
     1
102
RTVSPost2010Prop37
 90
       50
102
RTVSPost2010PropOp37
 70
     1
102
RTVSPost2010Prop38
140
0.0
102
RTVSPost2010PropOp38
 70
     1
102
RTVSPost2010Prop39
140
1.0
102
RTVSPost2010PropOp39
 70
     1
102
RTVSPost2010Prop40
 90
        0
102
RTVSPost2010PropOp40
 70
     1
102
RTVSPost2010Prop41ColorIndex
 90
       18
102
RTVSPost2010Prop41ColorRGB
 90
        0
102
RTVSPost2010PropOp41
 70
     1
102
RTVSPost2010Prop42
 90
       50
102
RTVSPost2010PropOp42
 70
     1
102
RTVSPost2010Prop43
 90
        3
102
RTVSPost2010PropOp43
 70
     1
102
RTVSPost2010Prop44ColorIndex
 90
        5
102
RTVSPost2010Prop44ColorRGB
 90
      255
102
RTVSPost2010PropOp44
 70
     1
102
RTVSPost2010Prop45
280
     0
102
RTVSPost2010PropOp45
 70
     1
102
RTVSPost2010Prop46
 90
       50
102
RTVSPost2010PropOp46
 70
     1
102
RTVSPost2010Prop47
 90
       50
102
RTVSPost2010PropOp47
 70
     1
102
RTVSPost2010Prop48
 90
       50
102
RTVSPost2010PropOp48
 70
     1
102
RTVSPost2010Prop49
280
     0
102
RTVSPost2010PropOp49
 70
     1
102
RTVSPost2010Prop50
 90
       50
102
RTVSPost2010PropOp50
 70
     1
102
RTVSPost2010Prop51ColorIndex
 90
      256
102
RTVSPost2010Prop51ColorRGB
 90
-16777216
102
RTVSPost2010PropOp51
 70
     0
102
RTVSPost2010Prop52
140
1.0
102
RTVSPost2010PropOp52
 70
     0
102
RTVSPost2010Prop53
 90
        2
102
RTVSPost2010PropOp53
 70
     1
102
RTVSPost2010Prop54
  1
strokes_ogs.tif
102
RTVSPost2010PropOp54
 70
     1
102
RTVSPost2010Prop55
280
     0
102
RTVSPost2010PropOp55
 70
     1
102
RTVSPost2010Prop56
140
1.0
102
RTVSPost2010PropOp56
 70
     1
102
RTVSPost2010Prop57
140
1.0
102
RTVSPost2010PropOp57
 70
     1
  0
XRECORD
  5
464
102
{ACAD_REACTORS
330
463
102
}
330
463
100
AcDbXrecord
280
     1
102
RTVSPropertyOp0
 70
     1
102
RTVSPropertyOp1
 70
     1
102
RTVSPropertyOp2
 70
     1
102
RTVSPropertyOp3
 70
     1
102
RTVSPropertyOp4
 70
     1
102
RTVSPropertyOp5
 70
     1
102
RTVSPropertyOp6
 70
     1
102
RTVSPropertyOp7
 70
     1
102
RTVSPropertyOp8
 70
     1
102
RTVSPropertyOp9
 70
     1
102
RTVSPropertyOp10
 70
     1
102
RTVSPropertyOp11
 70
     1
102
RTVSPropertyOp12
 70
     1
102
RTVSPropertyOp13
 70
     1
102
RTVSPropertyOp14
 70
     1
102
RTVSPropertyOp15
 70
     1
102
RTVSPropertyOp16
 70
     1
102
RTVSPropertyOp17
 70
     1
102
RTVSPropertyOp18
 70
     1
102
RTVSPropertyOp19
 70
     1
102
RTVSPropertyOp20
 70
     1
102
RTVSPropertyOp21
 70
     1
102
RTVSPropertyOp22
 70
     1
102
RTVSPropertyOp23
 70
     1
102
RTVSPropertyOp24
 70
     1
102
RTVSPropertyOp25
 70
     1
102
RTVSPropertyOp26
 70
     1
102
RTVSPropertyOp27
 70
     1
102
RTVSPropertyOp28
 70
     1
102
RTVSPropertyOp29
 70
     1
102
RTVSPropertyOp30
 70
     1
102
RTVSPropertyOp31
 70
     1
102
RTVSPropertyOp32
 70
     1
102
RTVSPropertyOp33
 70
     1
102
RTVSPropertyOp34
 70
     1
102
RTVSPropertyOp35
 70
     1
102
RTVSPropertyOp36
 70
     1
102
RTVSPropertyOp37
 70
     1
102
RTVSPropertyOp38
 70
     1
102
RTVSPropertyOp39
 70
     1
102
RTVSPropertyOp40
 70
     1
102
RTVSPropertyOp41
 70
     1
102
RTVSPropertyOp42
 70
     1
102
RTVSPropertyOp43
 70
     1
102
RTVSPropertyOp44
 70
     1
102
RTVSPropertyOp45
 70
     1
102
RTVSPropertyOp46
 70
     1
102
RTVSPropertyOp47
 70
     1
102
RTVSPropertyOp48
 70
     1
102
RTVSPropertyOp49
 70
     1
102
RTVSPropertyOp50
 70
     1
102
RTVSPropertyOp51
 70
     0
102
RTVSPropertyOp52
 70
     0
102
RTVSPropertyOp53
 70
     1
102
RTVSPropertyOp54
 70
     1
102
RTVSPropertyOp55
 70
     1
102
RTVSPropertyOp56
 70
     1
102
RTVSPropertyOp57
 70
     1
102
RTVSPost2010Prop28
280
     0
102
RTVSPost2010PropOp28
 70
     1
102
RTVSPost2010Prop29
280
     1
102
RTVSPost2010PropOp29
 70
     1
102
RTVSPost2010Prop30
280
     1
102
RTVSPost2010PropOp30
 70
     1
102
RTVSPost2010Prop31
280
     0
102
RTVSPost2010PropOp31
 70
     1
102
RTVSPost2010Prop32
280
     0
102
RTVSPost2010PropOp32
 70
     1
102
RTVSPost2010Prop33
280
     0
102
RTVSPost2010PropOp33
 70
     1
102
RTVSPost2010Prop34
280
     0
102
RTVSPost2010PropOp34
 70
     1
102
RTVSPost2010Prop35
280
     0
102
RTVSPost2010PropOp35
 70
     1
102
RTVSPost2010Prop36
280
     0
102
RTVSPost2010PropOp36
 70
     1
102
RTVSPost2010Prop37
 90
       50
102
RTVSPost2010PropOp37
 70
     1
102
RTVSPost2010Prop38
140
0.0
102
RTVSPost2010PropOp38
 70
     1
102
RTVSPost2010Prop39
140
1.0
102
RTVSPost2010PropOp39
 70
     1
102
RTVSPost2010Prop40
 90
        0
102
RTVSPost2010PropOp40
 70
     1
102
RTVSPost2010Prop41ColorIndex
 90
       18
102
RTVSPost2010Prop41ColorRGB
 90
        0
102
RTVSPost2010PropOp41
 70
     1
102
RTVSPost2010Prop42
 90
       50
102
RTVSPost2010PropOp42
 70
     1
102
RTVSPost2010Prop43
 90
        3
102
RTVSPost2010PropOp43
 70
     1
102
RTVSPost2010Prop44ColorIndex
 90
        5
102
RTVSPost2010Prop44ColorRGB
 90
      255
102
RTVSPost2010PropOp44
 70
     1
102
RTVSPost2010Prop45
280
     0
102
RTVSPost2010PropOp45
 70
     1
102
RTVSPost2010Prop46
 90
       50
102
RTVSPost2010PropOp46
 70
     1
102
RTVSPost2010Prop47
 90
       50
102
RTVSPost2010PropOp47
 70
     1
102
RTVSPost2010Prop48
 90
       50
102
RTVSPost2010PropOp48
 70
     1
102
RTVSPost2010Prop49
280
     0
102
RTVSPost2010PropOp49
 70
     1
102
RTVSPost2010Prop50
 90
       50
102
RTVSPost2010PropOp50
 70
     1
102
RTVSPost2010Prop51ColorIndex
 90
      256
102
RTVSPost2010Prop51ColorRGB
 90
-16777216
102
RTVSPost2010PropOp51
 70
     0
102
RTVSPost2010Prop52
140
1.0
102
RTVSPost2010PropOp52
 70
     0
102
RTVSPost2010Prop53
 90
        2
102
RTVSPost2010PropOp53
 70
     1
102
RTVSPost2010Prop54
  1
strokes_ogs.tif
102
RTVSPost2010PropOp54
 70
     1
102
RTVSPost2010Prop55
280
     0
102
RTVSPost2010PropOp55
 70
     1
102
RTVSPost2010Prop56
140
1.0
102
RTVSPost2010PropOp56
 70
     1
102
RTVSPost2010Prop57
140
1.0
102
RTVSPost2010PropOp57
 70
     1
  0
XRECORD
  5
478
102
{ACAD_REACTORS
330
477
102
}
330
477
100
AcDbXrecord
280
     1
102
RTVSPropertyOp0
 70
     0
102
RTVSPropertyOp1
 70
     0
102
RTVSPropertyOp2
 70
     0
102
RTVSPropertyOp3
 70
     0
102
RTVSPropertyOp4
 70
     0
102
RTVSPropertyOp5
 70
     0
102
RTVSPropertyOp6
 70
     0
102
RTVSPropertyOp7
 70
     0
102
RTVSPropertyOp8
 70
     0
102
RTVSPropertyOp9
 70
     0
102
RTVSPropertyOp10
 70
     0
102
RTVSPropertyOp11
 70
     0
102
RTVSPropertyOp12
 70
     0
102
RTVSPropertyOp13
 70
     0
102
RTVSPropertyOp14
 70
     2
102
RTVSPropertyOp15
 70
     0
102
RTVSPropertyOp16
 70
     0
102
RTVSPropertyOp17
 70
     0
102
RTVSPropertyOp18
 70
     0
102
RTVSPropertyOp19
 70
     0
102
RTVSPropertyOp20
 70
     0
102
RTVSPropertyOp21
 70
     0
102
RTVSPropertyOp22
 70
     0
102
RTVSPropertyOp23
 70
     0
102
RTVSPropertyOp24
 70
     0
102
RTVSPropertyOp25
 70
     0
102
RTVSPropertyOp26
 70
     0
102
RTVSPropertyOp27
 70
     0
102
RTVSPropertyOp28
 70
     0
102
RTVSPropertyOp29
 70
     0
102
RTVSPropertyOp30
 70
     0
102
RTVSPropertyOp31
 70
     0
102
RTVSPropertyOp32
 70
     0
102
RTVSPropertyOp33
 70
     0
102
RTVSPropertyOp34
 70
     0
102
RTVSPropertyOp35
 70
     0
102
RTVSPropertyOp36
 70
     0
102
RTVSPropertyOp37
 70
     0
102
RTVSPropertyOp38
 70
     0
102
RTVSPropertyOp39
 70
     0
102
RTVSPropertyOp40
 70
     0
102
RTVSPropertyOp41
 70
     0
102
RTVSPropertyOp42
 70
     0
102
RTVSPropertyOp43
 70
     0
102
RTVSPropertyOp44
 70
     0
102
RTVSPropertyOp45
 70
     0
102
RTVSPropertyOp46
 70
     0
102
RTVSPropertyOp47
 70
     0
102
RTVSPropertyOp48
 70
     0
102
RTVSPropertyOp49
 70
     0
102
RTVSPropertyOp50
 70
     0
102
RTVSPropertyOp51
 70
     0
102
RTVSPropertyOp52
 70
     0
102
RTVSPropertyOp53
 70
     0
102
RTVSPropertyOp54
 70
     0
102
RTVSPropertyOp55
 70
     0
102
RTVSPropertyOp56
 70
     0
102
RTVSPropertyOp57
 70
     0
102
RTVSPost2010Prop28
280
     0
102
RTVSPost2010PropOp28
 70
     0
102
RTVSPost2010Prop29
280
     1
102
RTVSPost2010PropOp29
 70
     0
102
RTVSPost2010Prop30
280
     1
102
RTVSPost2010PropOp30
 70
     0
102
RTVSPost2010Prop31
280
     0
102
RTVSPost2010PropOp31
 70
     0
102
RTVSPost2010Prop32
280
     0
102
RTVSPost2010PropOp32
 70
     0
102
RTVSPost2010Prop33
280
     0
102
RTVSPost2010PropOp33
 70
     0
102
RTVSPost2010Prop34
280
     0
102
RTVSPost2010PropOp34
 70
     0
102
RTVSPost2010Prop35
280
     0
102
RTVSPost2010PropOp35
 70
     0
102
RTVSPost2010Prop36
280
     0
102
RTVSPost2010PropOp36
 70
     0
102
RTVSPost2010Prop37
 90
       50
102
RTVSPost2010PropOp37
 70
     0
102
RTVSPost2010Prop38
140
0.0
102
RTVSPost2010PropOp38
 70
     0
102
RTVSPost2010Prop39
140
1.0
102
RTVSPost2010PropOp39
 70
     0
102
RTVSPost2010Prop40
 90
        0
102
RTVSPost2010PropOp40
 70
     0
102
RTVSPost2010Prop41ColorIndex
 90
       18
102
RTVSPost2010Prop41ColorRGB
 90
        0
102
RTVSPost2010PropOp41
 70
     0
102
RTVSPost2010Prop42
 90
       50
102
RTVSPost2010PropOp42
 70
     0
102
RTVSPost2010Prop43
 90
        3
102
RTVSPost2010PropOp43
 70
     0
102
RTVSPost2010Prop44ColorIndex
 90
        5
102
RTVSPost2010Prop44ColorRGB
 90
      255
102
RTVSPost2010PropOp44
 70
     0
102
RTVSPost2010Prop45
280
     0
102
RTVSPost2010PropOp45
 70
     0
102
RTVSPost2010Prop46
 90
       50
102
RTVSPost2010PropOp46
 70
     0
102
RTVSPost2010Prop47
 90
       50
102
RTVSPost2010PropOp47
 70
     0
102
RTVSPost2010Prop48
 90
       50
102
RTVSPost2010PropOp48
 70
     0
102
RTVSPost2010Prop49
280
     0
102
RTVSPost2010PropOp49
 70
     0
102
RTVSPost2010Prop50
 90
       50
102
RTVSPost2010PropOp50
 70
     0
102
RTVSPost2010Prop51ColorIndex
 90
      256
102
RTVSPost2010Prop51ColorRGB
 90
-16777216
102
RTVSPost2010PropOp51
 70
     0
102
RTVSPost2010Prop52
140
1.0
102
RTVSPost2010PropOp52
 70
     0
102
RTVSPost2010Prop53
 90
        2
102
RTVSPost2010PropOp53
 70
     0
102
RTVSPost2010Prop54
  1
strokes_ogs.tif
102
RTVSPost2010PropOp54
 70
     0
102
RTVSPost2010Prop55
280
     0
102
RTVSPost2010PropOp55
 70
     0
102
RTVSPost2010Prop56
140
1.0
102
RTVSPost2010PropOp56
 70
     0
102
RTVSPost2010Prop57
140
1.0
102
RTVSPost2010PropOp57
 70
     0
  0
XRECORD
  5
472
102
{ACAD_REACTORS
330
471
102
}
330
471
100
AcDbXrecord
280
     1
102
RTVSPropertyOp0
 70
     1
102
RTVSPropertyOp1
 70
     1
102
RTVSPropertyOp2
 70
     1
102
RTVSPropertyOp3
 70
     1
102
RTVSPropertyOp4
 70
     1
102
RTVSPropertyOp5
 70
     1
102
RTVSPropertyOp6
 70
     1
102
RTVSPropertyOp7
 70
     1
102
RTVSPropertyOp8
 70
     1
102
RTVSPropertyOp9
 70
     1
102
RTVSPropertyOp10
 70
     1
102
RTVSPropertyOp11
 70
     1
102
RTVSPropertyOp12
 70
     1
102
RTVSPropertyOp13
 70
     1
102
RTVSPropertyOp14
 70
     1
102
RTVSPropertyOp15
 70
     1
102
RTVSPropertyOp16
 70
     1
102
RTVSPropertyOp17
 70
     1
102
RTVSPropertyOp18
 70
     1
102
RTVSPropertyOp19
 70
     1
102
RTVSPropertyOp20
 70
     1
102
RTVSPropertyOp21
 70
     1
102
RTVSPropertyOp22
 70
     1
102
RTVSPropertyOp23
 70
     1
102
RTVSPropertyOp24
 70
     1
102
RTVSPropertyOp25
 70
     1
102
RTVSPropertyOp26
 70
     1
102
RTVSPropertyOp27
 70
     1
102
RTVSPropertyOp28
 70
     1
102
RTVSPropertyOp29
 70
     1
102
RTVSPropertyOp30
 70
     1
102
RTVSPropertyOp31
 70
     1
102
RTVSPropertyOp32
 70
     1
102
RTVSPropertyOp33
 70
     1
102
RTVSPropertyOp34
 70
     1
102
RTVSPropertyOp35
 70
     1
102
RTVSPropertyOp36
 70
     1
102
RTVSPropertyOp37
 70
     1
102
RTVSPropertyOp38
 70
     1
102
RTVSPropertyOp39
 70
     1
102
RTVSPropertyOp40
 70
     1
102
RTVSPropertyOp41
 70
     1
102
RTVSPropertyOp42
 70
     1
102
RTVSPropertyOp43
 70
     1
102
RTVSPropertyOp44
 70
     1
102
RTVSPropertyOp45
 70
     1
102
RTVSPropertyOp46
 70
     1
102
RTVSPropertyOp47
 70
     1
102
RTVSPropertyOp48
 70
     1
102
RTVSPropertyOp49
 70
     1
102
RTVSPropertyOp50
 70
     1
102
RTVSPropertyOp51
 70
     0
102
RTVSPropertyOp52
 70
     0
102
RTVSPropertyOp53
 70
     1
102
RTVSPropertyOp54
 70
     1
102
RTVSPropertyOp55
 70
     1
102
RTVSPropertyOp56
 70
     1
102
RTVSPropertyOp57
 70
     1
102
RTVSPost2010Prop28
280
     0
102
RTVSPost2010PropOp28
 70
     1
102
RTVSPost2010Prop29
280
     1
102
RTVSPost2010PropOp29
 70
     1
102
RTVSPost2010Prop30
280
     1
102
RTVSPost2010PropOp30
 70
     1
102
RTVSPost2010Prop31
280
     0
102
RTVSPost2010PropOp31
 70
     1
102
RTVSPost2010Prop32
280
     0
102
RTVSPost2010PropOp32
 70
     1
102
RTVSPost2010Prop33
280
     0
102
RTVSPost2010PropOp33
 70
     1
102
RTVSPost2010Prop34
280
     0
102
RTVSPost2010PropOp34
 70
     1
102
RTVSPost2010Prop35
280
     0
102
RTVSPost2010PropOp35
 70
     1
102
RTVSPost2010Prop36
280
     0
102
RTVSPost2010PropOp36
 70
     1
102
RTVSPost2010Prop37
 90
       50
102
RTVSPost2010PropOp37
 70
     1
102
RTVSPost2010Prop38
140
0.0
102
RTVSPost2010PropOp38
 70
     1
102
RTVSPost2010Prop39
140
1.0
102
RTVSPost2010PropOp39
 70
     1
102
RTVSPost2010Prop40
 90
        0
102
RTVSPost2010PropOp40
 70
     1
102
RTVSPost2010Prop41ColorIndex
 90
       18
102
RTVSPost2010Prop41ColorRGB
 90
        0
102
RTVSPost2010PropOp41
 70
     1
102
RTVSPost2010Prop42
 90
       50
102
RTVSPost2010PropOp42
 70
     1
102
RTVSPost2010Prop43
 90
        3
102
RTVSPost2010PropOp43
 70
     1
102
RTVSPost2010Prop44ColorIndex
 90
        5
102
RTVSPost2010Prop44ColorRGB
 90
      255
102
RTVSPost2010PropOp44
 70
     1
102
RTVSPost2010Prop45
280
     0
102
RTVSPost2010PropOp45
 70
     1
102
RTVSPost2010Prop46
 90
       50
102
RTVSPost2010PropOp46
 70
     1
102
RTVSPost2010Prop47
 90
       50
102
RTVSPost2010PropOp47
 70
     1
102
RTVSPost2010Prop48
 90
       50
102
RTVSPost2010PropOp48
 70
     1
102
RTVSPost2010Prop49
280
     0
102
RTVSPost2010PropOp49
 70
     1
102
RTVSPost2010Prop50
 90
       50
102
RTVSPost2010PropOp50
 70
     1
102
RTVSPost2010Prop51ColorIndex
 90
      256
102
RTVSPost2010Prop51ColorRGB
 90
-16777216
102
RTVSPost2010PropOp51
 70
     0
102
RTVSPost2010Prop52
140
1.0
102
RTVSPost2010PropOp52
 70
     0
102
RTVSPost2010Prop53
 90
        2
102
RTVSPost2010PropOp53
 70
     1
102
RTVSPost2010Prop54
  1
strokes_ogs.tif
102
RTVSPost2010PropOp54
 70
     1
102
RTVSPost2010Prop55
280
     0
102
RTVSPost2010PropOp55
 70
     1
102
RTVSPost2010Prop56
140
1.0
102
RTVSPost2010PropOp56
 70
     1
102
RTVSPost2010Prop57
140
1.0
102
RTVSPost2010PropOp57
 70
     1
  0
XRECORD
  5
47A
102
{ACAD_REACTORS
330
479
102
}
330
479
100
AcDbXrecord
280
     1
102
RTVSPropertyOp0
 70
     0
102
RTVSPropertyOp1
 70
     0
102
RTVSPropertyOp2
 70
     0
102
RTVSPropertyOp3
 70
     0
102
RTVSPropertyOp4
 70
     0
102
RTVSPropertyOp5
 70
     0
102
RTVSPropertyOp6
 70
     0
102
RTVSPropertyOp7
 70
     0
102
RTVSPropertyOp8
 70
     0
102
RTVSPropertyOp9
 70
     0
102
RTVSPropertyOp10
 70
     0
102
RTVSPropertyOp11
 70
     0
102
RTVSPropertyOp12
 70
     0
102
RTVSPropertyOp13
 70
     0
102
RTVSPropertyOp14
 70
     2
102
RTVSPropertyOp15
 70
     0
102
RTVSPropertyOp16
 70
     0
102
RTVSPropertyOp17
 70
     0
102
RTVSPropertyOp18
 70
     0
102
RTVSPropertyOp19
 70
     0
102
RTVSPropertyOp20
 70
     0
102
RTVSPropertyOp21
 70
     0
102
RTVSPropertyOp22
 70
     0
102
RTVSPropertyOp23
 70
     0
102
RTVSPropertyOp24
 70
     0
102
RTVSPropertyOp25
 70
     0
102
RTVSPropertyOp26
 70
     0
102
RTVSPropertyOp27
 70
     0
102
RTVSPropertyOp28
 70
     0
102
RTVSPropertyOp29
 70
     0
102
RTVSPropertyOp30
 70
     0
102
RTVSPropertyOp31
 70
     0
102
RTVSPropertyOp32
 70
     0
102
RTVSPropertyOp33
 70
     0
102
RTVSPropertyOp34
 70
     0
102
RTVSPropertyOp35
 70
     0
102
RTVSPropertyOp36
 70
     0
102
RTVSPropertyOp37
 70
     0
102
RTVSPropertyOp38
 70
     0
102
RTVSPropertyOp39
 70
     0
102
RTVSPropertyOp40
 70
     0
102
RTVSPropertyOp41
 70
     0
102
RTVSPropertyOp42
 70
     0
102
RTVSPropertyOp43
 70
     0
102
RTVSPropertyOp44
 70
     0
102
RTVSPropertyOp45
 70
     0
102
RTVSPropertyOp46
 70
     0
102
RTVSPropertyOp47
 70
     0
102
RTVSPropertyOp48
 70
     0
102
RTVSPropertyOp49
 70
     0
102
RTVSPropertyOp50
 70
     0
102
RTVSPropertyOp51
 70
     0
102
RTVSPropertyOp52
 70
     0
102
RTVSPropertyOp53
 70
     0
102
RTVSPropertyOp54
 70
     0
102
RTVSPropertyOp55
 70
     0
102
RTVSPropertyOp56
 70
     0
102
RTVSPropertyOp57
 70
     0
102
RTVSPost2010Prop28
280
     0
102
RTVSPost2010PropOp28
 70
     0
102
RTVSPost2010Prop29
280
     1
102
RTVSPost2010PropOp29
 70
     0
102
RTVSPost2010Prop30
280
     1
102
RTVSPost2010PropOp30
 70
     0
102
RTVSPost2010Prop31
280
     0
102
RTVSPost2010PropOp31
 70
     0
102
RTVSPost2010Prop32
280
     0
102
RTVSPost2010PropOp32
 70
     0
102
RTVSPost2010Prop33
280
     0
102
RTVSPost2010PropOp33
 70
     0
102
RTVSPost2010Prop34
280
     0
102
RTVSPost2010PropOp34
 70
     0
102
RTVSPost2010Prop35
280
     0
102
RTVSPost2010PropOp35
 70
     0
102
RTVSPost2010Prop36
280
     0
102
RTVSPost2010PropOp36
 70
     0
102
RTVSPost2010Prop37
 90
       50
102
RTVSPost2010PropOp37
 70
     0
102
RTVSPost2010Prop38
140
0.0
102
RTVSPost2010PropOp38
 70
     0
102
RTVSPost2010Prop39
140
1.0
102
RTVSPost2010PropOp39
 70
     0
102
RTVSPost2010Prop40
 90
        0
102
RTVSPost2010PropOp40
 70
     0
102
RTVSPost2010Prop41ColorIndex
 90
       18
102
RTVSPost2010Prop41ColorRGB
 90
        0
102
RTVSPost2010PropOp41
 70
     0
102
RTVSPost2010Prop42
 90
       50
102
RTVSPost2010PropOp42
 70
     0
102
RTVSPost2010Prop43
 90
        3
102
RTVSPost2010PropOp43
 70
     0
102
RTVSPost2010Prop44ColorIndex
 90
        5
102
RTVSPost2010Prop44ColorRGB
 90
      255
102
RTVSPost2010PropOp44
 70
     0
102
RTVSPost2010Prop45
280
     0
102
RTVSPost2010PropOp45
 70
     0
102
RTVSPost2010Prop46
 90
       50
102
RTVSPost2010PropOp46
 70
     0
102
RTVSPost2010Prop47
 90
       50
102
RTVSPost2010PropOp47
 70
     0
102
RTVSPost2010Prop48
 90
       50
102
RTVSPost2010PropOp48
 70
     0
102
RTVSPost2010Prop49
280
     0
102
RTVSPost2010PropOp49
 70
     0
102
RTVSPost2010Prop50
 90
       50
102
RTVSPost2010PropOp50
 70
     0
102
RTVSPost2010Prop51ColorIndex
 90
      256
102
RTVSPost2010Prop51ColorRGB
 90
-16777216
102
RTVSPost2010PropOp51
 70
     0
102
RTVSPost2010Prop52
140
1.0
102
RTVSPost2010PropOp52
 70
     0
102
RTVSPost2010Prop53
 90
        2
102
RTVSPost2010PropOp53
 70
     0
102
RTVSPost2010Prop54
  1
strokes_ogs.tif
102
RTVSPost2010PropOp54
 70
     0
102
RTVSPost2010Prop55
280
     0
102
RTVSPost2010PropOp55
 70
     0
102
RTVSPost2010Prop56
140
1.0
102
RTVSPost2010PropOp56
 70
     0
102
RTVSPost2010Prop57
140
1.0
102
RTVSPost2010PropOp57
 70
     0
  0
XRECORD
  5
468
102
{ACAD_REACTORS
330
467
102
}
330
467
100
AcDbXrecord
280
     1
102
RTVSPropertyOp0
 70
     1
102
RTVSPropertyOp1
 70
     1
102
RTVSPropertyOp2
 70
     1
102
RTVSPropertyOp3
 70
     1
102
RTVSPropertyOp4
 70
     1
102
RTVSPropertyOp5
 70
     1
102
RTVSPropertyOp6
 70
     1
102
RTVSPropertyOp7
 70
     1
102
RTVSPropertyOp8
 70
     1
102
RTVSPropertyOp9
 70
     1
102
RTVSPropertyOp10
 70
     1
102
RTVSPropertyOp11
 70
     1
102
RTVSPropertyOp12
 70
     1
102
RTVSPropertyOp13
 70
     1
102
RTVSPropertyOp14
 70
     1
102
RTVSPropertyOp15
 70
     1
102
RTVSPropertyOp16
 70
     1
102
RTVSPropertyOp17
 70
     1
102
RTVSPropertyOp18
 70
     1
102
RTVSPropertyOp19
 70
     1
102
RTVSPropertyOp20
 70
     1
102
RTVSPropertyOp21
 70
     1
102
RTVSPropertyOp22
 70
     1
102
RTVSPropertyOp23
 70
     1
102
RTVSPropertyOp24
 70
     1
102
RTVSPropertyOp25
 70
     1
102
RTVSPropertyOp26
 70
     1
102
RTVSPropertyOp27
 70
     1
102
RTVSPropertyOp28
 70
     1
102
RTVSPropertyOp29
 70
     1
102
RTVSPropertyOp30
 70
     1
102
RTVSPropertyOp31
 70
     1
102
RTVSPropertyOp32
 70
     1
102
RTVSPropertyOp33
 70
     1
102
RTVSPropertyOp34
 70
     1
102
RTVSPropertyOp35
 70
     1
102
RTVSPropertyOp36
 70
     1
102
RTVSPropertyOp37
 70
     1
102
RTVSPropertyOp38
 70
     1
102
RTVSPropertyOp39
 70
     1
102
RTVSPropertyOp40
 70
     1
102
RTVSPropertyOp41
 70
     1
102
RTVSPropertyOp42
 70
     1
102
RTVSPropertyOp43
 70
     1
102
RTVSPropertyOp44
 70
     1
102
RTVSPropertyOp45
 70
     1
102
RTVSPropertyOp46
 70
     1
102
RTVSPropertyOp47
 70
     1
102
RTVSPropertyOp48
 70
     1
102
RTVSPropertyOp49
 70
     1
102
RTVSPropertyOp50
 70
     1
102
RTVSPropertyOp51
 70
     0
102
RTVSPropertyOp52
 70
     0
102
RTVSPropertyOp53
 70
     1
102
RTVSPropertyOp54
 70
     1
102
RTVSPropertyOp55
 70
     1
102
RTVSPropertyOp56
 70
     1
102
RTVSPropertyOp57
 70
     1
102
RTVSPost2010Prop28
280
     0
102
RTVSPost2010PropOp28
 70
     1
102
RTVSPost2010Prop29
280
     1
102
RTVSPost2010PropOp29
 70
     1
102
RTVSPost2010Prop30
280
     1
102
RTVSPost2010PropOp30
 70
     1
102
RTVSPost2010Prop31
280
     0
102
RTVSPost2010PropOp31
 70
     1
102
RTVSPost2010Prop32
280
     0
102
RTVSPost2010PropOp32
 70
     1
102
RTVSPost2010Prop33
280
     0
102
RTVSPost2010PropOp33
 70
     1
102
RTVSPost2010Prop34
280
     0
102
RTVSPost2010PropOp34
 70
     1
102
RTVSPost2010Prop35
280
     0
102
RTVSPost2010PropOp35
 70
     1
102
RTVSPost2010Prop36
280
     0
102
RTVSPost2010PropOp36
 70
     1
102
RTVSPost2010Prop37
 90
       50
102
RTVSPost2010PropOp37
 70
     1
102
RTVSPost2010Prop38
140
0.0
102
RTVSPost2010PropOp38
 70
     1
102
RTVSPost2010Prop39
140
1.0
102
RTVSPost2010PropOp39
 70
     1
102
RTVSPost2010Prop40
 90
        0
102
RTVSPost2010PropOp40
 70
     1
102
RTVSPost2010Prop41ColorIndex
 90
       18
102
RTVSPost2010Prop41ColorRGB
 90
        0
102
RTVSPost2010PropOp41
 70
     1
102
RTVSPost2010Prop42
 90
       50
102
RTVSPost2010PropOp42
 70
     1
102
RTVSPost2010Prop43
 90
        3
102
RTVSPost2010PropOp43
 70
     1
102
RTVSPost2010Prop44ColorIndex
 90
        5
102
RTVSPost2010Prop44ColorRGB
 90
      255
102
RTVSPost2010PropOp44
 70
     1
102
RTVSPost2010Prop45
280
     0
102
RTVSPost2010PropOp45
 70
     1
102
RTVSPost2010Prop46
 90
       50
102
RTVSPost2010PropOp46
 70
     1
102
RTVSPost2010Prop47
 90
       50
102
RTVSPost2010PropOp47
 70
     1
102
RTVSPost2010Prop48
 90
       50
102
RTVSPost2010PropOp48
 70
     1
102
RTVSPost2010Prop49
280
     0
102
RTVSPost2010PropOp49
 70
     1
102
RTVSPost2010Prop50
 90
       50
102
RTVSPost2010PropOp50
 70
     1
102
RTVSPost2010Prop51ColorIndex
 90
      256
102
RTVSPost2010Prop51ColorRGB
 90
-16777216
102
RTVSPost2010PropOp51
 70
     0
102
RTVSPost2010Prop52
140
1.0
102
RTVSPost2010PropOp52
 70
     0
102
RTVSPost2010Prop53
 90
        2
102
RTVSPost2010PropOp53
 70
     1
102
RTVSPost2010Prop54
  1
strokes_ogs.tif
102
RTVSPost2010PropOp54
 70
     1
102
RTVSPost2010Prop55
280
     0
102
RTVSPost2010PropOp55
 70
     1
102
RTVSPost2010Prop56
140
1.0
102
RTVSPost2010PropOp56
 70
     1
102
RTVSPost2010Prop57
140
1.0
102
RTVSPost2010PropOp57
 70
     1
  0
XRECORD
  5
486
102
{ACAD_REACTORS
330
485
102
}
330
485
100
AcDbXrecord
280
     1
102
RTVSPropertyOp0
 70
     1
102
RTVSPropertyOp1
 70
     1
102
RTVSPropertyOp2
 70
     1
102
RTVSPropertyOp3
 70
     1
102
RTVSPropertyOp4
 70
     1
102
RTVSPropertyOp5
 70
     1
102
RTVSPropertyOp6
 70
     1
102
RTVSPropertyOp7
 70
     1
102
RTVSPropertyOp8
 70
     1
102
RTVSPropertyOp9
 70
     1
102
RTVSPropertyOp10
 70
     1
102
RTVSPropertyOp11
 70
     1
102
RTVSPropertyOp12
 70
     1
102
RTVSPropertyOp13
 70
     1
102
RTVSPropertyOp14
 70
     1
102
RTVSPropertyOp15
 70
     1
102
RTVSPropertyOp16
 70
     1
102
RTVSPropertyOp17
 70
     1
102
RTVSPropertyOp18
 70
     1
102
RTVSPropertyOp19
 70
     1
102
RTVSPropertyOp20
 70
     1
102
RTVSPropertyOp21
 70
     1
102
RTVSPropertyOp22
 70
     1
102
RTVSPropertyOp23
 70
     1
102
RTVSPropertyOp24
 70
     1
102
RTVSPropertyOp25
 70
     1
102
RTVSPropertyOp26
 70
     1
102
RTVSPropertyOp27
 70
     1
102
RTVSPropertyOp28
 70
     1
102
RTVSPropertyOp29
 70
     1
102
RTVSPropertyOp30
 70
     1
102
RTVSPropertyOp31
 70
     1
102
RTVSPropertyOp32
 70
     1
102
RTVSPropertyOp33
 70
     1
102
RTVSPropertyOp34
 70
     1
102
RTVSPropertyOp35
 70
     1
102
RTVSPropertyOp36
 70
     1
102
RTVSPropertyOp37
 70
     1
102
RTVSPropertyOp38
 70
     1
102
RTVSPropertyOp39
 70
     1
102
RTVSPropertyOp40
 70
     1
102
RTVSPropertyOp41
 70
     1
102
RTVSPropertyOp42
 70
     1
102
RTVSPropertyOp43
 70
     1
102
RTVSPropertyOp44
 70
     1
102
RTVSPropertyOp45
 70
     1
102
RTVSPropertyOp46
 70
     1
102
RTVSPropertyOp47
 70
     1
102
RTVSPropertyOp48
 70
     1
102
RTVSPropertyOp49
 70
     1
102
RTVSPropertyOp50
 70
     1
102
RTVSPropertyOp51
 70
     0
102
RTVSPropertyOp52
 70
     0
102
RTVSPropertyOp53
 70
     1
102
RTVSPropertyOp54
 70
     1
102
RTVSPropertyOp55
 70
     1
102
RTVSPropertyOp56
 70
     1
102
RTVSPropertyOp57
 70
     1
102
RTVSPost2010Prop28
280
     0
102
RTVSPost2010PropOp28
 70
     1
102
RTVSPost2010Prop29
280
     1
102
RTVSPost2010PropOp29
 70
     1
102
RTVSPost2010Prop30
280
     1
102
RTVSPost2010PropOp30
 70
     1
102
RTVSPost2010Prop31
280
     0
102
RTVSPost2010PropOp31
 70
     1
102
RTVSPost2010Prop32
280
     0
102
RTVSPost2010PropOp32
 70
     1
102
RTVSPost2010Prop33
280
     0
102
RTVSPost2010PropOp33
 70
     1
102
RTVSPost2010Prop34
280
     0
102
RTVSPost2010PropOp34
 70
     1
102
RTVSPost2010Prop35
280
     0
102
RTVSPost2010PropOp35
 70
     1
102
RTVSPost2010Prop36
280
     0
102
RTVSPost2010PropOp36
 70
     1
102
RTVSPost2010Prop37
 90
       50
102
RTVSPost2010PropOp37
 70
     1
102
RTVSPost2010Prop38
140
0.0
102
RTVSPost2010PropOp38
 70
     1
102
RTVSPost2010Prop39
140
1.0
102
RTVSPost2010PropOp39
 70
     1
102
RTVSPost2010Prop40
 90
        0
102
RTVSPost2010PropOp40
 70
     1
102
RTVSPost2010Prop41ColorIndex
 90
       18
102
RTVSPost2010Prop41ColorRGB
 90
        0
102
RTVSPost2010PropOp41
 70
     1
102
RTVSPost2010Prop42
 90
       50
102
RTVSPost2010PropOp42
 70
     1
102
RTVSPost2010Prop43
 90
        3
102
RTVSPost2010PropOp43
 70
     1
102
RTVSPost2010Prop44ColorIndex
 90
        5
102
RTVSPost2010Prop44ColorRGB
 90
      255
102
RTVSPost2010PropOp44
 70
     1
102
RTVSPost2010Prop45
280
     0
102
RTVSPost2010PropOp45
 70
     1
102
RTVSPost2010Prop46
 90
       50
102
RTVSPost2010PropOp46
 70
     1
102
RTVSPost2010Prop47
 90
       50
102
RTVSPost2010PropOp47
 70
     1
102
RTVSPost2010Prop48
 90
       50
102
RTVSPost2010PropOp48
 70
     1
102
RTVSPost2010Prop49
280
     0
102
RTVSPost2010PropOp49
 70
     1
102
RTVSPost2010Prop50
 90
       50
102
RTVSPost2010PropOp50
 70
     1
102
RTVSPost2010Prop51ColorIndex
 90
      256
102
RTVSPost2010Prop51ColorRGB
 90
-16777216
102
RTVSPost2010PropOp51
 70
     0
102
RTVSPost2010Prop52
140
1.0
102
RTVSPost2010PropOp52
 70
     0
102
RTVSPost2010Prop53
 90
        2
102
RTVSPost2010PropOp53
 70
     1
102
RTVSPost2010Prop54
  1
strokes_ogs.tif
102
RTVSPost2010PropOp54
 70
     1
102
RTVSPost2010Prop55
280
     0
102
RTVSPost2010PropOp55
 70
     1
102
RTVSPost2010Prop56
140
1.0
102
RTVSPost2010PropOp56
 70
     1
102
RTVSPost2010Prop57
140
1.0
102
RTVSPost2010PropOp57
 70
     1
  0
XRECORD
  5
484
102
{ACAD_REACTORS
330
483
102
}
330
483
100
AcDbXrecord
280
     1
102
RTVSPropertyOp0
 70
     1
102
RTVSPropertyOp1
 70
     1
102
RTVSPropertyOp2
 70
     1
102
RTVSPropertyOp3
 70
     1
102
RTVSPropertyOp4
 70
     1
102
RTVSPropertyOp5
 70
     1
102
RTVSPropertyOp6
 70
     1
102
RTVSPropertyOp7
 70
     1
102
RTVSPropertyOp8
 70
     1
102
RTVSPropertyOp9
 70
     1
102
RTVSPropertyOp10
 70
     1
102
RTVSPropertyOp11
 70
     1
102
RTVSPropertyOp12
 70
     1
102
RTVSPropertyOp13
 70
     1
102
RTVSPropertyOp14
 70
     1
102
RTVSPropertyOp15
 70
     1
102
RTVSPropertyOp16
 70
     1
102
RTVSPropertyOp17
 70
     1
102
RTVSPropertyOp18
 70
     1
102
RTVSPropertyOp19
 70
     1
102
RTVSPropertyOp20
 70
     1
102
RTVSPropertyOp21
 70
     1
102
RTVSPropertyOp22
 70
     1
102
RTVSPropertyOp23
 70
     1
102
RTVSPropertyOp24
 70
     1
102
RTVSPropertyOp25
 70
     1
102
RTVSPropertyOp26
 70
     1
102
RTVSPropertyOp27
 70
     1
102
RTVSPropertyOp28
 70
     1
102
RTVSPropertyOp29
 70
     1
102
RTVSPropertyOp30
 70
     1
102
RTVSPropertyOp31
 70
     1
102
RTVSPropertyOp32
 70
     1
102
RTVSPropertyOp33
 70
     1
102
RTVSPropertyOp34
 70
     1
102
RTVSPropertyOp35
 70
     1
102
RTVSPropertyOp36
 70
     1
102
RTVSPropertyOp37
 70
     1
102
RTVSPropertyOp38
 70
     1
102
RTVSPropertyOp39
 70
     1
102
RTVSPropertyOp40
 70
     1
102
RTVSPropertyOp41
 70
     1
102
RTVSPropertyOp42
 70
     1
102
RTVSPropertyOp43
 70
     1
102
RTVSPropertyOp44
 70
     1
102
RTVSPropertyOp45
 70
     1
102
RTVSPropertyOp46
 70
     1
102
RTVSPropertyOp47
 70
     1
102
RTVSPropertyOp48
 70
     1
102
RTVSPropertyOp49
 70
     1
102
RTVSPropertyOp50
 70
     1
102
RTVSPropertyOp51
 70
     0
102
RTVSPropertyOp52
 70
     0
102
RTVSPropertyOp53
 70
     1
102
RTVSPropertyOp54
 70
     1
102
RTVSPropertyOp55
 70
     1
102
RTVSPropertyOp56
 70
     1
102
RTVSPropertyOp57
 70
     1
102
RTVSPost2010Prop28
280
     0
102
RTVSPost2010PropOp28
 70
     1
102
RTVSPost2010Prop29
280
     1
102
RTVSPost2010PropOp29
 70
     1
102
RTVSPost2010Prop30
280
     1
102
RTVSPost2010PropOp30
 70
     1
102
RTVSPost2010Prop31
280
     0
102
RTVSPost2010PropOp31
 70
     1
102
RTVSPost2010Prop32
280
     0
102
RTVSPost2010PropOp32
 70
     1
102
RTVSPost2010Prop33
280
     0
102
RTVSPost2010PropOp33
 70
     1
102
RTVSPost2010Prop34
280
     0
102
RTVSPost2010PropOp34
 70
     1
102
RTVSPost2010Prop35
280
     0
102
RTVSPost2010PropOp35
 70
     1
102
RTVSPost2010Prop36
280
     0
102
RTVSPost2010PropOp36
 70
     1
102
RTVSPost2010Prop37
 90
       50
102
RTVSPost2010PropOp37
 70
     1
102
RTVSPost2010Prop38
140
0.0
102
RTVSPost2010PropOp38
 70
     1
102
RTVSPost2010Prop39
140
1.0
102
RTVSPost2010PropOp39
 70
     1
102
RTVSPost2010Prop40
 90
        0
102
RTVSPost2010PropOp40
 70
     1
102
RTVSPost2010Prop41ColorIndex
 90
       18
102
RTVSPost2010Prop41ColorRGB
 90
        0
102
RTVSPost2010PropOp41
 70
     1
102
RTVSPost2010Prop42
 90
       50
102
RTVSPost2010PropOp42
 70
     1
102
RTVSPost2010Prop43
 90
        3
102
RTVSPost2010PropOp43
 70
     1
102
RTVSPost2010Prop44ColorIndex
 90
        5
102
RTVSPost2010Prop44ColorRGB
 90
      255
102
RTVSPost2010PropOp44
 70
     1
102
RTVSPost2010Prop45
280
     0
102
RTVSPost2010PropOp45
 70
     1
102
RTVSPost2010Prop46
 90
       50
102
RTVSPost2010PropOp46
 70
     1
102
RTVSPost2010Prop47
 90
       50
102
RTVSPost2010PropOp47
 70
     1
102
RTVSPost2010Prop48
 90
       50
102
RTVSPost2010PropOp48
 70
     1
102
RTVSPost2010Prop49
280
     0
102
RTVSPost2010PropOp49
 70
     1
102
RTVSPost2010Prop50
 90
       50
102
RTVSPost2010PropOp50
 70
     1
102
RTVSPost2010Prop51ColorIndex
 90
      256
102
RTVSPost2010Prop51ColorRGB
 90
-16777216
102
RTVSPost2010PropOp51
 70
     0
102
RTVSPost2010Prop52
140
1.0
102
RTVSPost2010PropOp52
 70
     0
102
RTVSPost2010Prop53
 90
        2
102
RTVSPost2010PropOp53
 70
     1
102
RTVSPost2010Prop54
  1
strokes_ogs.tif
102
RTVSPost2010PropOp54
 70
     1
102
RTVSPost2010Prop55
280
     0
102
RTVSPost2010PropOp55
 70
     1
102
RTVSPost2010Prop56
140
1.0
102
RTVSPost2010PropOp56
 70
     1
102
RTVSPost2010Prop57
140
1.0
102
RTVSPost2010PropOp57
 70
     1
  0
XRECORD
  5
47E
102
{ACAD_REACTORS
330
47D
102
}
330
47D
100
AcDbXrecord
280
     1
102
RTVSPropertyOp0
 70
     1
102
RTVSPropertyOp1
 70
     1
102
RTVSPropertyOp2
 70
     1
102
RTVSPropertyOp3
 70
     1
102
RTVSPropertyOp4
 70
     1
102
RTVSPropertyOp5
 70
     1
102
RTVSPropertyOp6
 70
     1
102
RTVSPropertyOp7
 70
     1
102
RTVSPropertyOp8
 70
     1
102
RTVSPropertyOp9
 70
     1
102
RTVSPropertyOp10
 70
     1
102
RTVSPropertyOp11
 70
     1
102
RTVSPropertyOp12
 70
     1
102
RTVSPropertyOp13
 70
     1
102
RTVSPropertyOp14
 70
     1
102
RTVSPropertyOp15
 70
     1
102
RTVSPropertyOp16
 70
     1
102
RTVSPropertyOp17
 70
     1
102
RTVSPropertyOp18
 70
     1
102
RTVSPropertyOp19
 70
     1
102
RTVSPropertyOp20
 70
     1
102
RTVSPropertyOp21
 70
     1
102
RTVSPropertyOp22
 70
     1
102
RTVSPropertyOp23
 70
     1
102
RTVSPropertyOp24
 70
     1
102
RTVSPropertyOp25
 70
     1
102
RTVSPropertyOp26
 70
     1
102
RTVSPropertyOp27
 70
     1
102
RTVSPropertyOp28
 70
     1
102
RTVSPropertyOp29
 70
     1
102
RTVSPropertyOp30
 70
     1
102
RTVSPropertyOp31
 70
     1
102
RTVSPropertyOp32
 70
     1
102
RTVSPropertyOp33
 70
     1
102
RTVSPropertyOp34
 70
     1
102
RTVSPropertyOp35
 70
     1
102
RTVSPropertyOp36
 70
     1
102
RTVSPropertyOp37
 70
     1
102
RTVSPropertyOp38
 70
     1
102
RTVSPropertyOp39
 70
     1
102
RTVSPropertyOp40
 70
     1
102
RTVSPropertyOp41
 70
     1
102
RTVSPropertyOp42
 70
     1
102
RTVSPropertyOp43
 70
     1
102
RTVSPropertyOp44
 70
     1
102
RTVSPropertyOp45
 70
     1
102
RTVSPropertyOp46
 70
     1
102
RTVSPropertyOp47
 70
     1
102
RTVSPropertyOp48
 70
     1
102
RTVSPropertyOp49
 70
     1
102
RTVSPropertyOp50
 70
     1
102
RTVSPropertyOp51
 70
     0
102
RTVSPropertyOp52
 70
     0
102
RTVSPropertyOp53
 70
     1
102
RTVSPropertyOp54
 70
     1
102
RTVSPropertyOp55
 70
     1
102
RTVSPropertyOp56
 70
     1
102
RTVSPropertyOp57
 70
     1
102
RTVSPost2010Prop28
280
     0
102
RTVSPost2010PropOp28
 70
     1
102
RTVSPost2010Prop29
280
     1
102
RTVSPost2010PropOp29
 70
     1
102
RTVSPost2010Prop30
280
     1
102
RTVSPost2010PropOp30
 70
     1
102
RTVSPost2010Prop31
280
     0
102
RTVSPost2010PropOp31
 70
     1
102
RTVSPost2010Prop32
280
     0
102
RTVSPost2010PropOp32
 70
     1
102
RTVSPost2010Prop33
280
     0
102
RTVSPost2010PropOp33
 70
     1
102
RTVSPost2010Prop34
280
     0
102
RTVSPost2010PropOp34
 70
     1
102
RTVSPost2010Prop35
280
     0
102
RTVSPost2010PropOp35
 70
     1
102
RTVSPost2010Prop36
280
     0
102
RTVSPost2010PropOp36
 70
     1
102
RTVSPost2010Prop37
 90
       50
102
RTVSPost2010PropOp37
 70
     1
102
RTVSPost2010Prop38
140
0.0
102
RTVSPost2010PropOp38
 70
     1
102
RTVSPost2010Prop39
140
1.0
102
RTVSPost2010PropOp39
 70
     1
102
RTVSPost2010Prop40
 90
        0
102
RTVSPost2010PropOp40
 70
     1
102
RTVSPost2010Prop41ColorIndex
 90
       18
102
RTVSPost2010Prop41ColorRGB
 90
        0
102
RTVSPost2010PropOp41
 70
     1
102
RTVSPost2010Prop42
 90
       50
102
RTVSPost2010PropOp42
 70
     1
102
RTVSPost2010Prop43
 90
        3
102
RTVSPost2010PropOp43
 70
     1
102
RTVSPost2010Prop44ColorIndex
 90
        5
102
RTVSPost2010Prop44ColorRGB
 90
      255
102
RTVSPost2010PropOp44
 70
     1
102
RTVSPost2010Prop45
280
     0
102
RTVSPost2010PropOp45
 70
     1
102
RTVSPost2010Prop46
 90
       50
102
RTVSPost2010PropOp46
 70
     1
102
RTVSPost2010Prop47
 90
       50
102
RTVSPost2010PropOp47
 70
     1
102
RTVSPost2010Prop48
 90
       50
102
RTVSPost2010PropOp48
 70
     1
102
RTVSPost2010Prop49
280
     0
102
RTVSPost2010PropOp49
 70
     1
102
RTVSPost2010Prop50
 90
       50
102
RTVSPost2010PropOp50
 70
     1
102
RTVSPost2010Prop51ColorIndex
 90
      256
102
RTVSPost2010Prop51ColorRGB
 90
-16777216
102
RTVSPost2010PropOp51
 70
     0
102
RTVSPost2010Prop52
140
1.0
102
RTVSPost2010PropOp52
 70
     0
102
RTVSPost2010Prop53
 90
        2
102
RTVSPost2010PropOp53
 70
     1
102
RTVSPost2010Prop54
  1
strokes_ogs.tif
102
RTVSPost2010PropOp54
 70
     1
102
RTVSPost2010Prop55
280
     0
102
RTVSPost2010PropOp55
 70
     1
102
RTVSPost2010Prop56
140
1.0
102
RTVSPost2010PropOp56
 70
     1
102
RTVSPost2010Prop57
140
1.0
102
RTVSPost2010PropOp57
 70
     1
  0
XRECORD
  5
480
102
{ACAD_REACTORS
330
47F
102
}
330
47F
100
AcDbXrecord
280
     1
102
RTVSPropertyOp0
 70
     1
102
RTVSPropertyOp1
 70
     1
102
RTVSPropertyOp2
 70
     1
102
RTVSPropertyOp3
 70
     1
102
RTVSPropertyOp4
 70
     1
102
RTVSPropertyOp5
 70
     1
102
RTVSPropertyOp6
 70
     1
102
RTVSPropertyOp7
 70
     1
102
RTVSPropertyOp8
 70
     1
102
RTVSPropertyOp9
 70
     1
102
RTVSPropertyOp10
 70
     1
102
RTVSPropertyOp11
 70
     1
102
RTVSPropertyOp12
 70
     1
102
RTVSPropertyOp13
 70
     1
102
RTVSPropertyOp14
 70
     1
102
RTVSPropertyOp15
 70
     1
102
RTVSPropertyOp16
 70
     1
102
RTVSPropertyOp17
 70
     1
102
RTVSPropertyOp18
 70
     1
102
RTVSPropertyOp19
 70
     1
102
RTVSPropertyOp20
 70
     1
102
RTVSPropertyOp21
 70
     1
102
RTVSPropertyOp22
 70
     1
102
RTVSPropertyOp23
 70
     1
102
RTVSPropertyOp24
 70
     1
102
RTVSPropertyOp25
 70
     1
102
RTVSPropertyOp26
 70
     1
102
RTVSPropertyOp27
 70
     1
102
RTVSPropertyOp28
 70
     1
102
RTVSPropertyOp29
 70
     1
102
RTVSPropertyOp30
 70
     1
102
RTVSPropertyOp31
 70
     1
102
RTVSPropertyOp32
 70
     1
102
RTVSPropertyOp33
 70
     1
102
RTVSPropertyOp34
 70
     1
102
RTVSPropertyOp35
 70
     1
102
RTVSPropertyOp36
 70
     1
102
RTVSPropertyOp37
 70
     1
102
RTVSPropertyOp38
 70
     1
102
RTVSPropertyOp39
 70
     1
102
RTVSPropertyOp40
 70
     1
102
RTVSPropertyOp41
 70
     1
102
RTVSPropertyOp42
 70
     1
102
RTVSPropertyOp43
 70
     1
102
RTVSPropertyOp44
 70
     1
102
RTVSPropertyOp45
 70
     1
102
RTVSPropertyOp46
 70
     1
102
RTVSPropertyOp47
 70
     1
102
RTVSPropertyOp48
 70
     1
102
RTVSPropertyOp49
 70
     1
102
RTVSPropertyOp50
 70
     1
102
RTVSPropertyOp51
 70
     0
102
RTVSPropertyOp52
 70
     0
102
RTVSPropertyOp53
 70
     1
102
RTVSPropertyOp54
 70
     1
102
RTVSPropertyOp55
 70
     1
102
RTVSPropertyOp56
 70
     1
102
RTVSPropertyOp57
 70
     1
102
RTVSPost2010Prop28
280
     0
102
RTVSPost2010PropOp28
 70
     1
102
RTVSPost2010Prop29
280
     1
102
RTVSPost2010PropOp29
 70
     1
102
RTVSPost2010Prop30
280
     1
102
RTVSPost2010PropOp30
 70
     1
102
RTVSPost2010Prop31
280
     0
102
RTVSPost2010PropOp31
 70
     1
102
RTVSPost2010Prop32
280
     0
102
RTVSPost2010PropOp32
 70
     1
102
RTVSPost2010Prop33
280
     0
102
RTVSPost2010PropOp33
 70
     1
102
RTVSPost2010Prop34
280
     0
102
RTVSPost2010PropOp34
 70
     1
102
RTVSPost2010Prop35
280
     0
102
RTVSPost2010PropOp35
 70
     1
102
RTVSPost2010Prop36
280
     0
102
RTVSPost2010PropOp36
 70
     1
102
RTVSPost2010Prop37
 90
       50
102
RTVSPost2010PropOp37
 70
     1
102
RTVSPost2010Prop38
140
0.0
102
RTVSPost2010PropOp38
 70
     1
102
RTVSPost2010Prop39
140
1.0
102
RTVSPost2010PropOp39
 70
     1
102
RTVSPost2010Prop40
 90
        0
102
RTVSPost2010PropOp40
 70
     1
102
RTVSPost2010Prop41ColorIndex
 90
       18
102
RTVSPost2010Prop41ColorRGB
 90
        0
102
RTVSPost2010PropOp41
 70
     1
102
RTVSPost2010Prop42
 90
       50
102
RTVSPost2010PropOp42
 70
     1
102
RTVSPost2010Prop43
 90
        3
102
RTVSPost2010PropOp43
 70
     1
102
RTVSPost2010Prop44ColorIndex
 90
        5
102
RTVSPost2010Prop44ColorRGB
 90
      255
102
RTVSPost2010PropOp44
 70
     1
102
RTVSPost2010Prop45
280
     0
102
RTVSPost2010PropOp45
 70
     1
102
RTVSPost2010Prop46
 90
       50
102
RTVSPost2010PropOp46
 70
     1
102
RTVSPost2010Prop47
 90
       50
102
RTVSPost2010PropOp47
 70
     1
102
RTVSPost2010Prop48
 90
       50
102
RTVSPost2010PropOp48
 70
     1
102
RTVSPost2010Prop49
280
     0
102
RTVSPost2010PropOp49
 70
     1
102
RTVSPost2010Prop50
 90
       50
102
RTVSPost2010PropOp50
 70
     1
102
RTVSPost2010Prop51ColorIndex
 90
      256
102
RTVSPost2010Prop51ColorRGB
 90
-16777216
102
RTVSPost2010PropOp51
 70
     0
102
RTVSPost2010Prop52
140
1.0
102
RTVSPost2010PropOp52
 70
     0
102
RTVSPost2010Prop53
 90
        2
102
RTVSPost2010PropOp53
 70
     1
102
RTVSPost2010Prop54
  1
strokes_ogs.tif
102
RTVSPost2010PropOp54
 70
     1
102
RTVSPost2010Prop55
280
     0
102
RTVSPost2010PropOp55
 70
     1
102
RTVSPost2010Prop56
140
1.0
102
RTVSPost2010PropOp56
 70
     1
102
RTVSPost2010Prop57
140
1.0
102
RTVSPost2010PropOp57
 70
     1
  0
XRECORD
  5
470
102
{ACAD_REACTORS
330
46F
102
}
330
46F
100
AcDbXrecord
280
     1
102
RTVSPropertyOp0
 70
     1
102
RTVSPropertyOp1
 70
     1
102
RTVSPropertyOp2
 70
     1
102
RTVSPropertyOp3
 70
     1
102
RTVSPropertyOp4
 70
     1
102
RTVSPropertyOp5
 70
     1
102
RTVSPropertyOp6
 70
     1
102
RTVSPropertyOp7
 70
     1
102
RTVSPropertyOp8
 70
     1
102
RTVSPropertyOp9
 70
     1
102
RTVSPropertyOp10
 70
     1
102
RTVSPropertyOp11
 70
     1
102
RTVSPropertyOp12
 70
     1
102
RTVSPropertyOp13
 70
     1
102
RTVSPropertyOp14
 70
     1
102
RTVSPropertyOp15
 70
     1
102
RTVSPropertyOp16
 70
     1
102
RTVSPropertyOp17
 70
     1
102
RTVSPropertyOp18
 70
     1
102
RTVSPropertyOp19
 70
     1
102
RTVSPropertyOp20
 70
     1
102
RTVSPropertyOp21
 70
     1
102
RTVSPropertyOp22
 70
     1
102
RTVSPropertyOp23
 70
     1
102
RTVSPropertyOp24
 70
     1
102
RTVSPropertyOp25
 70
     1
102
RTVSPropertyOp26
 70
     1
102
RTVSPropertyOp27
 70
     1
102
RTVSPropertyOp28
 70
     1
102
RTVSPropertyOp29
 70
     1
102
RTVSPropertyOp30
 70
     1
102
RTVSPropertyOp31
 70
     1
102
RTVSPropertyOp32
 70
     1
102
RTVSPropertyOp33
 70
     1
102
RTVSPropertyOp34
 70
     1
102
RTVSPropertyOp35
 70
     1
102
RTVSPropertyOp36
 70
     1
102
RTVSPropertyOp37
 70
     1
102
RTVSPropertyOp38
 70
     1
102
RTVSPropertyOp39
 70
     1
102
RTVSPropertyOp40
 70
     1
102
RTVSPropertyOp41
 70
     1
102
RTVSPropertyOp42
 70
     1
102
RTVSPropertyOp43
 70
     1
102
RTVSPropertyOp44
 70
     1
102
RTVSPropertyOp45
 70
     1
102
RTVSPropertyOp46
 70
     1
102
RTVSPropertyOp47
 70
     1
102
RTVSPropertyOp48
 70
     1
102
RTVSPropertyOp49
 70
     1
102
RTVSPropertyOp50
 70
     1
102
RTVSPropertyOp51
 70
     0
102
RTVSPropertyOp52
 70
     0
102
RTVSPropertyOp53
 70
     1
102
RTVSPropertyOp54
 70
     1
102
RTVSPropertyOp55
 70
     1
102
RTVSPropertyOp56
 70
     1
102
RTVSPropertyOp57
 70
     1
102
RTVSPost2010Prop28
280
     0
102
RTVSPost2010PropOp28
 70
     1
102
RTVSPost2010Prop29
280
     1
102
RTVSPost2010PropOp29
 70
     1
102
RTVSPost2010Prop30
280
     1
102
RTVSPost2010PropOp30
 70
     1
102
RTVSPost2010Prop31
280
     0
102
RTVSPost2010PropOp31
 70
     1
102
RTVSPost2010Prop32
280
     0
102
RTVSPost2010PropOp32
 70
     1
102
RTVSPost2010Prop33
280
     0
102
RTVSPost2010PropOp33
 70
     1
102
RTVSPost2010Prop34
280
     0
102
RTVSPost2010PropOp34
 70
     1
102
RTVSPost2010Prop35
280
     0
102
RTVSPost2010PropOp35
 70
     1
102
RTVSPost2010Prop36
280
     0
102
RTVSPost2010PropOp36
 70
     1
102
RTVSPost2010Prop37
 90
       50
102
RTVSPost2010PropOp37
 70
     1
102
RTVSPost2010Prop38
140
0.0
102
RTVSPost2010PropOp38
 70
     1
102
RTVSPost2010Prop39
140
1.0
102
RTVSPost2010PropOp39
 70
     1
102
RTVSPost2010Prop40
 90
        0
102
RTVSPost2010PropOp40
 70
     1
102
RTVSPost2010Prop41ColorIndex
 90
       18
102
RTVSPost2010Prop41ColorRGB
 90
        0
102
RTVSPost2010PropOp41
 70
     1
102
RTVSPost2010Prop42
 90
       50
102
RTVSPost2010PropOp42
 70
     1
102
RTVSPost2010Prop43
 90
        3
102
RTVSPost2010PropOp43
 70
     1
102
RTVSPost2010Prop44ColorIndex
 90
        5
102
RTVSPost2010Prop44ColorRGB
 90
      255
102
RTVSPost2010PropOp44
 70
     1
102
RTVSPost2010Prop45
280
     0
102
RTVSPost2010PropOp45
 70
     1
102
RTVSPost2010Prop46
 90
       50
102
RTVSPost2010PropOp46
 70
     1
102
RTVSPost2010Prop47
 90
       50
102
RTVSPost2010PropOp47
 70
     1
102
RTVSPost2010Prop48
 90
       50
102
RTVSPost2010PropOp48
 70
     1
102
RTVSPost2010Prop49
280
     0
102
RTVSPost2010PropOp49
 70
     1
102
RTVSPost2010Prop50
 90
       50
102
RTVSPost2010PropOp50
 70
     1
102
RTVSPost2010Prop51ColorIndex
 90
      256
102
RTVSPost2010Prop51ColorRGB
 90
-16777216
102
RTVSPost2010PropOp51
 70
     0
102
RTVSPost2010Prop52
140
1.0
102
RTVSPost2010PropOp52
 70
     0
102
RTVSPost2010Prop53
 90
        2
102
RTVSPost2010PropOp53
 70
     1
102
RTVSPost2010Prop54
  1
strokes_ogs.tif
102
RTVSPost2010PropOp54
 70
     1
102
RTVSPost2010Prop55
280
     0
102
RTVSPost2010PropOp55
 70
     1
102
RTVSPost2010Prop56
140
1.0
102
RTVSPost2010PropOp56
 70
     1
102
RTVSPost2010Prop57
140
1.0
102
RTVSPost2010PropOp57
 70
     1
  0
XRECORD
  5
462
102
{ACAD_REACTORS
330
461
102
}
330
461
100
AcDbXrecord
280
     1
102
RTVSPropertyOp0
 70
     1
102
RTVSPropertyOp1
 70
     1
102
RTVSPropertyOp2
 70
     1
102
RTVSPropertyOp3
 70
     1
102
RTVSPropertyOp4
 70
     1
102
RTVSPropertyOp5
 70
     1
102
RTVSPropertyOp6
 70
     1
102
RTVSPropertyOp7
 70
     1
102
RTVSPropertyOp8
 70
     1
102
RTVSPropertyOp9
 70
     1
102
RTVSPropertyOp10
 70
     1
102
RTVSPropertyOp11
 70
     1
102
RTVSPropertyOp12
 70
     1
102
RTVSPropertyOp13
 70
     1
102
RTVSPropertyOp14
 70
     1
102
RTVSPropertyOp15
 70
     1
102
RTVSPropertyOp16
 70
     1
102
RTVSPropertyOp17
 70
     1
102
RTVSPropertyOp18
 70
     1
102
RTVSPropertyOp19
 70
     1
102
RTVSPropertyOp20
 70
     1
102
RTVSPropertyOp21
 70
     1
102
RTVSPropertyOp22
 70
     1
102
RTVSPropertyOp23
 70
     1
102
RTVSPropertyOp24
 70
     1
102
RTVSPropertyOp25
 70
     1
102
RTVSPropertyOp26
 70
     1
102
RTVSPropertyOp27
 70
     1
102
RTVSPropertyOp28
 70
     1
102
RTVSPropertyOp29
 70
     1
102
RTVSPropertyOp30
 70
     1
102
RTVSPropertyOp31
 70
     1
102
RTVSPropertyOp32
 70
     1
102
RTVSPropertyOp33
 70
     1
102
RTVSPropertyOp34
 70
     1
102
RTVSPropertyOp35
 70
     1
102
RTVSPropertyOp36
 70
     1
102
RTVSPropertyOp37
 70
     1
102
RTVSPropertyOp38
 70
     1
102
RTVSPropertyOp39
 70
     1
102
RTVSPropertyOp40
 70
     1
102
RTVSPropertyOp41
 70
     1
102
RTVSPropertyOp42
 70
     1
102
RTVSPropertyOp43
 70
     1
102
RTVSPropertyOp44
 70
     1
102
RTVSPropertyOp45
 70
     1
102
RTVSPropertyOp46
 70
     1
102
RTVSPropertyOp47
 70
     1
102
RTVSPropertyOp48
 70
     1
102
RTVSPropertyOp49
 70
     1
102
RTVSPropertyOp50
 70
     1
102
RTVSPropertyOp51
 70
     0
102
RTVSPropertyOp52
 70
     0
102
RTVSPropertyOp53
 70
     1
102
RTVSPropertyOp54
 70
     1
102
RTVSPropertyOp55
 70
     1
102
RTVSPropertyOp56
 70
     1
102
RTVSPropertyOp57
 70
     1
102
RTVSPost2010Prop28
280
     0
102
RTVSPost2010PropOp28
 70
     1
102
RTVSPost2010Prop29
280
     1
102
RTVSPost2010PropOp29
 70
     1
102
RTVSPost2010Prop30
280
     1
102
RTVSPost2010PropOp30
 70
     1
102
RTVSPost2010Prop31
280
     0
102
RTVSPost2010PropOp31
 70
     1
102
RTVSPost2010Prop32
280
     0
102
RTVSPost2010PropOp32
 70
     1
102
RTVSPost2010Prop33
280
     0
102
RTVSPost2010PropOp33
 70
     1
102
RTVSPost2010Prop34
280
     0
102
RTVSPost2010PropOp34
 70
     1
102
RTVSPost2010Prop35
280
     0
102
RTVSPost2010PropOp35
 70
     1
102
RTVSPost2010Prop36
280
     0
102
RTVSPost2010PropOp36
 70
     1
102
RTVSPost2010Prop37
 90
       50
102
RTVSPost2010PropOp37
 70
     1
102
RTVSPost2010Prop38
140
0.0
102
RTVSPost2010PropOp38
 70
     1
102
RTVSPost2010Prop39
140
1.0
102
RTVSPost2010PropOp39
 70
     1
102
RTVSPost2010Prop40
 90
        0
102
RTVSPost2010PropOp40
 70
     1
102
RTVSPost2010Prop41ColorIndex
 90
       18
102
RTVSPost2010Prop41ColorRGB
 90
        0
102
RTVSPost2010PropOp41
 70
     1
102
RTVSPost2010Prop42
 90
       50
102
RTVSPost2010PropOp42
 70
     1
102
RTVSPost2010Prop43
 90
        3
102
RTVSPost2010PropOp43
 70
     1
102
RTVSPost2010Prop44ColorIndex
 90
        5
102
RTVSPost2010Prop44ColorRGB
 90
      255
102
RTVSPost2010PropOp44
 70
     1
102
RTVSPost2010Prop45
280
     0
102
RTVSPost2010PropOp45
 70
     1
102
RTVSPost2010Prop46
 90
       50
102
RTVSPost2010PropOp46
 70
     1
102
RTVSPost2010Prop47
 90
       50
102
RTVSPost2010PropOp47
 70
     1
102
RTVSPost2010Prop48
 90
       50
102
RTVSPost2010PropOp48
 70
     1
102
RTVSPost2010Prop49
280
     0
102
RTVSPost2010PropOp49
 70
     1
102
RTVSPost2010Prop50
 90
       50
102
RTVSPost2010PropOp50
 70
     1
102
RTVSPost2010Prop51ColorIndex
 90
      256
102
RTVSPost2010Prop51ColorRGB
 90
-16777216
102
RTVSPost2010PropOp51
 70
     0
102
RTVSPost2010Prop52
140
1.0
102
RTVSPost2010PropOp52
 70
     0
102
RTVSPost2010Prop53
 90
        2
102
RTVSPost2010PropOp53
 70
     1
102
RTVSPost2010Prop54
  1
strokes_ogs.tif
102
RTVSPost2010PropOp54
 70
     1
102
RTVSPost2010Prop55
280
     0
102
RTVSPost2010PropOp55
 70
     1
102
RTVSPost2010Prop56
140
1.0
102
RTVSPost2010PropOp56
 70
     1
102
RTVSPost2010Prop57
140
1.0
102
RTVSPost2010PropOp57
 70
     1
  0
XRECORD
  5
482
102
{ACAD_REACTORS
330
481
102
}
330
481
100
AcDbXrecord
280
     1
102
RTVSPropertyOp0
 70
     1
102
RTVSPropertyOp1
 70
     1
102
RTVSPropertyOp2
 70
     1
102
RTVSPropertyOp3
 70
     1
102
RTVSPropertyOp4
 70
     1
102
RTVSPropertyOp5
 70
     1
102
RTVSPropertyOp6
 70
     1
102
RTVSPropertyOp7
 70
     1
102
RTVSPropertyOp8
 70
     1
102
RTVSPropertyOp9
 70
     1
102
RTVSPropertyOp10
 70
     1
102
RTVSPropertyOp11
 70
     1
102
RTVSPropertyOp12
 70
     1
102
RTVSPropertyOp13
 70
     1
102
RTVSPropertyOp14
 70
     1
102
RTVSPropertyOp15
 70
     1
102
RTVSPropertyOp16
 70
     1
102
RTVSPropertyOp17
 70
     1
102
RTVSPropertyOp18
 70
     1
102
RTVSPropertyOp19
 70
     1
102
RTVSPropertyOp20
 70
     1
102
RTVSPropertyOp21
 70
     1
102
RTVSPropertyOp22
 70
     1
102
RTVSPropertyOp23
 70
     1
102
RTVSPropertyOp24
 70
     1
102
RTVSPropertyOp25
 70
     1
102
RTVSPropertyOp26
 70
     1
102
RTVSPropertyOp27
 70
     1
102
RTVSPropertyOp28
 70
     1
102
RTVSPropertyOp29
 70
     1
102
RTVSPropertyOp30
 70
     1
102
RTVSPropertyOp31
 70
     1
102
RTVSPropertyOp32
 70
     1
102
RTVSPropertyOp33
 70
     1
102
RTVSPropertyOp34
 70
     1
102
RTVSPropertyOp35
 70
     1
102
RTVSPropertyOp36
 70
     1
102
RTVSPropertyOp37
 70
     1
102
RTVSPropertyOp38
 70
     1
102
RTVSPropertyOp39
 70
     1
102
RTVSPropertyOp40
 70
     1
102
RTVSPropertyOp41
 70
     1
102
RTVSPropertyOp42
 70
     1
102
RTVSPropertyOp43
 70
     1
102
RTVSPropertyOp44
 70
     1
102
RTVSPropertyOp45
 70
     1
102
RTVSPropertyOp46
 70
     1
102
RTVSPropertyOp47
 70
     1
102
RTVSPropertyOp48
 70
     1
102
RTVSPropertyOp49
 70
     1
102
RTVSPropertyOp50
 70
     1
102
RTVSPropertyOp51
 70
     0
102
RTVSPropertyOp52
 70
     0
102
RTVSPropertyOp53
 70
     1
102
RTVSPropertyOp54
 70
     1
102
RTVSPropertyOp55
 70
     1
102
RTVSPropertyOp56
 70
     1
102
RTVSPropertyOp57
 70
     1
102
RTVSPost2010Prop28
280
     0
102
RTVSPost2010PropOp28
 70
     1
102
RTVSPost2010Prop29
280
     1
102
RTVSPost2010PropOp29
 70
     1
102
RTVSPost2010Prop30
280
     1
102
RTVSPost2010PropOp30
 70
     1
102
RTVSPost2010Prop31
280
     0
102
RTVSPost2010PropOp31
 70
     1
102
RTVSPost2010Prop32
280
     0
102
RTVSPost2010PropOp32
 70
     1
102
RTVSPost2010Prop33
280
     0
102
RTVSPost2010PropOp33
 70
     1
102
RTVSPost2010Prop34
280
     0
102
RTVSPost2010PropOp34
 70
     1
102
RTVSPost2010Prop35
280
     0
102
RTVSPost2010PropOp35
 70
     1
102
RTVSPost2010Prop36
280
     0
102
RTVSPost2010PropOp36
 70
     1
102
RTVSPost2010Prop37
 90
       50
102
RTVSPost2010PropOp37
 70
     1
102
RTVSPost2010Prop38
140
0.0
102
RTVSPost2010PropOp38
 70
     1
102
RTVSPost2010Prop39
140
1.0
102
RTVSPost2010PropOp39
 70
     1
102
RTVSPost2010Prop40
 90
        0
102
RTVSPost2010PropOp40
 70
     1
102
RTVSPost2010Prop41ColorIndex
 90
       18
102
RTVSPost2010Prop41ColorRGB
 90
        0
102
RTVSPost2010PropOp41
 70
     1
102
RTVSPost2010Prop42
 90
       50
102
RTVSPost2010PropOp42
 70
     1
102
RTVSPost2010Prop43
 90
        3
102
RTVSPost2010PropOp43
 70
     1
102
RTVSPost2010Prop44ColorIndex
 90
        5
102
RTVSPost2010Prop44ColorRGB
 90
      255
102
RTVSPost2010PropOp44
 70
     1
102
RTVSPost2010Prop45
280
     0
102
RTVSPost2010PropOp45
 70
     1
102
RTVSPost2010Prop46
 90
       50
102
RTVSPost2010PropOp46
 70
     1
102
RTVSPost2010Prop47
 90
       50
102
RTVSPost2010PropOp47
 70
     1
102
RTVSPost2010Prop48
 90
       50
102
RTVSPost2010PropOp48
 70
     1
102
RTVSPost2010Prop49
280
     0
102
RTVSPost2010PropOp49
 70
     1
102
RTVSPost2010Prop50
 90
       50
102
RTVSPost2010PropOp50
 70
     1
102
RTVSPost2010Prop51ColorIndex
 90
      256
102
RTVSPost2010Prop51ColorRGB
 90
-16777216
102
RTVSPost2010PropOp51
 70
     0
102
RTVSPost2010Prop52
140
1.0
102
RTVSPost2010PropOp52
 70
     0
102
RTVSPost2010Prop53
 90
        2
102
RTVSPost2010PropOp53
 70
     1
102
RTVSPost2010Prop54
  1
strokes_ogs.tif
102
RTVSPost2010PropOp54
 70
     1
102
RTVSPost2010Prop55
280
     0
102
RTVSPost2010PropOp55
 70
     1
102
RTVSPost2010Prop56
140
1.0
102
RTVSPost2010PropOp56
 70
     1
102
RTVSPost2010Prop57
140
1.0
102
RTVSPost2010PropOp57
 70
     1
  0
ENDSEC
  0
EOF
