  0
SECTION
  2
HEADER
  9
$ACADVER
  1
AC1021
  9
$ACADMAINTVER
 70
    25
  9
$DWGCODEPAGE
  3
ANSI_1252
  9
$LASTSAVEDBY
  1
39204
  9
$INSBASE
 10
0.0
 20
0.0
 30
0.0
  9
$EXTMIN
 10
0.0
 20
0.0000000000000009
 30
0.0000000000000004
  9
$EXTMAX
 10
284.9839039896083
 20
94.56493777150013
 30
1.499999988389793
  9
$LIMMIN
 10
0.0
 20
0.0
  9
$LIMMAX
 10
12.0
 20
9.0
  9
$ORTHOMODE
 70
     0
  9
$REGENMODE
 70
     1
  9
$FILLMODE
 70
     1
  9
$QTEXTMODE
 70
     0
  9
$MIRRTEXT
 70
     1
  9
$LTSCALE
 40
1.0
  9
$ATTMODE
 70
     1
  9
$TEXTSIZE
 40
0.2
  9
$TRACEWID
 40
0.05
  9
$TEXTSTYLE
  7
Standard
  9
$CLAYER
  8
0
  9
$CELTYPE
  6
ByLayer
  9
$CECOLOR
 62
   256
  9
$CELTSCALE
 40
1.0
  9
$DISPSILH
 70
     0
  9
$DIMSCALE
 40
1.0
  9
$DIMASZ
 40
0.18
  9
$DIMEXO
 40
0.0625
  9
$DIMDLI
 40
0.38
  9
$DIMRND
 40
0.0
  9
$DIMDLE
 40
0.0
  9
$DIMEXE
 40
0.18
  9
$DIMTP
 40
0.0
  9
$DIMTM
 40
0.0
  9
$DIMTXT
 40
0.18
  9
$DIMCEN
 40
0.09
  9
$DIMTSZ
 40
0.0
  9
$DIMTOL
 70
     0
  9
$DIMLIM
 70
     0
  9
$DIMTIH
 70
     1
  9
$DIMTOH
 70
     1
  9
$DIMSE1
 70
     0
  9
$DIMSE2
 70
     0
  9
$DIMTAD
 70
     0
  9
$DIMZIN
 70
     0
  9
$DIMBLK
  1

  9
$DIMASO
 70
     1
  9
$DIMSHO
 70
     1
  9
$DIMPOST
  1

  9
$DIMAPOST
  1

  9
$DIMALT
 70
     0
  9
$DIMALTD
 70
     2
  9
$DIMALTF
 40
25.4
  9
$DIMLFAC
 40
1.0
  9
$DIMTOFL
 70
     0
  9
$DIMTVP
 40
0.0
  9
$DIMTIX
 70
     0
  9
$DIMSOXD
 70
     0
  9
$DIMSAH
 70
     0
  9
$DIMBLK1
  1

  9
$DIMBLK2
  1

  9
$DIMSTYLE
  2
STANDARD_ACAD
  9
$DIMCLRD
 70
     0
  9
$DIMCLRE
 70
     0
  9
$DIMCLRT
 70
     0
  9
$DIMTFAC
 40
1.0
  9
$DIMGAP
 40
0.09
  9
$DIMJUST
 70
     0
  9
$DIMSD1
 70
     0
  9
$DIMSD2
 70
     0
  9
$DIMTOLJ
 70
     1
  9
$DIMTZIN
 70
     0
  9
$DIMALTZ
 70
     0
  9
$DIMALTTZ
 70
     0
  9
$DIMUPT
 70
     0
  9
$DIMDEC
 70
     4
  9
$DIMTDEC
 70
     4
  9
$DIMALTU
 70
     2
  9
$DIMALTTD
 70
     2
  9
$DIMTXSTY
  7
Standard
  9
$DIMAUNIT
 70
     0
  9
$DIMADEC
 70
     0
  9
$DIMALTRND
 40
0.0
  9
$DIMAZIN
 70
     0
  9
$DIMDSEP
 70
    46
  9
$DIMATFIT
 70
     3
  9
$DIMFRAC
 70
     0
  9
$DIMLDRBLK
  1

  9
$DIMLUNIT
 70
     2
  9
$DIMLWD
 70
    -2
  9
$DIMLWE
 70
    -2
  9
$DIMTMOVE
 70
     2
  9
$DIMFXL
 40
1.0
  9
$DIMFXLON
 70
     0
  9
$DIMJOGANG
 40
0.7853981633974483
  9
$DIMTFILL
 70
     0
  9
$DIMTFILLCLR
 70
     0
  9
$DIMARCSYM
 70
     0
  9
$DIMLTYPE
  6

  9
$DIMLTEX1
  6

  9
$DIMLTEX2
  6

  9
$LUNITS
 70
     2
  9
$LUPREC
 70
     3
  9
$SKETCHINC
 40
0.1
  9
$FILLETRAD
 40
0.0
  9
$AUNITS
 70
     0
  9
$AUPREC
 70
     0
  9
$MENU
  1
.
  9
$ELEVATION
 40
0.0
  9
$PELEVATION
 40
0.0
  9
$THICKNESS
 40
0.0
  9
$LIMCHECK
 70
     0
  9
$CHAMFERA
 40
0.0
  9
$CHAMFERB
 40
0.0
  9
$CHAMFERC
 40
0.0
  9
$CHAMFERD
 40
0.0
  9
$SKPOLY
 70
     0
  9
$TDCREATE
 40
2461009.532231713
  9
$TDUCREATE
 40
2461009.19889838
  9
$TDUPDATE
 40
2461009.532270996
  9
$TDUUPDATE
 40
2461009.198937662
  9
$TDINDWG
 40
0.0000000116
  9
$TDUSRTIMER
 40
0.0000000116
  9
$USRTIMER
 70
     1
  9
$ANGBASE
 50
0.0
  9
$ANGDIR
 70
     0
  9
$PDMODE
 70
     0
  9
$PDSIZE
 40
0.0
  9
$PLINEWID
 40
0.0
  9
$SPLFRAME
 70
     0
  9
$SPLINETYPE
 70
     6
  9
$SPLINESEGS
 70
     8
  9
$HANDSEED
  5
787
  9
$SURFTAB1
 70
     6
  9
$SURFTAB2
 70
     6
  9
$SURFTYPE
 70
     6
  9
$SURFU
 70
     6
  9
$SURFV
 70
     6
  9
$UCSBASE
  2

  9
$UCSNAME
  2

  9
$UCSORG
 10
0.0
 20
0.0
 30
0.0
  9
$UCSXDIR
 10
1.0
 20
0.0
 30
0.0
  9
$UCSYDIR
 10
0.0
 20
1.0
 30
0.0
  9
$UCSORTHOREF
  2

  9
$UCSORTHOVIEW
 70
     0
  9
$UCSORGTOP
 10
0.0
 20
0.0
 30
0.0
  9
$UCSORGBOTTOM
 10
0.0
 20
0.0
 30
0.0
  9
$UCSORGLEFT
 10
0.0
 20
0.0
 30
0.0
  9
$UCSORGRIGHT
 10
0.0
 20
0.0
 30
0.0
  9
$UCSORGFRONT
 10
0.0
 20
0.0
 30
0.0
  9
$UCSORGBACK
 10
0.0
 20
0.0
 30
0.0
  9
$PUCSBASE
  2

  9
$PUCSNAME
  2

  9
$PUCSORG
 10
0.0
 20
0.0
 30
0.0
  9
$PUCSXDIR
 10
1.0
 20
0.0
 30
0.0
  9
$PUCSYDIR
 10
0.0
 20
1.0
 30
0.0
  9
$PUCSORTHOREF
  2

  9
$PUCSORTHOVIEW
 70
     0
  9
$PUCSORGTOP
 10
0.0
 20
0.0
 30
0.0
  9
$PUCSORGBOTTOM
 10
0.0
 20
0.0
 30
0.0
  9
$PUCSORGLEFT
 10
0.0
 20
0.0
 30
0.0
  9
$PUCSORGRIGHT
 10
0.0
 20
0.0
 30
0.0
  9
$PUCSORGFRONT
 10
0.0
 20
0.0
 30
0.0
  9
$PUCSORGBACK
 10
0.0
 20
0.0
 30
0.0
  9
$USERI1
 70
     0
  9
$USERI2
 70
     0
  9
$USERI3
 70
     0
  9
$USERI4
 70
     0
  9
$USERI5
 70
     0
  9
$USERR1
 40
0.0
  9
$USERR2
 40
0.0
  9
$USERR3
 40
0.0
  9
$USERR4
 40
0.0
  9
$USERR5
 40
0.0
  9
$WORLDVIEW
 70
     1
  9
$SHADEDGE
 70
     3
  9
$SHADEDIF
 70
    70
  9
$TILEMODE
 70
     1
  9
$MAXACTVP
 70
    64
  9
$PINSBASE
 10
0.0
 20
0.0
 30
0.0
  9
$PLIMCHECK
 70
     0
  9
$PEXTMIN
 10
1.000000000000000E+20
 20
1.000000000000000E+20
 30
1.000000000000000E+20
  9
$PEXTMAX
 10
-1.000000000000000E+20
 20
-1.000000000000000E+20
 30
-1.000000000000000E+20
  9
$PLIMMIN
 10
0.0
 20
0.0
  9
$PLIMMAX
 10
12.0
 20
9.0
  9
$UNITMODE
 70
     0
  9
$VISRETAIN
 70
     1
  9
$PLINEGEN
 70
     0
  9
$PSLTSCALE
 70
     1
  9
$TREEDEPTH
 70
  3020
  9
$CMLSTYLE
  2
Standard
  9
$CMLJUST
 70
     0
  9
$CMLSCALE
 40
1.0
  9
$PROXYGRAPHICS
 70
     1
  9
$MEASUREMENT
 70
     1
  9
$CELWEIGHT
370
    -1
  9
$ENDCAPS
280
     0
  9
$JOINSTYLE
280
     0
  9
$LWDISPLAY
290
     0
  9
$INSUNITS
 70
     4
  9
$HYPERLINKBASE
  1

  9
$STYLESHEET
  1

  9
$XEDIT
290
     1
  9
$CEPSNTYPE
380
     0
  9
$PSTYLEMODE
290
     1
  9
$FINGERPRINTGUID
  2
{8bc94bd7-7d28-409f-8067-42c54a1af387}
  9
$VERSIONGUID
  2
{FAEB1C32-E019-11D5-929B-00C0DF256EC4}
  9
$EXTNAMES
290
     1
  9
$PSVPSCALE
 40
0.0
  9
$OLESTARTUP
290
     0
  9
$SORTENTS
280
   127
  9
$INDEXCTL
280
     0
  9
$HIDETEXT
280
     1
  9
$XCLIPFRAME
290
     0
  9
$HALOGAP
280
     0
  9
$OBSCOLOR
 70
   257
  9
$OBSLTYPE
280
     0
  9
$INTERSECTIONDISPLAY
280
     0
  9
$INTERSECTIONCOLOR
 70
   257
  9
$DIMASSOC
280
     2
  9
$PROJECTNAME
  1

  9
$CAMERADISPLAY
290
     0
  9
$LENSLENGTH
 40
50.0
  9
$CAMERAHEIGHT
 40
0.0
  9
$STEPSPERSEC
 40
2.0
  9
$STEPSIZE
 40
6.0
  9
$3DDWFPREC
 40
2.0
  9
$PSOLWIDTH
 40
0.25
  9
$PSOLHEIGHT
 40
4.0
  9
$LOFTANG1
 40
1.570796326794897
  9
$LOFTANG2
 40
1.570796326794897
  9
$LOFTMAG1
 40
0.0
  9
$LOFTMAG2
 40
0.0
  9
$LOFTPARAM
 70
     7
  9
$LOFTNORMALS
280
     1
  9
$LATITUDE
 40
37.795
  9
$LONGITUDE
 40
-122.394
  9
$NORTHDIRECTION
 40
0.0
  9
$TIMEZONE
 70
 -8000
  9
$LIGHTGLYPHDISPLAY
280
     1
  9
$TILEMODELIGHTSYNCH
280
     1
  9
$CMATERIAL
347
44
  9
$SOLIDHIST
280
     0
  9
$SHOWHIST
280
     1
  9
$DWFFRAME
280
     2
  9
$DGNFRAME
280
     2
  9
$REALWORLDSCALE
290
     1
  9
$INTERFERECOLOR
 62
   256
  9
$CSHADOW
280
     0
  9
$SHADOWPLANELOCATION
 40
0.0
  0
ENDSEC
  0
SECTION
  2
CLASSES
  0
CLASS
  1
ACDBDICTIONARYWDFLT
  2
AcDbDictionaryWithDefault
  3
ObjectDBX Classes
 90
        0
 91
        3
280
     0
281
     0
  0
CLASS
  1
VISUALSTYLE
  2
AcDbVisualStyle
  3
ObjectDBX Classes
 90
     4095
 91
        3
280
     0
281
     0
  0
CLASS
  1
MATERIAL
  2
AcDbMaterial
  3
ObjectDBX Classes
 90
     1153
 91
        3
280
     0
281
     0
  0
CLASS
  1
SCALE
  2
AcDbScale
  3
ObjectDBX Classes
 90
     1153
 91
        3
280
     0
281
     0
  0
CLASS
  1
TABLESTYLE
  2
AcDbTableStyle
  3
ObjectDBX Classes
 90
     4095
 91
        3
280
     0
281
     0
  0
CLASS
  1
MLEADERSTYLE
  2
AcDbMLeaderStyle
  3
ACDB_MLEADERSTYLE_CLASS
 90
     4095
 91
        3
280
     0
281
     0
  0
CLASS
  1
SUN
  2
AcDbSun
  3
SCENEOE
 90
     1153
 91
        3
280
     0
281
     0
  0
CLASS
  1
DICTIONARYVAR
  2
AcDbDictionaryVar
  3
ObjectDBX Classes
 90
        0
 91
        3
280
     0
281
     0
  0
CLASS
  1
CELLSTYLEMAP
  2
AcDbCellStyleMap
  3
ObjectDBX Classes
 90
     1152
 91
        3
280
     0
281
     0
  0
ENDSEC
  0
SECTION
  2
TABLES
  0
TABLE
  2
VPORT
  5
8
330
0
100
AcDbSymbolTable
 70
     1
  0
VPORT
  5
29
330
8
100
AcDbSymbolTableRecord
100
AcDbViewportTableRecord
  2
*Active
 70
     0
 10
0.0
 20
0.0
 11
1.0
 21
1.0
 12
10.42990654205607
 22
4.5
 13
0.0
 23
0.0
 14
0.5
 24
0.5
 15
0.5
 25
0.5
 16
0.0
 26
0.0
 36
1.0
 17
0.0
 27
0.0
 37
0.0
 40
9.0
 41
1.972972972850329
 42
50.0
 43
0.0
 44
0.0
 50
0.0
 51
0.0
 71
     0
 72
   100
 73
     1
 74
     3
 75
     0
 76
     0
 77
     0
 78
     0
281
     0
 65
     1
110
0.0
120
0.0
130
0.0
111
1.0
121
0.0
131
0.0
112
0.0
122
1.0
132
0.0
 79
     0
146
0.0
348
2F
 60
     3
 61
     5
292
     1
282
     1
141
0.0
142
0.0
 63
   250
361
5D
  0
ENDTAB
  0
TABLE
  2
LTYPE
  5
5
330
0
100
AcDbSymbolTable
 70
     5
  0
LTYPE
  5
14
330
5
100
AcDbSymbolTableRecord
100
AcDbLinetypeTableRecord
  2
ByBlock
 70
     0
  3

 72
    65
 73
     0
 40
0.0
  0
LTYPE
  5
15
330
5
100
AcDbSymbolTableRecord
100
AcDbLinetypeTableRecord
  2
ByLayer
 70
     0
  3

 72
    65
 73
     0
 40
0.0
  0
LTYPE
  5
16
330
5
100
AcDbSymbolTableRecord
100
AcDbLinetypeTableRecord
  2
Continuous
 70
     0
  3
Solid line
 72
    65
 73
     0
 40
0.0
  0
LTYPE
  5
7C
330
5
100
AcDbSymbolTableRecord
100
AcDbLinetypeTableRecord
  2
Dashed
 70
     0
  3

 72
    65
 73
     2
 40
10.0
 49
5.0
 74
     0
 49
-5.0
 74
     0
  0
LTYPE
  5
7E
330
5
100
AcDbSymbolTableRecord
100
AcDbLinetypeTableRecord
  2
Center
 70
     0
  3

 72
    65
 73
     4
 40
4.0
 49
2.5
 74
     0
 49
-0.5
 74
     0
 49
0.5
 74
     0
 49
-0.5
 74
     0
  0
LTYPE
  5
92
330
5
100
AcDbSymbolTableRecord
100
AcDbLinetypeTableRecord
  2
Hidden
 70
     0
  3

 72
    65
 73
     2
 40
4.0
 49
2.0
 74
     0
 49
-2.0
 74
     0
  0
LTYPE
  5
94
330
5
100
AcDbSymbolTableRecord
100
AcDbLinetypeTableRecord
  2
PHANTOM
 70
     0
  3

 72
    65
 73
     6
 40
12.7
 49
6.35
 74
     0
 49
-1.27
 74
     0
 49
1.27
 74
     0
 49
-1.27
 74
     0
 49
1.27
 74
     0
 49
-1.27
 74
     0
  0
ENDTAB
  0
TABLE
  2
LAYER
  5
2
330
0
100
AcDbSymbolTable
 70
   145
  0
LAYER
  5
10
330
2
100
AcDbSymbolTableRecord
100
AcDbLayerTableRecord
  2
0
 70
     0
 62
    18
420
        0
  6
Continuous
370
    -3
390
F
347
46
  0
LAYER
  5
5F
330
2
100
AcDbSymbolTableRecord
100
AcDbLayerTableRecord
  2
默认
 70
     0
 62
    18
420
        0
  6
Continuous
370
    -3
390
F
347
46
  0
LAYER
  5
60
330
2
100
AcDbSymbolTableRecord
100
AcDbLayerTableRecord
  2
图层01
 70
     0
 62
    12
420
 13107200
  6
Continuous
370
    -3
390
F
347
46
  0
LAYER
  5
61
330
2
100
AcDbSymbolTableRecord
100
AcDbLayerTableRecord
  2
图层02
 70
     0
 62
   192
420
  8201933
  6
Continuous
370
    -3
390
F
347
46
  0
LAYER
  5
62
330
2
100
AcDbSymbolTableRecord
100
AcDbLayerTableRecord
  2
图层03
 70
     0
 62
     5
420
      255
  6
Continuous
370
    -3
390
F
347
46
  0
LAYER
  5
63
330
2
100
AcDbSymbolTableRecord
100
AcDbLayerTableRecord
  2
图层04
 70
     0
 62
    96
420
    32512
  6
Continuous
370
    -3
390
F
347
46
  0
LAYER
  5
64
330
2
100
AcDbSymbolTableRecord
100
AcDbLayerTableRecord
  2
图层05
 70
     0
 62
     7
420
 16777215
  6
Continuous
370
    -3
390
F
347
46
  0
LAYER
  5
65
330
2
100
AcDbSymbolTableRecord
100
AcDbLayerTableRecord
  2
BoltGen
 70
     0
 62
    12
420
 13107200
  6
Continuous
370
    -3
390
F
347
46
  0
LAYER
  5
66
330
2
100
AcDbSymbolTableRecord
100
AcDbLayerTableRecord
  2
BoltGen$2x.4 Std 平头机器 飞利浦螺丝刀 (长度 6)
 70
     0
 62
    12
420
 13107200
  6
Continuous
370
    -3
390
F
347
46
  0
LAYER
  5
67
330
2
100
AcDbSymbolTableRecord
100
AcDbLayerTableRecord
  2
BoltGen$2x.4 Std 平头机器 飞利浦螺丝刀 (长度 6)$_T_2x.4 Std 平头机器 飞利浦螺丝刀 (长度 6)
 70
     0
 62
     9
420
 12500670
  6
Continuous
370
    -3
390
F
347
46
  0
LAYER
  5
68
330
2
100
AcDbSymbolTableRecord
100
AcDbLayerTableRecord
  2
默认值
 70
     0
 62
    18
420
        0
  6
Continuous
370
    -3
390
F
347
46
  0
LAYER
  5
69
330
2
100
AcDbSymbolTableRecord
100
AcDbLayerTableRecord
  2
BoltGen$2x.4 Std 平头机器 梅花扳手 (长度 3)
 70
     0
 62
    12
420
 13107200
  6
Continuous
370
    -3
390
F
347
46
  0
LAYER
  5
6A
330
2
100
AcDbSymbolTableRecord
100
AcDbLayerTableRecord
  2
BoltGen$2x.4 Std 平头机器 梅花扳手 (长度 3)$_T_2x.4 Std 平头机器 梅花扳手 (长度 3)
 70
     0
 62
     9
420
 12500670
  6
Continuous
370
    -3
390
F
347
46
  0
LAYER
  5
6B
330
2
100
AcDbSymbolTableRecord
100
AcDbLayerTableRecord
  2
BoltGen$1.4x.3 Std (长度 4)
 70
     0
 62
    12
420
 13107200
  6
Continuous
370
    -3
390
F
347
46
  0
LAYER
  5
6C
330
2
100
AcDbSymbolTableRecord
100
AcDbLayerTableRecord
  2
BoltGen$1.4x.3 Std (长度 4)$_T_1.4x.3 Std (长度 4)
 70
     0
 62
     9
420
 12500670
  6
Continuous
370
    -3
390
F
347
46
  0
LAYER
  5
6D
330
2
100
AcDbSymbolTableRecord
100
AcDbLayerTableRecord
  2
BoltGen$2x.4 Std 内六角螺钉 艾伦内六角扳手 (长度 4)
 70
     0
 62
    12
420
 13107200
  6
Continuous
370
    -3
390
F
347
46
  0
LAYER
  5
6E
330
2
100
AcDbSymbolTableRecord
100
AcDbLayerTableRecord
  2
BoltGen$2x.4 Std 内六角螺钉 艾伦内六角扳手 (长度 4)$_T_2x.4 Std 内六角螺钉 艾伦内六角扳手 (长度 4)
 70
     0
 62
     9
420
 12500670
  6
Continuous
370
    -3
390
F
347
46
  0
LAYER
  5
6F
330
2
100
AcDbSymbolTableRecord
100
AcDbLayerTableRecord
  2
Mechanical 16
 70
     0
 62
    56
420
  8355584
  6
Continuous
370
    -3
390
F
347
46
  0
LAYER
  5
70
330
2
100
AcDbSymbolTableRecord
100
AcDbLayerTableRecord
  2
Bottom Overlay
 70
     0
 62
    54
420
 10066176
  6
Continuous
370
    -3
390
F
347
46
  0
LAYER
  5
71
330
2
100
AcDbSymbolTableRecord
100
AcDbLayerTableRecord
  2
Multi-Layer
 70
     0
 62
     9
420
 12632256
  6
Continuous
370
    -3
390
F
347
46
  0
LAYER
  5
72
330
2
100
AcDbSymbolTableRecord
100
AcDbLayerTableRecord
  2
Bottom Paste
 70
     0
 62
    16
420
  8323072
  6
Continuous
370
    -3
390
F
347
46
  0
LAYER
  5
73
330
2
100
AcDbSymbolTableRecord
100
AcDbLayerTableRecord
  2
Top Overlay
 70
     0
 62
     2
420
 16776960
  6
Continuous
370
    -3
390
F
347
46
  0
LAYER
  5
74
330
2
100
AcDbSymbolTableRecord
100
AcDbLayerTableRecord
  2
Mechanical 21
 70
     0
 62
    56
420
  8355584
  6
Continuous
370
    -3
390
F
347
46
  0
LAYER
  5
75
330
2
100
AcDbSymbolTableRecord
100
AcDbLayerTableRecord
  2
Top Paste
 70
     0
 62
     8
420
  8421504
  6
Continuous
370
    -3
390
F
347
46
  0
LAYER
  5
76
330
2
100
AcDbSymbolTableRecord
100
AcDbLayerTableRecord
  2
Mechanical1
 70
     0
 62
     6
420
 16711935
  6
Continuous
370
    -3
390
F
347
46
  0
LAYER
  5
77
330
2
100
AcDbSymbolTableRecord
100
AcDbLayerTableRecord
  2
KeepOutLayer
 70
     0
 62
     6
420
 16711935
  6
Continuous
370
    -3
390
F
347
46
  0
LAYER
  5
78
330
2
100
AcDbSymbolTableRecord
100
AcDbLayerTableRecord
  2
BoltGen$2.5x.45 Std 平头机器 梅花扳手 (长度 4)
 70
     0
 62
    12
420
 13107200
  6
Continuous
370
    -3
390
F
347
46
  0
LAYER
  5
79
330
2
100
AcDbSymbolTableRecord
100
AcDbLayerTableRecord
  2
BoltGen$2.5x.45 Std 平头机器 梅花扳手 (长度 4)$_T_2.5x.45 Std 平头机器 梅花扳手 (长度 4)
 70
     0
 62
     9
420
 12500670
  6
Continuous
370
    -3
390
F
347
46
  0
LAYER
  5
7A
330
2
100
AcDbSymbolTableRecord
100
AcDbLayerTableRecord
  2
1
 70
     0
 62
    18
420
        0
  6
Continuous
370
    -3
390
F
347
46
  0
LAYER
  5
7B
330
2
100
AcDbSymbolTableRecord
100
AcDbLayerTableRecord
  2
attrib
 70
     0
 62
    -2
420
 16776960
  6
Continuous
370
    35
390
F
347
46
  0
LAYER
  5
7D
330
2
100
AcDbSymbolTableRecord
100
AcDbLayerTableRecord
  2
hidden
 70
     0
 62
     3
420
    65280
  6
Dashed
370
    25
390
F
347
46
  0
LAYER
  5
7F
330
2
100
AcDbSymbolTableRecord
100
AcDbLayerTableRecord
  2
center
 70
     0
 62
     4
420
    65535
  6
Center
370
    25
390
F
347
46
  0
LAYER
  5
80
330
2
100
AcDbSymbolTableRecord
100
AcDbLayerTableRecord
  2
vis
 70
     0
 62
     1
420
 16711680
  6
Continuous
370
    50
390
F
347
46
  0
LAYER
  5
81
330
2
100
AcDbSymbolTableRecord
100
AcDbLayerTableRecord
  2
AM_4
 70
     0
 62
     3
420
    65280
  6
Continuous
370
    25
390
F
347
46
  0
LAYER
  5
82
330
2
100
AcDbSymbolTableRecord
100
AcDbLayerTableRecord
  2
2d ConnectionPoints
 70
     0
 62
    18
420
        0
  6
Continuous
370
    50
390
F
347
46
  0
LAYER
  5
83
330
2
100
AcDbSymbolTableRecord
100
AcDbLayerTableRecord
  2
图层 1
 70
     0
 62
    18
420
        0
  6
Continuous
370
    -3
390
F
347
46
  0
LAYER
  5
84
330
2
100
AcDbSymbolTableRecord
100
AcDbLayerTableRecord
  2
200
 70
     0
 62
    18
420
        0
  6
Continuous
370
    -3
390
F
347
46
  0
LAYER
  5
85
330
2
100
AcDbSymbolTableRecord
100
AcDbLayerTableRecord
  2
TopLayer
 70
     0
 62
     1
420
 16711680
  6
Continuous
370
    -3
390
F
347
46
  0
LAYER
  5
86
330
2
100
AcDbSymbolTableRecord
100
AcDbLayerTableRecord
  2
BottomLayer
 70
     0
 62
     5
420
      255
  6
Continuous
370
    -3
390
F
347
46
  0
LAYER
  5
87
330
2
100
AcDbSymbolTableRecord
100
AcDbLayerTableRecord
  2
TopSolder
 70
     0
 62
   216
420
  8323199
  6
Continuous
370
    -3
390
F
347
46
  0
LAYER
  5
88
330
2
100
AcDbSymbolTableRecord
100
AcDbLayerTableRecord
  2
BottomSolder
 70
     0
 62
     6
420
 16711935
  6
Continuous
370
    -3
390
F
347
46
  0
LAYER
  5
89
330
2
100
AcDbSymbolTableRecord
100
AcDbLayerTableRecord
  2
MultiLayer
 70
     0
 62
     9
420
 12632256
  6
Continuous
370
    -3
390
F
347
46
  0
LAYER
  5
8A
330
2
100
AcDbSymbolTableRecord
100
AcDbLayerTableRecord
  2
BottomOverlay
 70
     0
 62
    54
420
 10066176
  6
Continuous
370
    -3
390
F
347
46
  0
LAYER
  5
8B
330
2
100
AcDbSymbolTableRecord
100
AcDbLayerTableRecord
  2
TopOverlay
 70
     0
 62
     2
420
 16776960
  6
Continuous
370
    -3
390
F
347
46
  0
LAYER
  5
8C
330
2
100
AcDbSymbolTableRecord
100
AcDbLayerTableRecord
  2
BottomPaste
 70
     0
 62
    16
420
  8323072
  6
Continuous
370
    -3
390
F
347
46
  0
LAYER
  5
8D
330
2
100
AcDbSymbolTableRecord
100
AcDbLayerTableRecord
  2
TopPaste
 70
     0
 62
     8
420
  8421504
  6
Continuous
370
    -3
390
F
347
46
  0
LAYER
  5
8E
330
2
100
AcDbSymbolTableRecord
100
AcDbLayerTableRecord
  2
BoltGen$2.5x.45 Std 内六角螺钉 梅花扳手 (长度 12)
 70
     0
 62
    12
420
 13107200
  6
Continuous
370
    -3
390
F
347
46
  0
LAYER
  5
8F
330
2
100
AcDbSymbolTableRecord
100
AcDbLayerTableRecord
  2
BoltGen$2.5x.45 Std 内六角螺钉 梅花扳手 (长度 12)$_T_2.5x.45 Std 内六角螺钉 梅花扳手 (长度 12)
 70
     0
 62
     9
420
 12500670
  6
Continuous
370
    -3
390
F
347
46
  0
LAYER
  5
90
330
2
100
AcDbSymbolTableRecord
100
AcDbLayerTableRecord
  2
3_ALL_SYMBOLS
 70
     0
 62
    18
420
        0
  6
Continuous
370
    -3
390
F
347
46
  0
LAYER
  5
91
330
2
100
AcDbSymbolTableRecord
100
AcDbLayerTableRecord
  2
DEFAULT_1
 70
     0
 62
    18
420
        0
  6
Center
370
    -3
390
F
347
46
  0
LAYER
  5
93
330
2
100
AcDbSymbolTableRecord
100
AcDbLayerTableRecord
  2
DEFAULT_2
 70
     0
 62
     8
420
  8421504
  6
Hidden
370
    -3
390
F
347
46
  0
LAYER
  5
95
330
2
100
AcDbSymbolTableRecord
100
AcDbLayerTableRecord
  2
DEFAULT_3
 70
     0
 62
    18
420
        0
  6
PHANTOM
370
    -3
390
F
347
46
  0
LAYER
  5
96
330
2
100
AcDbSymbolTableRecord
100
AcDbLayerTableRecord
  2
新定位板线框
 70
     0
 62
     1
420
 16711680
  6
Continuous
370
    -3
390
F
347
46
  0
LAYER
  5
97
330
2
100
AcDbSymbolTableRecord
100
AcDbLayerTableRecord
  2
Defpoints
 70
     0
 62
    18
420
        0
  6
Continuous
290
     0
370
    -3
390
F
347
46
  0
LAYER
  5
98
330
2
100
AcDbSymbolTableRecord
100
AcDbLayerTableRecord
  2
Layer1
 70
     0
 62
     4
420
    65535
  6
Continuous
370
    -3
390
F
347
46
  0
LAYER
  5
99
330
2
100
AcDbSymbolTableRecord
100
AcDbLayerTableRecord
  2
BoltGen$2x.4 Std 内六角螺钉 艾伦内六角扳手 (长度 6)
 70
     0
 62
    12
420
 13107200
  6
Continuous
370
    -3
390
F
347
46
  0
LAYER
  5
9A
330
2
100
AcDbSymbolTableRecord
100
AcDbLayerTableRecord
  2
BoltGen$2x.4 Std 内六角螺钉 艾伦内六角扳手 (长度 6)$_T_2x.4 Std 内六角螺钉 艾伦内六角扳手 (长度 6)
 70
     0
 62
     9
420
 12500670
  6
Continuous
370
    -3
390
F
347
46
  0
LAYER
  5
9B
330
2
100
AcDbSymbolTableRecord
100
AcDbLayerTableRecord
  2
BoltGen$2x.4 Std 平头机器 梅花扳手 (长度 5)
 70
     0
 62
    12
420
 13107200
  6
Continuous
370
    -3
390
F
347
46
  0
LAYER
  5
9C
330
2
100
AcDbSymbolTableRecord
100
AcDbLayerTableRecord
  2
BoltGen$2x.4 Std 平头机器 梅花扳手 (长度 5)$_T_2x.4 Std 平头机器 梅花扳手 (长度 5)
 70
     0
 62
     9
420
 12500670
  6
Continuous
370
    -3
390
F
347
46
  0
LAYER
  5
9D
330
2
100
AcDbSymbolTableRecord
100
AcDbLayerTableRecord
  2
BoltGen$3x.5 Std 内六角螺钉 艾伦内六角扳手 (长度 6)
 70
     0
 62
    12
420
 13107200
  6
Continuous
370
    -3
390
F
347
46
  0
LAYER
  5
9E
330
2
100
AcDbSymbolTableRecord
100
AcDbLayerTableRecord
  2
BoltGen$3x.5 Std 内六角螺钉 艾伦内六角扳手 (长度 6)$_T_3x.5 Std 内六角螺钉 艾伦内六角扳手 (长度 6)
 70
     0
 62
     9
420
 12500670
  6
Continuous
370
    -3
390
F
347
46
  0
LAYER
  5
9F
330
2
100
AcDbSymbolTableRecord
100
AcDbLayerTableRecord
  2
BoltGen$3x.5 Std 平头机器 梅花扳手 (长度 6)
 70
     0
 62
    12
420
 13107200
  6
Continuous
370
    -3
390
F
347
46
  0
LAYER
  5
A0
330
2
100
AcDbSymbolTableRecord
100
AcDbLayerTableRecord
  2
BoltGen$3x.5 Std 平头机器 梅花扳手 (长度 6)$_T_3x.5 Std 平头机器 梅花扳手 (长度 6)
 70
     0
 62
     9
420
 12500670
  6
Continuous
370
    -3
390
F
347
46
  0
LAYER
  5
A1
330
2
100
AcDbSymbolTableRecord
100
AcDbLayerTableRecord
  2
BoltGen$2.5x.45 Std 内六角螺钉 艾伦内六角扳手 (长度 6)
 70
     0
 62
    12
420
 13107200
  6
Continuous
370
    -3
390
F
347
46
  0
LAYER
  5
A2
330
2
100
AcDbSymbolTableRecord
100
AcDbLayerTableRecord
  2
BoltGen$2.5x.45 Std 内六角螺钉 艾伦内六角扳手 (长度 6)$_T_2.5x.45 Std 内六角螺钉 艾伦内六角扳手 (长度 6)
 70
     0
 62
     9
420
 12500670
  6
Continuous
370
    -3
390
F
347
46
  0
LAYER
  5
A3
330
2
100
AcDbSymbolTableRecord
100
AcDbLayerTableRecord
  2
BoltGen$2.5x.45 Std 内六角螺钉 艾伦内六角扳手 (长度 8)
 70
     0
 62
    12
420
 13107200
  6
Continuous
370
    -3
390
F
347
46
  0
LAYER
  5
A4
330
2
100
AcDbSymbolTableRecord
100
AcDbLayerTableRecord
  2
BoltGen$2.5x.45 Std 内六角螺钉 艾伦内六角扳手 (长度 8)$_T_2.5x.45 Std 内六角螺钉 艾伦内六角扳手 (长度 8)
 70
     0
 62
     9
420
 12500670
  6
Continuous
370
    -3
390
F
347
46
  0
LAYER
  5
A5
330
2
100
AcDbSymbolTableRecord
100
AcDbLayerTableRecord
  2
Mechanical15
 70
     0
 62
    56
420
  8355584
  6
Continuous
370
    -3
390
F
347
46
  0
LAYER
  5
A6
330
2
100
AcDbSymbolTableRecord
100
AcDbLayerTableRecord
  2
Mechanical13
 70
     0
 62
    56
420
  8355584
  6
Continuous
370
    -3
390
F
347
46
  0
LAYER
  5
A7
330
2
100
AcDbSymbolTableRecord
100
AcDbLayerTableRecord
  2
图层 01
 70
     0
 62
    18
420
        0
  6
Continuous
370
    -3
390
F
347
46
  0
LAYER
  5
A8
330
2
100
AcDbSymbolTableRecord
100
AcDbLayerTableRecord
  2
BottomSilkLayer
 70
     0
 62
    18
420
        0
  6
Continuous
370
    -3
390
F
347
46
  0
LAYER
  5
A9
330
2
100
AcDbSymbolTableRecord
100
AcDbLayerTableRecord
  2
TopSolderMaskLayer
 70
     0
 62
   216
420
  8388736
  6
Continuous
370
    -3
390
F
347
46
  0
LAYER
  5
AA
330
2
100
AcDbSymbolTableRecord
100
AcDbLayerTableRecord
  2
TopSilkLayer
 70
     0
 62
    40
420
 16763904
  6
Continuous
370
    -3
390
F
347
46
  0
LAYER
  5
AB
330
2
100
AcDbSymbolTableRecord
100
AcDbLayerTableRecord
  2
Document
 70
     0
 62
     7
420
 16777215
  6
Continuous
370
    -3
390
F
347
46
  0
LAYER
  5
AC
330
2
100
AcDbSymbolTableRecord
100
AcDbLayerTableRecord
  2
BottomSolderMaskLayer
 70
     0
 62
   200
420
 11141375
  6
Continuous
370
    -3
390
F
347
46
  0
LAYER
  5
AD
330
2
100
AcDbSymbolTableRecord
100
AcDbLayerTableRecord
  2
BoardOutline
 70
     0
 62
     6
420
 16711935
  6
Continuous
370
    -3
390
F
347
46
  0
LAYER
  5
AE
330
2
100
AcDbSymbolTableRecord
100
AcDbLayerTableRecord
  2
粗实线层
 70
     0
 62
    18
420
        0
  6
Continuous
370
    35
390
F
347
46
  0
LAYER
  5
AF
330
2
100
AcDbSymbolTableRecord
100
AcDbLayerTableRecord
  2
尺寸线层
 70
     0
 62
     3
420
    65280
  6
Continuous
370
    18
390
F
347
46
  0
LAYER
  5
B0
330
2
100
AcDbSymbolTableRecord
100
AcDbLayerTableRecord
  2
PUB_DIM尺寸
 70
     0
 62
     3
420
    65280
  6
Continuous
370
    20
390
F
347
46
  0
LAYER
  5
B1
330
2
100
AcDbSymbolTableRecord
100
AcDbLayerTableRecord
  2
TopPasteMaskLayer
 70
     0
 62
     8
420
  8421504
  6
Continuous
370
    -3
390
F
347
46
  0
LAYER
  5
B2
330
2
100
AcDbSymbolTableRecord
100
AcDbLayerTableRecord
  2
Hole
 70
     0
 62
   250
420
  2236962
  6
Continuous
370
    -3
390
F
347
46
  0
LAYER
  5
B3
330
2
100
AcDbSymbolTableRecord
100
AcDbLayerTableRecord
  2
Ä¬ÈÏÖµ
 70
     0
 62
    18
420
        0
  6
Continuous
370
    -3
390
F
347
46
  0
LAYER
  5
B4
330
2
100
AcDbSymbolTableRecord
100
AcDbLayerTableRecord
  2
PCB-RCB_PBL1
 70
     0
 62
    18
420
        0
  6
Continuous
370
    -3
390
F
347
46
  0
LAYER
  5
B5
330
2
100
AcDbSymbolTableRecord
100
AcDbLayerTableRecord
  2
SUIT-00-06_PBL7
 70
     0
 62
    18
420
        0
  6
Continuous
370
    -3
390
F
347
46
  0
LAYER
  5
B6
330
2
100
AcDbSymbolTableRecord
100
AcDbLayerTableRecord
  2
图层1
 70
     0
 62
     3
420
    65280
  6
Continuous
370
    -3
390
F
347
46
  0
LAYER
  5
B7
330
2
100
AcDbSymbolTableRecord
100
AcDbLayerTableRecord
  2
Make2D$可见线$普通线
 70
     0
 62
    18
420
        0
  6
Continuous
370
    -3
390
F
347
46
  0
LAYER
  5
B8
330
2
100
AcDbSymbolTableRecord
100
AcDbLayerTableRecord
  2
CYBER-PLATE-AL-R_CONTINUOUSLINE
 70
     0
 62
    18
420
        0
  6
Continuous
370
    -3
390
F
347
46
  0
LAYER
  5
B9
330
2
100
AcDbSymbolTableRecord
100
AcDbLayerTableRecord
  2
图层2
 70
     0
 62
    -3
420
    65280
  6
Continuous
370
    -3
390
F
347
46
  0
LAYER
  5
BA
330
2
100
AcDbSymbolTableRecord
100
AcDbLayerTableRecord
  2
SUIT-00-15_PBL1
 70
     0
 62
    18
420
        0
  6
Continuous
370
    -3
390
F
347
46
  0
LAYER
  5
BB
330
2
100
AcDbSymbolTableRecord
100
AcDbLayerTableRecord
  2
layer 1
 70
     0
 62
    18
420
        0
  6
Continuous
370
    -3
390
F
347
46
  0
LAYER
  5
BC
330
2
100
AcDbSymbolTableRecord
100
AcDbLayerTableRecord
  2
细实线层
 70
     0
 62
    18
420
        0
  6
Continuous
370
    18
390
F
347
46
  0
LAYER
  5
BD
330
2
100
AcDbSymbolTableRecord
100
AcDbLayerTableRecord
  2
PadHoleLayer
 70
     0
 62
   156
420
    16255
  6
Continuous
370
    -3
390
F
347
46
  0
LAYER
  5
BE
330
2
100
AcDbSymbolTableRecord
100
AcDbLayerTableRecord
  2
Make2D$可见线$曲线
 70
     0
 62
    18
420
        0
  6
Continuous
370
    -3
390
F
347
46
  0
LAYER
  5
BF
330
2
100
AcDbSymbolTableRecord
100
AcDbLayerTableRecord
  2
6
 70
     0
 62
    18
420
        0
  6
Continuous
370
    -3
390
F
347
46
  0
LAYER
  5
C0
330
2
100
AcDbSymbolTableRecord
100
AcDbLayerTableRecord
  2
7
 70
     0
 62
    18
420
        0
  6
Continuous
370
    -3
390
F
347
46
  0
LAYER
  5
C1
330
2
100
AcDbSymbolTableRecord
100
AcDbLayerTableRecord
  2
4
 70
     0
 62
    18
420
        0
  6
Continuous
370
    -3
390
F
347
46
  0
LAYER
  5
C2
330
2
100
AcDbSymbolTableRecord
100
AcDbLayerTableRecord
  2
3
 70
     0
 62
    18
420
        0
  6
Continuous
370
    -3
390
F
347
46
  0
LAYER
  5
C3
330
2
100
AcDbSymbolTableRecord
100
AcDbLayerTableRecord
  2
2
 70
     0
 62
    18
420
        0
  6
Continuous
370
    -3
390
F
347
46
  0
LAYER
  5
C4
330
2
100
AcDbSymbolTableRecord
100
AcDbLayerTableRecord
  2
ViaHoleLayer
 70
     0
 62
    16
420
  8323072
  6
Continuous
370
    -3
390
F
347
46
  0
LAYER
  5
C5
330
2
100
AcDbSymbolTableRecord
100
AcDbLayerTableRecord
  2
BoltGen$2x.4 Std 平头机器 飞利浦螺丝刀 (长度 5)
 70
     0
 62
    12
420
 13107200
  6
Continuous
370
    -3
390
F
347
46
  0
LAYER
  5
C6
330
2
100
AcDbSymbolTableRecord
100
AcDbLayerTableRecord
  2
BoltGen$2x.4 Std 平头机器 飞利浦螺丝刀 (长度 5)$_T_2x.4 Std 平头机器 飞利浦螺丝刀 (长度 5)
 70
     0
 62
     9
420
 12500670
  6
Continuous
370
    -3
390
F
347
46
  0
LAYER
  5
C7
330
2
100
AcDbSymbolTableRecord
100
AcDbLayerTableRecord
  2
BoltGen$2x.4 Std 平头机器 梅花扳手 (长度 6)
 70
     0
 62
    12
420
 13107200
  6
Continuous
370
    -3
390
F
347
46
  0
LAYER
  5
C8
330
2
100
AcDbSymbolTableRecord
100
AcDbLayerTableRecord
  2
BoltGen$2x.4 Std 平头机器 梅花扳手 (长度 6)$_T_2x.4 Std 平头机器 梅花扳手 (长度 6)
 70
     0
 62
     9
420
 12500670
  6
Continuous
370
    -3
390
F
347
46
  0
LAYER
  5
C9
330
2
100
AcDbSymbolTableRecord
100
AcDbLayerTableRecord
  2
BoltGen$2.5x.45 Std 平头机器 梅花扳手 (长度 6)
 70
     0
 62
    12
420
 13107200
  6
Continuous
370
    -3
390
F
347
46
  0
LAYER
  5
CA
330
2
100
AcDbSymbolTableRecord
100
AcDbLayerTableRecord
  2
BoltGen$2.5x.45 Std 平头机器 梅花扳手 (长度 6)$_T_2.5x.45 Std 平头机器 梅花扳手 (长度 6)
 70
     0
 62
     9
420
 12500670
  6
Continuous
370
    -3
390
F
347
46
  0
LAYER
  5
CB
330
2
100
AcDbSymbolTableRecord
100
AcDbLayerTableRecord
  2
BoltGen$2.5x.45 Std 内六角螺钉 艾伦内六角扳手 (长度 4)
 70
     0
 62
    12
420
 13107200
  6
Continuous
370
    -3
390
F
347
46
  0
LAYER
  5
CC
330
2
100
AcDbSymbolTableRecord
100
AcDbLayerTableRecord
  2
BoltGen$2.5x.45 Std 内六角螺钉 艾伦内六角扳手 (长度 4)$_T_2.5x.45 Std 内六角螺钉 艾伦内六角扳手 (长度 4)
 70
     0
 62
     9
420
 12500670
  6
Continuous
370
    -3
390
F
347
46
  0
LAYER
  5
CD
330
2
100
AcDbSymbolTableRecord
100
AcDbLayerTableRecord
  2
BoltGen$2.5x.45 Std 内六角螺钉 艾伦内六角扳手 (长度 20)
 70
     0
 62
    12
420
 13107200
  6
Continuous
370
    -3
390
F
347
46
  0
LAYER
  5
CE
330
2
100
AcDbSymbolTableRecord
100
AcDbLayerTableRecord
  2
BoltGen$2.5x.45 Std 内六角螺钉 艾伦内六角扳手 (长度 20)$_T_2.5x.45 Std 内六角螺钉 艾伦内六角扳手 (长度 20)
 70
     0
 62
     9
420
 12500670
  6
Continuous
370
    -3
390
F
347
46
  0
LAYER
  5
CF
330
2
100
AcDbSymbolTableRecord
100
AcDbLayerTableRecord
  2
BoltGen$7f12c6f6-c529-49ed-8c0c-7b4ad7df6cd6
 70
     0
 62
    18
420
        0
  6
Continuous
370
    -3
390
F
347
46
  0
LAYER
  5
D0
330
2
100
AcDbSymbolTableRecord
100
AcDbLayerTableRecord
  2
BoltGen$7f12c6f6-c529-49ed-8c0c-7b4ad7df6cd6$2x.4 Std 平头机器 梅花扳手 (长度 3)
 70
     0
 62
    12
420
 13107200
  6
Continuous
370
    -3
390
F
347
46
  0
LAYER
  5
D1
330
2
100
AcDbSymbolTableRecord
100
AcDbLayerTableRecord
  2
BoltGen$7f12c6f6-c529-49ed-8c0c-7b4ad7df6cd6$2x.4 Std 平头机器 梅花扳手 (长度 5)
 70
     0
 62
    12
420
 13107200
  6
Continuous
370
    -3
390
F
347
46
  0
LAYER
  5
D2
330
2
100
AcDbSymbolTableRecord
100
AcDbLayerTableRecord
  2
BoltGen$7f12c6f6-c529-49ed-8c0c-7b4ad7df6cd6$2.5x.45 Std 内六角螺钉 艾伦内六角扳手 (长度 18)
 70
     0
 62
    12
420
 13107200
  6
Continuous
370
    -3
390
F
347
46
  0
LAYER
  5
D3
330
2
100
AcDbSymbolTableRecord
100
AcDbLayerTableRecord
  2
BoltGen$7f12c6f6-c529-49ed-8c0c-7b4ad7df6cd6$2x.4 Std 平头机器 梅花扳手 (长度 3)$_T_2x.4 Std 平头机器 梅花扳手 (长度 3)
 70
     0
 62
     9
420
 12500670
  6
Continuous
370
    -3
390
F
347
46
  0
LAYER
  5
D4
330
2
100
AcDbSymbolTableRecord
100
AcDbLayerTableRecord
  2
BoltGen$7f12c6f6-c529-49ed-8c0c-7b4ad7df6cd6$2x.4 Std 平头机器 梅花扳手 (长度 5)$_T_2x.4 Std 平头机器 梅花扳手 (长度 5)
 70
     0
 62
     9
420
 12500670
  6
Continuous
370
    -3
390
F
347
46
  0
LAYER
  5
D5
330
2
100
AcDbSymbolTableRecord
100
AcDbLayerTableRecord
  2
BoltGen$7f12c6f6-c529-49ed-8c0c-7b4ad7df6cd6$2.5x.45 Std 内六角螺钉 艾伦内六角扳手 (长度 18)$_T_2.5x.45 Std 内六角螺钉 艾伦内六角扳手 (长度 18)
 70
     0
 62
     9
420
 12500670
  6
Continuous
370
    -3
390
F
347
46
  0
LAYER
  5
D6
330
2
100
AcDbSymbolTableRecord
100
AcDbLayerTableRecord
  2
User Library-ws2812B-1
 70
     0
 62
     7
420
 16777215
  6
Continuous
370
    -3
390
F
347
46
  0
LAYER
  5
D7
330
2
100
AcDbSymbolTableRecord
100
AcDbLayerTableRecord
  2
Make2D
 70
     0
 62
    18
420
        0
  6
Continuous
370
    -3
390
F
347
46
  0
LAYER
  5
D8
330
2
100
AcDbSymbolTableRecord
100
AcDbLayerTableRecord
  2
Make2D$隐藏线
 70
     0
 62
   252
420
  9211020
  6
Hidden
370
    -3
390
F
347
46
  0
LAYER
  5
D9
330
2
100
AcDbSymbolTableRecord
100
AcDbLayerTableRecord
  2
Make2D$隐藏线$曲线
 70
     0
 62
   252
420
  9211020
  6
Hidden
370
    -3
390
F
347
46
  0
LAYER
  5
DA
330
2
100
AcDbSymbolTableRecord
100
AcDbLayerTableRecord
  2
Make2D$可见线
 70
     0
 62
    18
420
        0
  6
Continuous
370
    -3
390
F
347
46
  0
LAYER
  5
DB
330
2
100
AcDbSymbolTableRecord
100
AcDbLayerTableRecord
  2
Mechanical6
 70
     0
 62
    56
420
  8355584
  6
Continuous
370
    -3
390
F
347
46
  0
LAYER
  5
DC
330
2
100
AcDbSymbolTableRecord
100
AcDbLayerTableRecord
  2
Make2D$可见线$场景轮廓线
 70
     0
 62
    18
420
        0
  6
Continuous
370
    50
390
F
347
46
  0
LAYER
  5
DD
330
2
100
AcDbSymbolTableRecord
100
AcDbLayerTableRecord
  2
Bottom Layer
 70
     0
 62
   163
420
  5078980
  6
Continuous
370
    -3
390
F
347
46
  0
LAYER
  5
DE
330
2
100
AcDbSymbolTableRecord
100
AcDbLayerTableRecord
  2
Top Layer
 70
     0
 62
    22
420
 13120564
  6
Continuous
370
    -3
390
F
347
46
  0
LAYER
  5
DF
330
2
100
AcDbSymbolTableRecord
100
AcDbLayerTableRecord
  2
Board Outline Layer
 70
     0
 62
     6
420
 16711935
  6
Continuous
370
    -3
390
F
347
46
  0
LAYER
  5
E0
330
2
100
AcDbSymbolTableRecord
100
AcDbLayerTableRecord
  2
Make2D$可见线$截平面交线
 70
     0
 62
    18
420
        0
  6
Continuous
370
    50
390
F
347
46
  0
LAYER
  5
E1
330
2
100
AcDbSymbolTableRecord
100
AcDbLayerTableRecord
  2
Make2D$隐藏线$截平面交线
 70
     0
 62
   252
420
  9211020
  6
Hidden
370
    50
390
F
347
46
  0
LAYER
  5
E2
330
2
100
AcDbSymbolTableRecord
100
AcDbLayerTableRecord
  2
预设值
 70
     0
 62
    18
420
        0
  6
Continuous
370
    -3
390
F
347
46
  0
LAYER
  5
E3
330
2
100
AcDbSymbolTableRecord
100
AcDbLayerTableRecord
  2
Mechanical 1
 70
     0
 62
     6
420
 16711935
  6
Continuous
370
    -3
390
F
347
46
  0
LAYER
  5
E4
330
2
100
AcDbSymbolTableRecord
100
AcDbLayerTableRecord
  2
Mechanical 2
 70
     0
 62
   216
420
  8323199
  6
Continuous
370
    -3
390
F
347
46
  0
LAYER
  5
E5
330
2
100
AcDbSymbolTableRecord
100
AcDbLayerTableRecord
  2
Bottom Solder
 70
     0
 62
     6
420
 16711935
  6
Continuous
370
    -3
390
F
347
46
  0
LAYER
  5
E6
330
2
100
AcDbSymbolTableRecord
100
AcDbLayerTableRecord
  2
Top Solder
 70
     0
 62
   216
420
  8323199
  6
Continuous
370
    -3
390
F
347
46
  0
LAYER
  5
E7
330
2
100
AcDbSymbolTableRecord
100
AcDbLayerTableRecord
  2
Via Holes
 70
     0
 62
    16
420
  8323072
  6
Continuous
370
    -3
390
F
347
46
  0
LAYER
  5
E8
330
2
100
AcDbSymbolTableRecord
100
AcDbLayerTableRecord
  2
Pad Holes
 70
     0
 62
   156
420
    16255
  6
Continuous
370
    -3
390
F
347
46
  0
LAYER
  5
E9
330
2
100
AcDbSymbolTableRecord
100
AcDbLayerTableRecord
  2
Keep-Out Layer
 70
     0
 62
     6
420
 16711935
  6
Continuous
370
    -3
390
F
347
46
  0
LAYER
  5
EA
330
2
100
AcDbSymbolTableRecord
100
AcDbLayerTableRecord
  2
Mechanical 15
 70
     0
 62
    56
420
  8355584
  6
Continuous
370
    -3
390
F
347
46
  0
LAYER
  5
EB
330
2
100
AcDbSymbolTableRecord
100
AcDbLayerTableRecord
  2
Mechanical 6
 70
     0
 62
    56
420
  8355584
  6
Continuous
370
    -3
390
F
347
46
  0
LAYER
  5
EC
330
2
100
AcDbSymbolTableRecord
100
AcDbLayerTableRecord
  2
BoltGen$1.6x.35 Std 平头 飞利浦螺丝刀 (长度 4)
 70
     0
 62
    12
420
 13107200
  6
Continuous
370
    -3
390
F
347
46
  0
LAYER
  5
ED
330
2
100
AcDbSymbolTableRecord
100
AcDbLayerTableRecord
  2
BoltGen$1.6x.35 Std 平头 飞利浦螺丝刀 (长度 4)$_T_1.6x.35 Std 平头 飞利浦螺丝刀 (长度 4)
 70
     0
 62
     9
420
 12500670
  6
Continuous
370
    -3
390
F
347
46
  0
LAYER
  5
EE
330
2
100
AcDbSymbolTableRecord
100
AcDbLayerTableRecord
  2
BoltGen$1.6x.35 Std 平头机器 飞利浦螺丝刀 (长度 3)
 70
     0
 62
    12
420
 13107200
  6
Continuous
370
    -3
390
F
347
46
  0
LAYER
  5
EF
330
2
100
AcDbSymbolTableRecord
100
AcDbLayerTableRecord
  2
BoltGen$1.6x.35 Std 平头机器 飞利浦螺丝刀 (长度 3)$_T_1.6x.35 Std 平头机器 飞利浦螺丝刀 (长度 3)
 70
     0
 62
     9
420
 12500670
  6
Continuous
370
    -3
390
F
347
46
  0
LAYER
  5
F0
330
2
100
AcDbSymbolTableRecord
100
AcDbLayerTableRecord
  2
BoltGen$1.6x.35 Std 平头机器 飞利浦螺丝刀 (长度 4)
 70
     0
 62
    12
420
 13107200
  6
Continuous
370
    -3
390
F
347
46
  0
LAYER
  5
F1
330
2
100
AcDbSymbolTableRecord
100
AcDbLayerTableRecord
  2
BoltGen$1.6x.35 Std 平头机器 飞利浦螺丝刀 (长度 4)$_T_1.6x.35 Std 平头机器 飞利浦螺丝刀 (长度 4)
 70
     0
 62
     9
420
 12500670
  6
Continuous
370
    -3
390
F
347
46
  0
LAYER
  5
F2
330
2
100
AcDbSymbolTableRecord
100
AcDbLayerTableRecord
  2
灯板棉
 70
     0
 62
     7
420
 16764159
  6
Continuous
370
    -3
390
F
347
46
  0
ENDTAB
  0
TABLE
  2
STYLE
  5
3
330
0
100
AcDbSymbolTable
 70
     1
  0
STYLE
  5
11
330
3
100
AcDbSymbolTableRecord
100
AcDbTextStyleTableRecord
  2
Standard
 70
     0
 40
0.0
 41
1.0
 50
0.0
 71
     0
 42
0.2
  3
txt
  4

  0
ENDTAB
  0
TABLE
  2
VIEW
  5
6
330
0
100
AcDbSymbolTable
 70
     0
  0
ENDTAB
  0
TABLE
  2
UCS
  5
7
330
0
100
AcDbSymbolTable
 70
     0
  0
ENDTAB
  0
TABLE
  2
APPID
  5
9
330
0
100
AcDbSymbolTable
 70
     3
  0
APPID
  5
12
330
9
100
AcDbSymbolTableRecord
100
AcDbRegAppTableRecord
  2
ACAD
 70
     0
  0
APPID
  5
5E
330
9
100
AcDbSymbolTableRecord
100
AcDbRegAppTableRecord
  2
Rhino
 70
     0
  0
APPID
  5
77F
330
9
100
AcDbSymbolTableRecord
100
AcDbRegAppTableRecord
  2
ACAD_MLEADERVER
 70
     0
  0
ENDTAB
  0
TABLE
  2
DIMSTYLE
  5
A
330
0
100
AcDbSymbolTable
 70
     1
100
AcDbDimStyleTable
  0
DIMSTYLE
105
27
330
A
100
AcDbSymbolTableRecord
100
AcDbDimStyleTableRecord
  2
STANDARD_ACAD
 70
     0
178
     0
340
11
  0
ENDTAB
  0
TABLE
  2
BLOCK_RECORD
  5
1
330
0
100
AcDbSymbolTable
 70
     1
  0
BLOCK_RECORD
  5
1F
330
1
100
AcDbSymbolTableRecord
100
AcDbBlockTableRecord
  2
*Model_Space
340
22
 70
     0
280
     1
281
     0
  0
BLOCK_RECORD
  5
1B
330
1
100
AcDbSymbolTableRecord
100
AcDbBlockTableRecord
  2
*Paper_Space
340
1E
 70
     0
280
     1
281
     0
  0
BLOCK_RECORD
  5
23
330
1
100
AcDbSymbolTableRecord
100
AcDbBlockTableRecord
  2
*Paper_Space0
340
26
 70
     0
280
     1
281
     0
  0
ENDTAB
  0
ENDSEC
  0
SECTION
  2
BLOCKS
  0
BLOCK
  5
20
330
1F
100
AcDbEntity
  8
0
100
AcDbBlockBegin
  2
*Model_Space
 70
     0
 10
0.0
 20
0.0
 30
0.0
  3
*Model_Space
  1

  0
ENDBLK
  5
21
330
1F
100
AcDbEntity
  8
0
100
AcDbBlockEnd
  0
BLOCK
  5
1C
330
1B
100
AcDbEntity
 67
     1
  8
0
100
AcDbBlockBegin
  2
*Paper_Space
 70
     0
 10
0.0
 20
0.0
 30
0.0
  3
*Paper_Space
  1

  0
ENDBLK
  5
1D
330
1B
100
AcDbEntity
 67
     1
  8
0
100
AcDbBlockEnd
  0
BLOCK
  5
24
330
23
100
AcDbEntity
  8
0
100
AcDbBlockBegin
  2
*Paper_Space0
 70
     0
 10
0.0
 20
0.0
 30
0.0
  3
*Paper_Space0
  1

  0
ENDBLK
  5
25
330
23
100
AcDbEntity
  8
0
100
AcDbBlockEnd
  0
ENDSEC
  0
SECTION
  2
ENTITIES
  0
ARC
  5
F3
102
{ACAD_REACTORS
330
749
102
}
330
1F
100
AcDbEntity
  8
0
 62
    96
420
    32512
100
AcDbCircle
 10
-148.9876809763136
 20
2.687203466805848
 30
-1.499999988389792
 40
0.5
210
0.0
220
0.0
230
-1.0
100
AcDbArc
 50
180.0
 51
270.0
  0
LINE
  5
F4
102
{ACAD_REACTORS
330
749
102
}
330
1F
100
AcDbEntity
  8
0
 62
    96
420
    32512
100
AcDbLine
 10
148.9876809763136
 20
2.187203466805848
 30
1.499999988389792
 11
135.9876809763136
 21
2.187203466805848
 31
1.499999988389792
  0
ARC
  5
F5
102
{ACAD_REACTORS
330
749
102
}
330
1F
100
AcDbEntity
  8
0
 62
    96
420
    32512
100
AcDbCircle
 10
-135.9876809763136
 20
2.687203466805848
 30
-1.499999988389792
 40
0.5
210
0.0
220
0.0
230
-1.0
100
AcDbArc
 50
270.0
 51
0.0
  0
LINE
  5
F6
102
{ACAD_REACTORS
330
749
102
}
330
1F
100
AcDbEntity
  8
0
 62
    96
420
    32512
100
AcDbLine
 10
135.4876809763136
 20
2.687203466805848
 30
1.499999988389792
 11
135.4876809763136
 21
15.68720346680585
 31
1.499999988389792
  0
ARC
  5
F7
102
{ACAD_REACTORS
330
749
102
}
330
1F
100
AcDbEntity
  8
0
 62
    96
420
    32512
100
AcDbCircle
 10
-135.9876809763136
 20
15.68720346680585
 30
-1.499999988389792
 40
0.5
210
0.0
220
0.0
230
-1.0
100
AcDbArc
 50
0.0
 51
90.0
  0
POLYLINE
  5
F8
102
{ACAD_REACTORS
330
749
102
}
330
1F
100
AcDbEntity
  8
0
 62
    96
420
    32512
100
AcDb2dPolyline
 66
     1
 10
0.0
 20
0.0
 30
1.499999988389792
  0
VERTEX
  5
F9
330
F8
100
AcDbEntity
  8
0
 62
    96
420
    32512
100
AcDbVertex
100
AcDb2dVertex
 10
135.9876809763136
 20
16.18720346680585
 30
1.499999988389792
  0
VERTEX
  5
FA
330
F8
100
AcDbEntity
  8
0
 62
    96
420
    32512
100
AcDbVertex
100
AcDb2dVertex
 10
148.4809309763141
 20
16.18720346680585
 30
1.499999988389792
  0
VERTEX
  5
FB
330
F8
100
AcDbEntity
  8
0
 62
    96
420
    32512
100
AcDbVertex
100
AcDb2dVertex
 10
148.4809309763141
 20
17.68720346680585
 30
1.499999988389792
  0
SEQEND
  5
FC
330
F8
100
AcDbEntity
  8
0
 62
    96
420
    32512
  0
ARC
  5
FD
102
{ACAD_REACTORS
330
749
102
}
330
1F
100
AcDbEntity
  8
0
 62
    96
420
    32512
100
AcDbCircle
 10
-148.9809309763141
 20
17.68720346680585
 30
-1.499999988389792
 40
0.5
210
0.0
220
0.0
230
-1.0
100
AcDbArc
 50
0.0
 51
90.0
  0
LINE
  5
FE
102
{ACAD_REACTORS
330
749
102
}
330
1F
100
AcDbEntity
  8
0
 62
    96
420
    32512
100
AcDbLine
 10
148.9809309763141
 20
18.18720346680585
 30
1.499999988389792
 11
154.9809309763141
 21
18.18720346680585
 31
1.499999988389792
  0
ARC
  5
FF
102
{ACAD_REACTORS
330
749
102
}
330
1F
100
AcDbEntity
  8
0
 62
    96
420
    32512
100
AcDbCircle
 10
-154.9809309763141
 20
17.68720346680585
 30
-1.499999988389792
 40
0.5
210
0.0
220
0.0
230
-1.0
100
AcDbArc
 50
90.0
 51
180.0
  0
LINE
  5
100
102
{ACAD_REACTORS
330
749
102
}
330
1F
100
AcDbEntity
  8
0
 62
    96
420
    32512
100
AcDbLine
 10
155.4809309763141
 20
17.68720346680585
 30
1.499999988389792
 11
155.4809309763141
 21
3.687203466805848
 31
1.499999988389792
  0
ARC
  5
101
102
{ACAD_REACTORS
330
749
102
}
330
1F
100
AcDbEntity
  8
0
 62
    96
420
    32512
100
AcDbCircle
 10
-154.9809309763141
 20
3.687203466805848
 30
-1.499999988389792
 40
0.5
210
0.0
220
0.0
230
-1.0
100
AcDbArc
 50
180.0
 51
270.0
  0
POLYLINE
  5
102
102
{ACAD_REACTORS
330
749
102
}
330
1F
100
AcDbEntity
  8
0
 62
    96
420
    32512
100
AcDb2dPolyline
 66
     1
 10
0.0
 20
0.0
 30
1.499999988389792
  0
VERTEX
  5
103
330
102
100
AcDbEntity
  8
0
 62
    96
420
    32512
100
AcDbVertex
100
AcDb2dVertex
 10
154.9809309763141
 20
3.187203466805848
 30
1.499999988389792
  0
VERTEX
  5
104
330
102
100
AcDbEntity
  8
0
 62
    96
420
    32512
100
AcDbVertex
100
AcDb2dVertex
 10
149.4876809763146
 20
3.187203466805848
 30
1.499999988389792
  0
SEQEND
  5
105
330
102
100
AcDbEntity
  8
0
 62
    96
420
    32512
  0
SPLINE
  5
106
102
{ACAD_REACTORS
330
749
102
}
330
1F
100
AcDbEntity
  8
0
 62
    96
420
    32512
100
AcDbSpline
210
0.0
220
0.0
230
1.0
 70
    24
 71
     2
 72
     6
 73
     3
 74
     0
 42
0.0000000001
 43
0.0000000001
 40
65.4977871437821
 40
65.4977871437821
 40
65.4977871437821
 40
71.4977871437821
 40
71.4977871437821
 40
71.4977871437821
 10
183.6177971180505
 20
18.19031751303101
 30
1.49999998838979
 10
178.2373640471824
 20
18.18876048991843
 30
1.499999988389791
 10
172.8569309763143
 20
18.18720346680585
 30
1.499999988389792
  0
SPLINE
  5
107
102
{ACAD_REACTORS
330
749
102
}
330
1F
100
AcDbEntity
  8
0
 62
    96
420
    32512
100
AcDbSpline
210
0.0
220
0.0
230
1.0
 70
    12
 71
     2
 72
     6
 73
     3
 74
     0
 42
0.0000000001
 43
0.0000000001
 40
71.4977871437821
 40
71.4977871437821
 40
71.4977871437821
 40
72.28318530717955
 40
72.28318530717955
 40
72.28318530717955
 10
172.8569309763143
 20
18.18720346680585
 30
1.499999988389792
 41
1.0
 10
172.3569309763143
 20
18.18720346680597
 30
1.499999988389791
 41
0.7071067811865476
 10
172.3569309763143
 20
17.68720346680585
 30
1.499999988389792
 41
1.0
  0
SPLINE
  5
108
102
{ACAD_REACTORS
330
749
102
}
330
1F
100
AcDbEntity
  8
0
 62
    96
420
    32512
100
AcDbSpline
210
0.0
220
0.0
230
1.0
 70
    24
 71
     2
 72
     6
 73
     3
 74
     0
 42
0.0000000001
 43
0.0000000001
 40
72.28318530717955
 40
72.28318530717955
 40
72.28318530717955
 40
86.28318530717954
 40
86.28318530717954
 40
86.28318530717954
 10
172.3569309763143
 20
17.68720346680585
 30
1.499999988389792
 10
172.3569309763143
 20
10.68720346680585
 30
1.499999988389792
 10
172.3569309763143
 20
3.687203466805848
 30
1.499999988389792
  0
SPLINE
  5
109
102
{ACAD_REACTORS
330
749
102
}
330
1F
100
AcDbEntity
  8
0
 62
    96
420
    32512
100
AcDbSpline
210
0.0
220
0.0
230
1.0
 70
    12
 71
     2
 72
     6
 73
     3
 74
     0
 42
0.0000000001
 43
0.0000000001
 40
86.28318530717954
 40
86.28318530717954
 40
86.28318530717954
 40
87.06858347057698
 40
87.06858347057698
 40
87.06858347057698
 10
172.3569309763143
 20
3.687203466805848
 30
1.499999988389792
 41
1.0
 10
172.3569309763143
 20
3.18720346680585
 30
1.499999988389791
 41
0.7071067811865476
 10
172.8569309763143
 20
3.187203466805848
 30
1.499999988389792
 41
1.0
  0
SPLINE
  5
10A
102
{ACAD_REACTORS
330
749
102
}
330
1F
100
AcDbEntity
  8
0
 62
    96
420
    32512
100
AcDbSpline
210
0.0
220
0.0
230
1.0
 70
    24
 71
     2
 72
     6
 73
     3
 74
     0
 42
0.0000000001
 43
0.0000000001
 40
87.06858347057698
 40
87.06858347057698
 40
87.06858347057698
 40
87.79933347057673
 40
87.79933347057673
 40
87.79933347057673
 10
172.8569309763143
 20
3.187203466805848
 30
1.499999988389792
 10
173.2223059763141
 20
3.187203466805848
 30
1.499999988389792
 10
173.587680976314
 20
3.187203466805848
 30
1.499999988389792
  0
SPLINE
  5
10B
102
{ACAD_REACTORS
330
749
102
}
330
1F
100
AcDbEntity
  8
0
 62
    96
420
    32512
100
AcDbSpline
210
0.0
220
0.0
230
1.0
 70
    24
 71
     2
 72
     6
 73
     3
 74
     0
 42
0.0000000001
 43
0.0000000001
 40
87.79933347057673
 40
87.79933347057673
 40
87.79933347057673
 40
88.29933347057673
 40
88.29933347057673
 40
88.29933347057673
 10
173.587680976314
 20
3.187203466805848
 30
1.499999988389792
 10
173.587680976314
 20
2.937203466805848
 30
1.499999988389792
 10
173.587680976314
 20
2.687203466805848
 30
1.499999988389792
  0
SPLINE
  5
10C
102
{ACAD_REACTORS
330
749
102
}
330
1F
100
AcDbEntity
  8
0
 62
    96
420
    32512
100
AcDbSpline
210
0.0
220
0.0
230
1.0
 70
    12
 71
     2
 72
     6
 73
     3
 74
     0
 42
0.0000000001
 43
0.0000000001
 40
88.29933347057673
 40
88.29933347057673
 40
88.29933347057673
 40
89.08473163397417
 40
89.08473163397417
 40
89.08473163397417
 10
173.587680976314
 20
2.687203466805848
 30
1.499999988389792
 41
1.0
 10
173.5876809763144
 20
2.187203466805842
 30
1.499999988389791
 41
0.7071067811865476
 10
174.087680976314
 20
2.187203466805848
 30
1.499999988389792
 41
1.0
  0
SPLINE
  5
10D
102
{ACAD_REACTORS
330
749
102
}
330
1F
100
AcDbEntity
  8
0
 62
    96
420
    32512
100
AcDbSpline
210
0.0
220
0.0
230
1.0
 70
    24
 71
     2
 72
     6
 73
     3
 74
     0
 42
0.0000000001
 43
0.0000000001
 40
89.08473163397417
 40
89.08473163397417
 40
89.08473163397417
 40
102.0847316339742
 40
102.0847316339742
 40
102.0847316339742
 10
174.087680976314
 20
2.187203466805848
 30
1.499999988389792
 10
180.587680976314
 20
2.187203466805848
 30
1.499999988389792
 10
187.087680976314
 20
2.187203466805848
 30
1.499999988389792
  0
SPLINE
  5
10E
102
{ACAD_REACTORS
330
749
102
}
330
1F
100
AcDbEntity
  8
0
 62
    96
420
    32512
100
AcDbSpline
210
0.0
220
0.0
230
1.0
 70
    12
 71
     2
 72
     6
 73
     3
 74
     0
 42
0.0000000001
 43
0.0000000001
 40
102.0847316339742
 40
102.0847316339742
 40
102.0847316339742
 40
102.8701297973716
 40
102.8701297973716
 40
102.8701297973716
 10
187.087680976314
 20
2.187203466805848
 30
1.499999988389792
 41
1.0
 10
187.5876809763142
 20
2.187203466805842
 30
1.499999988389791
 41
0.7071067811865476
 10
187.587680976314
 20
2.687203466805848
 30
1.499999988389792
 41
1.0
  0
SPLINE
  5
10F
102
{ACAD_REACTORS
330
749
102
}
330
1F
100
AcDbEntity
  8
0
 62
    96
420
    32512
100
AcDbSpline
210
0.0
220
0.0
230
1.0
 70
    24
 71
     2
 72
     6
 73
     3
 74
     0
 42
0.0000000001
 43
0.0000000001
 40
102.8701297973716
 40
102.8701297973716
 40
102.8701297973716
 40
115.8701297973716
 40
115.8701297973716
 40
115.8701297973716
 10
187.587680976314
 20
2.687203466805848
 30
1.499999988389792
 10
187.587680976314
 20
9.187203466805848
 30
1.499999988389792
 10
187.587680976314
 20
15.68720346680585
 30
1.499999988389792
  0
SPLINE
  5
110
102
{ACAD_REACTORS
330
749
102
}
330
1F
100
AcDbEntity
  8
0
 62
    96
420
    32512
100
AcDbSpline
210
0.0
220
0.0
230
1.0
 70
    12
 71
     2
 72
     6
 73
     3
 74
     0
 42
0.0000000001
 43
0.0000000001
 40
115.8701297973716
 40
115.8701297973716
 40
115.8701297973716
 40
116.6555279607691
 40
116.6555279607691
 40
116.6555279607691
 10
187.587680976314
 20
15.68720346680585
 30
1.499999988389792
 41
1.0
 10
187.5876809763142
 20
16.18720346680611
 30
1.499999988389791
 41
0.7071067811865476
 10
187.087680976314
 20
16.18720346680585
 30
1.499999988389792
 41
1.0
  0
SPLINE
  5
111
102
{ACAD_REACTORS
330
749
102
}
330
1F
100
AcDbEntity
  8
0
 62
    96
420
    32512
100
AcDbSpline
210
0.0
220
0.0
230
1.0
 70
    24
 71
     2
 72
     6
 73
     3
 74
     0
 42
0.0000000001
 43
0.0000000001
 40
116.6555279607691
 40
116.6555279607691
 40
116.6555279607691
 40
119.6254118190334
 40
119.6254118190334
 40
119.6254118190334
 10
187.087680976314
 20
16.18720346680585
 30
1.499999988389792
 10
185.602739047182
 20
16.18720346680585
 30
1.499999988389791
 10
184.11779711805
 20
16.18720346680585
 30
1.499999988389791
  0
SPLINE
  5
112
102
{ACAD_REACTORS
330
749
102
}
330
1F
100
AcDbEntity
  8
0
 62
    96
420
    32512
100
AcDbSpline
210
0.0
220
0.0
230
1.0
 70
    24
 71
     2
 72
     6
 73
     3
 74
     0
 42
0.0000000001
 43
0.0000000001
 40
119.6254118190334
 40
119.6254118190334
 40
119.6254118190334
 40
120.2055175290529
 40
120.2055175290529
 40
120.2055175290529
 10
184.11779711805
 20
16.18720346680585
 30
1.499999988389791
 10
184.1177971180502
 20
16.93876048991843
 30
1.49999998838979
 10
184.1177971180505
 20
17.69031751303101
 30
1.49999998838979
  0
SPLINE
  5
113
102
{ACAD_REACTORS
330
749
102
}
330
1F
100
AcDbEntity
  8
0
 62
    96
420
    32512
100
AcDbSpline
210
0.0
220
0.0
230
1.0
 70
    12
 71
     2
 72
     6
 73
     3
 74
     0
 42
0.0000000001
 43
0.0000000001
 40
120.2055175290529
 40
120.2055175290529
 40
120.2055175290529
 40
120.9909156924503
 40
120.9909156924503
 40
120.9909156924503
 10
184.1177971180505
 20
17.69031751303101
 30
1.49999998838979
 41
1.0
 10
184.1177971180509
 20
18.190317513031
 30
1.49999998838979
 41
0.7071067811865476
 10
183.6177971180505
 20
18.19031751303101
 30
1.49999998838979
 41
1.0
  0
LINE
  5
114
102
{ACAD_REACTORS
330
749
102
}
330
1F
100
AcDbEntity
  8
默认
 62
    96
420
    32512
100
AcDbLine
 10
196.1376809763137
 20
16.18720346680585
 30
1.499999988389792
 11
196.1376809763137
 21
17.68720346680585
 31
1.499999988389792
  0
LINE
  5
115
102
{ACAD_REACTORS
330
749
102
}
330
1F
100
AcDbEntity
  8
默认
 62
    96
420
    32512
100
AcDbLine
 10
203.1376809763137
 20
16.18720346680585
 30
1.499999988389792
 11
203.1376809763142
 21
17.68720346680585
 31
1.499999988389792
  0
LINE
  5
116
102
{ACAD_REACTORS
330
749
102
}
330
1F
100
AcDbEntity
  8
默认
 62
    96
420
    32512
100
AcDbLine
 10
196.1376809763142
 20
17.68720346680585
 30
1.499999988389792
 11
196.1376809763137
 21
16.18720346680585
 31
1.499999988389792
  0
ARC
  5
117
102
{ACAD_REACTORS
330
749
102
}
330
1F
100
AcDbEntity
  8
默认
 62
    96
420
    32512
100
AcDbCircle
 10
202.6376809763142
 20
17.68720346680585
 30
1.499999988389792
 40
0.5
100
AcDbArc
 50
0.0
 51
90.0
  0
LINE
  5
118
102
{ACAD_REACTORS
330
749
102
}
330
1F
100
AcDbEntity
  8
默认
 62
    96
420
    32512
100
AcDbLine
 10
202.6376809763142
 20
18.18720346680585
 30
1.499999988389792
 11
196.6376809763142
 21
18.18720346680585
 31
1.499999988389792
  0
ARC
  5
119
102
{ACAD_REACTORS
330
749
102
}
330
1F
100
AcDbEntity
  8
默认
 62
    96
420
    32512
100
AcDbCircle
 10
196.6376809763142
 20
17.68720346680585
 30
1.499999988389792
 40
0.5
100
AcDbArc
 50
90.0
 51
180.0
  0
LINE
  5
11A
102
{ACAD_REACTORS
330
749
102
}
330
1F
100
AcDbEntity
  8
默认
 62
    96
420
    32512
100
AcDbLine
 10
203.1376809763137
 20
17.68720346680585
 30
1.499999988389792
 11
203.1376809763137
 21
16.18720346680585
 31
1.499999988389792
  0
LINE
  5
11B
102
{ACAD_REACTORS
330
749
102
}
330
1F
100
AcDbEntity
  8
默认
 62
    96
420
    32512
100
AcDbLine
 10
149.4876809763136
 20
3.187203466805848
 30
1.499999988389792
 11
149.4876809763136
 21
2.687203466805848
 31
1.499999988389792
  0
LINE
  5
11C
102
{ACAD_REACTORS
330
749
102
}
330
1F
100
AcDbEntity
  8
默认
 62
    96
420
    32512
100
AcDbLine
 10
149.4876809763146
 20
2.687203466805848
 30
1.499999988389792
 11
149.4876809763136
 21
3.187203466805848
 31
1.499999988389792
  0
ARC
  5
11D
102
{ACAD_REACTORS
330
749
102
}
330
1F
100
AcDbEntity
  8
默认
 62
    96
420
    32512
100
AcDbCircle
 10
77.54343131348969
 20
17.68720312963161
 30
1.499999988389792
 40
0.500000337174356
100
AcDbArc
 50
90.0
 51
180.0000000000651
  0
LINE
  5
11E
102
{ACAD_REACTORS
330
749
102
}
330
1F
100
AcDbEntity
  8
默认
 62
    96
420
    32512
100
AcDbLine
 10
77.043430976315
 20
17.68720312963092
 30
1.499999988389792
 11
77.043430976315
 21
3.687203803980545
 31
1.499999988389792
  0
ARC
  5
11F
102
{ACAD_REACTORS
330
749
102
}
330
1F
100
AcDbEntity
  8
默认
 62
    96
420
    32512
100
AcDbCircle
 10
77.54343131349015
 20
3.687203803980545
 30
1.499999988389792
 40
0.5000003371751518
100
AcDbArc
 50
180.0
 51
269.9999999999479
  0
POLYLINE
  5
120
102
{ACAD_REACTORS
330
749
102
}
330
1F
100
AcDbEntity
  8
默认
 62
    96
420
    32512
100
AcDb2dPolyline
 66
     1
 10
0.0
 20
0.0
 30
1.499999988389792
  0
VERTEX
  5
121
330
120
100
AcDbEntity
  8
默认
 62
    96
420
    32512
100
AcDbVertex
100
AcDb2dVertex
 10
77.54343131348969
 20
3.187203466805848
 30
1.499999988389792
  0
VERTEX
  5
122
330
120
100
AcDbEntity
  8
默认
 62
    96
420
    32512
100
AcDbVertex
100
AcDb2dVertex
 10
85.4814309763151
 20
3.187203466805848
 30
1.499999988389792
  0
VERTEX
  5
123
330
120
100
AcDbEntity
  8
默认
 62
    96
420
    32512
100
AcDbVertex
100
AcDb2dVertex
 10
85.4814309763151
 20
2.687203466805848
 30
1.499999988389792
  0
SEQEND
  5
124
330
120
100
AcDbEntity
  8
默认
 62
    96
420
    32512
  0
ARC
  5
125
102
{ACAD_REACTORS
330
749
102
}
330
1F
100
AcDbEntity
  8
默认
 62
    96
420
    32512
100
AcDbCircle
 10
85.9814309763151
 20
2.687203466805848
 30
1.499999988389792
 40
0.5
100
AcDbArc
 50
180.0
 51
270.0
  0
LINE
  5
126
102
{ACAD_REACTORS
330
749
102
}
330
1F
100
AcDbEntity
  8
默认
 62
    96
420
    32512
100
AcDbLine
 10
85.9814309763151
 20
2.187203466805848
 30
1.499999988389792
 11
110.8876809763142
 21
2.187203466805848
 31
1.499999988389792
  0
ARC
  5
127
102
{ACAD_REACTORS
330
749
102
}
330
1F
100
AcDbEntity
  8
默认
 62
    96
420
    32512
100
AcDbCircle
 10
110.8876809763142
 20
2.687203466805848
 30
1.499999988389792
 40
0.5
100
AcDbArc
 50
270.0
 51
0.0
  0
LINE
  5
128
102
{ACAD_REACTORS
330
749
102
}
330
1F
100
AcDbEntity
  8
默认
 62
    96
420
    32512
100
AcDbLine
 10
111.3876809763142
 20
2.687203466805848
 30
1.499999988389792
 11
111.3876809763142
 21
15.68720346680585
 31
1.499999988389792
  0
ARC
  5
129
102
{ACAD_REACTORS
330
749
102
}
330
1F
100
AcDbEntity
  8
默认
 62
    96
420
    32512
100
AcDbCircle
 10
110.8876809763142
 20
15.68720346680585
 30
1.499999988389792
 40
0.5
100
AcDbArc
 50
0.0
 51
90.0
  0
POLYLINE
  5
12A
102
{ACAD_REACTORS
330
749
102
}
330
1F
100
AcDbEntity
  8
默认
 62
    96
420
    32512
100
AcDb2dPolyline
 66
     1
 10
0.0
 20
0.0
 30
1.499999988389792
  0
VERTEX
  5
12B
330
12A
100
AcDbEntity
  8
默认
 62
    96
420
    32512
100
AcDbVertex
100
AcDb2dVertex
 10
110.8876809763142
 20
16.18720346680585
 30
1.499999988389792
  0
VERTEX
  5
12C
330
12A
100
AcDbEntity
  8
默认
 62
    96
420
    32512
100
AcDbVertex
100
AcDb2dVertex
 10
107.9194309763152
 20
16.18720346680585
 30
1.499999988389792
  0
VERTEX
  5
12D
330
12A
100
AcDbEntity
  8
默认
 62
    96
420
    32512
100
AcDbVertex
100
AcDb2dVertex
 10
107.9194309763152
 20
17.68720346680585
 30
1.499999988389792
  0
SEQEND
  5
12E
330
12A
100
AcDbEntity
  8
默认
 62
    96
420
    32512
  0
ARC
  5
12F
102
{ACAD_REACTORS
330
749
102
}
330
1F
100
AcDbEntity
  8
默认
 62
    96
420
    32512
100
AcDbCircle
 10
107.4194309763152
 20
17.68720346680585
 30
1.499999988389792
 40
0.5
100
AcDbArc
 50
0.0
 51
90.0
  0
LINE
  5
130
102
{ACAD_REACTORS
330
749
102
}
330
1F
100
AcDbEntity
  8
默认
 62
    96
420
    32512
100
AcDbLine
 10
107.4194309763152
 20
18.18720346680585
 30
1.499999988389792
 11
101.4194309763152
 21
18.18720346680585
 31
1.499999988389792
  0
ARC
  5
131
102
{ACAD_REACTORS
330
749
102
}
330
1F
100
AcDbEntity
  8
默认
 62
    96
420
    32512
100
AcDbCircle
 10
101.4194309763152
 20
17.68720346680585
 30
1.499999988389792
 40
0.5
100
AcDbArc
 50
90.0
 51
180.0
  0
POLYLINE
  5
132
102
{ACAD_REACTORS
330
749
102
}
330
1F
100
AcDbEntity
  8
默认
 62
    96
420
    32512
100
AcDb2dPolyline
 66
     1
 10
0.0
 20
0.0
 30
1.499999988389792
  0
VERTEX
  5
133
330
132
100
AcDbEntity
  8
默认
 62
    96
420
    32512
100
AcDbVertex
100
AcDb2dVertex
 10
100.9194309763152
 20
17.68720346680585
 30
1.499999988389792
  0
VERTEX
  5
134
330
132
100
AcDbEntity
  8
默认
 62
    96
420
    32512
100
AcDbVertex
100
AcDb2dVertex
 10
100.9194309763152
 20
16.18720346680585
 30
1.499999988389792
  0
VERTEX
  5
135
330
132
100
AcDbEntity
  8
默认
 62
    96
420
    32512
100
AcDbVertex
100
AcDb2dVertex
 10
88.83768097631446
 20
16.18720346680585
 30
1.499999988389792
  0
VERTEX
  5
136
330
132
100
AcDbEntity
  8
默认
 62
    96
420
    32512
100
AcDbVertex
100
AcDb2dVertex
 10
88.83768097631446
 20
17.68720312963092
 30
1.499999988389792
  0
SEQEND
  5
137
330
132
100
AcDbEntity
  8
默认
 62
    96
420
    32512
  0
ARC
  5
138
102
{ACAD_REACTORS
330
749
102
}
330
1F
100
AcDbEntity
  8
默认
 62
    96
420
    32512
100
AcDbCircle
 10
88.33768063913976
 20
17.68720312963092
 30
1.499999988389792
 40
0.500000337174697
100
AcDbArc
 50
0.0
 51
90.0
  0
POLYLINE
  5
139
102
{ACAD_REACTORS
330
749
102
}
330
1F
100
AcDbEntity
  8
默认
 62
    96
420
    32512
100
AcDb2dPolyline
 66
     1
 10
0.0
 20
0.0
 30
1.499999988389792
  0
VERTEX
  5
13A
330
139
100
AcDbEntity
  8
默认
 62
    96
420
    32512
100
AcDbVertex
100
AcDb2dVertex
 10
88.33768063913976
 20
18.18720346680585
 30
1.499999988389792
  0
VERTEX
  5
13B
330
139
100
AcDbEntity
  8
默认
 62
    96
420
    32512
100
AcDbVertex
100
AcDb2dVertex
 10
77.54343131348969
 20
18.18720346680585
 30
1.499999988389792
  0
SEQEND
  5
13C
330
139
100
AcDbEntity
  8
默认
 62
    96
420
    32512
  0
ARC
  5
13D
102
{ACAD_REACTORS
330
749
102
}
330
1F
100
AcDbEntity
  8
0
 62
    96
420
    32512
100
AcDbCircle
 10
119.3189309763143
 20
15.68720346680585
 30
1.499999988389792
 40
0.5
100
AcDbArc
 50
90.0
 51
180.0
  0
LINE
  5
13E
102
{ACAD_REACTORS
330
749
102
}
330
1F
100
AcDbEntity
  8
0
 62
    96
420
    32512
100
AcDbLine
 10
118.8189309763143
 20
15.68720346680585
 30
1.499999988389792
 11
118.8189309763143
 21
2.687203466805848
 31
1.499999988389792
  0
ARC
  5
13F
102
{ACAD_REACTORS
330
749
102
}
330
1F
100
AcDbEntity
  8
0
 62
    96
420
    32512
100
AcDbCircle
 10
119.3189309763143
 20
2.687203466805848
 30
1.499999988389792
 40
0.5
100
AcDbArc
 50
180.0
 51
270.0
  0
LINE
  5
140
102
{ACAD_REACTORS
330
749
102
}
330
1F
100
AcDbEntity
  8
0
 62
    96
420
    32512
100
AcDbLine
 10
119.3189309763143
 20
2.187203466805848
 30
1.499999988389792
 11
132.3189309763143
 21
2.187203466805848
 31
1.499999988389792
  0
ARC
  5
141
102
{ACAD_REACTORS
330
749
102
}
330
1F
100
AcDbEntity
  8
0
 62
    96
420
    32512
100
AcDbCircle
 10
132.3189309763143
 20
2.687203466805848
 30
1.499999988389792
 40
0.5
100
AcDbArc
 50
270.0
 51
0.0
  0
LINE
  5
142
102
{ACAD_REACTORS
330
749
102
}
330
1F
100
AcDbEntity
  8
0
 62
    96
420
    32512
100
AcDbLine
 10
132.8189309763143
 20
2.687203466805848
 30
1.499999988389792
 11
132.8189309763143
 21
15.68720346680585
 31
1.499999988389792
  0
ARC
  5
143
102
{ACAD_REACTORS
330
749
102
}
330
1F
100
AcDbEntity
  8
0
 62
    96
420
    32512
100
AcDbCircle
 10
132.3189309763143
 20
15.68720346680585
 30
1.499999988389792
 40
0.5
100
AcDbArc
 50
0.0
 51
90.0
  0
POLYLINE
  5
144
102
{ACAD_REACTORS
330
749
102
}
330
1F
100
AcDbEntity
  8
0
 62
    96
420
    32512
100
AcDb2dPolyline
 66
     1
 10
0.0
 20
0.0
 30
1.499999988389792
  0
VERTEX
  5
145
330
144
100
AcDbEntity
  8
0
 62
    96
420
    32512
100
AcDbVertex
100
AcDb2dVertex
 10
132.3189309763143
 20
16.18720346680585
 30
1.499999988389792
  0
VERTEX
  5
146
330
144
100
AcDbEntity
  8
0
 62
    96
420
    32512
100
AcDbVertex
100
AcDb2dVertex
 10
126.9376809763144
 20
16.18720346680585
 30
1.499999988389792
  0
VERTEX
  5
147
330
144
100
AcDbEntity
  8
0
 62
    96
420
    32512
100
AcDbVertex
100
AcDb2dVertex
 10
126.9376809763144
 20
17.68720346680585
 30
1.499999988389792
  0
SEQEND
  5
148
330
144
100
AcDbEntity
  8
0
 62
    96
420
    32512
  0
ARC
  5
149
102
{ACAD_REACTORS
330
749
102
}
330
1F
100
AcDbEntity
  8
0
 62
    96
420
    32512
100
AcDbCircle
 10
126.4376809763144
 20
17.68720346680585
 30
1.499999988389792
 40
0.5
100
AcDbArc
 50
0.0
 51
90.0
  0
LINE
  5
14A
102
{ACAD_REACTORS
330
749
102
}
330
1F
100
AcDbEntity
  8
0
 62
    96
420
    32512
100
AcDbLine
 10
126.4376809763144
 20
18.18720346680585
 30
1.499999988389792
 11
120.4376809763144
 21
18.18720346680585
 31
1.499999988389792
  0
ARC
  5
14B
102
{ACAD_REACTORS
330
749
102
}
330
1F
100
AcDbEntity
  8
0
 62
    96
420
    32512
100
AcDbCircle
 10
120.4376809763144
 20
17.68720346680585
 30
1.499999988389792
 40
0.5
100
AcDbArc
 50
90.0
 51
180.0
  0
POLYLINE
  5
14C
102
{ACAD_REACTORS
330
749
102
}
330
1F
100
AcDbEntity
  8
0
 62
    96
420
    32512
100
AcDb2dPolyline
 66
     1
 10
0.0
 20
0.0
 30
1.499999988389792
  0
VERTEX
  5
14D
330
14C
100
AcDbEntity
  8
0
 62
    96
420
    32512
100
AcDbVertex
100
AcDb2dVertex
 10
119.9376809763144
 20
17.68720346680585
 30
1.499999988389792
  0
VERTEX
  5
14E
330
14C
100
AcDbEntity
  8
0
 62
    96
420
    32512
100
AcDbVertex
100
AcDb2dVertex
 10
119.9376809763144
 20
16.18720346680585
 30
1.499999988389792
  0
VERTEX
  5
14F
330
14C
100
AcDbEntity
  8
0
 62
    96
420
    32512
100
AcDbVertex
100
AcDb2dVertex
 10
119.3189309763143
 20
16.18720346680585
 30
1.499999988389792
  0
SEQEND
  5
150
330
14C
100
AcDbEntity
  8
0
 62
    96
420
    32512
  0
ARC
  5
151
102
{ACAD_REACTORS
330
749
102
}
330
1F
100
AcDbEntity
  8
0
 62
    96
420
    32512
100
AcDbCircle
 10
-196.6376809763137
 20
17.68720346680585
 30
-1.499999988389792
 40
0.5
210
0.0
220
0.0
230
-1.0
100
AcDbArc
 50
0.0
 51
90.0
  0
LINE
  5
152
102
{ACAD_REACTORS
330
749
102
}
330
1F
100
AcDbEntity
  8
0
 62
    96
420
    32512
100
AcDbLine
 10
196.6376809763137
 20
18.18720346680585
 30
1.499999988389792
 11
202.6376809763137
 21
18.18720346680585
 31
1.499999988389792
  0
ARC
  5
153
102
{ACAD_REACTORS
330
749
102
}
330
1F
100
AcDbEntity
  8
0
 62
    96
420
    32512
100
AcDbCircle
 10
-202.6376809763137
 20
17.68720346680585
 30
-1.499999988389792
 40
0.5
210
0.0
220
0.0
230
-1.0
100
AcDbArc
 50
90.0
 51
180.0
  0
POLYLINE
  5
154
102
{ACAD_REACTORS
330
749
102
}
330
1F
100
AcDbEntity
  8
0
 62
    96
420
    32512
100
AcDb2dPolyline
 66
     1
 10
0.0
 20
0.0
 30
1.499999988389792
  0
VERTEX
  5
155
330
154
100
AcDbEntity
  8
0
 62
    96
420
    32512
100
AcDbVertex
100
AcDb2dVertex
 10
170.4189309763142
 20
16.18720346680585
 30
1.499999988389792
  0
VERTEX
  5
156
330
154
100
AcDbEntity
  8
0
 62
    96
420
    32512
100
AcDbVertex
100
AcDb2dVertex
 10
165.0376809763143
 20
16.18720346680585
 30
1.499999988389792
  0
VERTEX
  5
157
330
154
100
AcDbEntity
  8
0
 62
    96
420
    32512
100
AcDbVertex
100
AcDb2dVertex
 10
165.0376809763138
 20
17.68720346680585
 30
1.499999988389792
  0
SEQEND
  5
158
330
154
100
AcDbEntity
  8
0
 62
    96
420
    32512
  0
ARC
  5
159
102
{ACAD_REACTORS
330
749
102
}
330
1F
100
AcDbEntity
  8
0
 62
    96
420
    32512
100
AcDbCircle
 10
164.5376809763138
 20
17.68720346680585
 30
1.499999988389792
 40
0.5
100
AcDbArc
 50
0.0
 51
90.0
  0
LINE
  5
15A
102
{ACAD_REACTORS
330
749
102
}
330
1F
100
AcDbEntity
  8
0
 62
    96
420
    32512
100
AcDbLine
 10
164.5376809763138
 20
18.18720346680585
 30
1.499999988389792
 11
158.5376809763138
 21
18.18720346680585
 31
1.499999988389792
  0
ARC
  5
15B
102
{ACAD_REACTORS
330
749
102
}
330
1F
100
AcDbEntity
  8
0
 62
    96
420
    32512
100
AcDbCircle
 10
158.5376809763138
 20
17.68720346680585
 30
1.499999988389792
 40
0.5
100
AcDbArc
 50
90.0
 51
180.0
  0
POLYLINE
  5
15C
102
{ACAD_REACTORS
330
749
102
}
330
1F
100
AcDbEntity
  8
0
 62
    96
420
    32512
100
AcDb2dPolyline
 66
     1
 10
0.0
 20
0.0
 30
1.499999988389792
  0
VERTEX
  5
15D
330
15C
100
AcDbEntity
  8
0
 62
    96
420
    32512
100
AcDbVertex
100
AcDb2dVertex
 10
158.0376809763138
 20
17.68720346680585
 30
1.499999988389792
  0
VERTEX
  5
15E
330
15C
100
AcDbEntity
  8
0
 62
    96
420
    32512
100
AcDbVertex
100
AcDb2dVertex
 10
158.0376809763143
 20
16.18720346680585
 30
1.499999988389792
  0
VERTEX
  5
15F
330
15C
100
AcDbEntity
  8
0
 62
    96
420
    32512
100
AcDbVertex
100
AcDb2dVertex
 10
157.4189309763142
 20
16.18720346680585
 30
1.499999988389792
  0
SEQEND
  5
160
330
15C
100
AcDbEntity
  8
0
 62
    96
420
    32512
  0
ARC
  5
161
102
{ACAD_REACTORS
330
749
102
}
330
1F
100
AcDbEntity
  8
0
 62
    96
420
    32512
100
AcDbCircle
 10
157.4189309763142
 20
15.68720346680585
 30
1.499999988389792
 40
0.5
100
AcDbArc
 50
90.0
 51
180.0
  0
LINE
  5
162
102
{ACAD_REACTORS
330
749
102
}
330
1F
100
AcDbEntity
  8
0
 62
    96
420
    32512
100
AcDbLine
 10
156.9189309763142
 20
15.68720346680585
 30
1.499999988389792
 11
156.9189309763142
 21
2.687203466805848
 31
1.499999988389792
  0
ARC
  5
163
102
{ACAD_REACTORS
330
749
102
}
330
1F
100
AcDbEntity
  8
0
 62
    96
420
    32512
100
AcDbCircle
 10
157.4189309763142
 20
2.687203466805848
 30
1.499999988389792
 40
0.5
100
AcDbArc
 50
180.0
 51
270.0
  0
LINE
  5
164
102
{ACAD_REACTORS
330
749
102
}
330
1F
100
AcDbEntity
  8
0
 62
    96
420
    32512
100
AcDbLine
 10
157.4189309763142
 20
2.187203466805848
 30
1.499999988389792
 11
170.4189309763142
 21
2.187203466805848
 31
1.499999988389792
  0
ARC
  5
165
102
{ACAD_REACTORS
330
749
102
}
330
1F
100
AcDbEntity
  8
0
 62
    96
420
    32512
100
AcDbCircle
 10
170.4189309763142
 20
2.687203466805848
 30
1.499999988389792
 40
0.5
100
AcDbArc
 50
270.0
 51
0.0
  0
LINE
  5
166
102
{ACAD_REACTORS
330
749
102
}
330
1F
100
AcDbEntity
  8
0
 62
    96
420
    32512
100
AcDbLine
 10
170.9189309763142
 20
2.687203466805848
 30
1.499999988389792
 11
170.9189309763142
 21
15.68720346680585
 31
1.499999988389792
  0
ARC
  5
167
102
{ACAD_REACTORS
330
749
102
}
330
1F
100
AcDbEntity
  8
0
 62
    96
420
    32512
100
AcDbCircle
 10
170.4189309763142
 20
15.68720346680585
 30
1.499999988389792
 40
0.5
100
AcDbArc
 50
0.0
 51
90.0
  0
CIRCLE
  5
168
102
{ACAD_REACTORS
330
749
102
}
330
1F
100
AcDbEntity
  8
默认
 62
    96
420
    32512
100
AcDbCircle
 10
236.150084740897
 20
35.86834336452922
 30
1.499999988389434
 40
1.0
  0
CIRCLE
  5
169
102
{ACAD_REACTORS
330
749
102
}
330
1F
100
AcDbEntity
  8
默认
 62
    96
420
    32512
100
AcDbCircle
 10
279.3624821563149
 20
77.41665298680584
 30
1.499999988389792
 40
0.0031750000000272
  0
CIRCLE
  5
16A
102
{ACAD_REACTORS
330
749
102
}
330
1F
100
AcDbEntity
  8
默认
 62
    96
420
    32512
100
AcDbCircle
 10
279.2064804363145
 20
41.01685278680589
 30
1.499999988389792
 40
0.0031750000000272
  0
CIRCLE
  5
16B
102
{ACAD_REACTORS
330
749
102
}
330
1F
100
AcDbEntity
  8
默认
 62
    96
420
    32512
100
AcDbCircle
 10
274.6804798363146
 20
39.3166555268058
 30
1.499999988389792
 40
0.0031749999999988
  0
CIRCLE
  5
16C
102
{ACAD_REACTORS
330
749
102
}
330
1F
100
AcDbEntity
  8
默认
 62
    96
420
    32512
100
AcDbCircle
 10
277.4814800763147
 20
40.51685378680578
 30
1.499999988389792
 40
0.0031749999999988
  0
CIRCLE
  5
16D
102
{ACAD_REACTORS
330
749
102
}
330
1F
100
AcDbEntity
  8
默认
 62
    96
420
    32512
100
AcDbCircle
 10
259.2865054004833
 20
71.9151790711993
 30
1.499999988389792
 40
1.0
  0
CIRCLE
  5
16E
102
{ACAD_REACTORS
330
749
102
}
330
1F
100
AcDbEntity
  8
默认
 62
    96
420
    32512
100
AcDbCircle
 10
137.7378490631731
 20
23.11010160104934
 30
1.499999988389792
 40
1.0
  0
CIRCLE
  5
16F
102
{ACAD_REACTORS
330
749
102
}
330
1F
100
AcDbEntity
  8
默认
 62
    96
420
    32512
100
AcDbCircle
 10
281.0874799763146
 20
78.61685378680579
 30
1.499999988389792
 40
0.0031749999999988
  0
CIRCLE
  5
170
102
{ACAD_REACTORS
330
749
102
}
330
1F
100
AcDbEntity
  8
默认
 62
    96
420
    32512
100
AcDbCircle
 10
276.9814810763146
 20
39.3166555268058
 30
1.499999988389792
 40
0.0031749999999988
  0
CIRCLE
  5
171
102
{ACAD_REACTORS
330
749
102
}
330
1F
100
AcDbEntity
  8
默认
 62
    96
420
    32512
100
AcDbCircle
 10
281.5874789763147
 20
79.11685278680591
 30
1.499999988389792
 40
0.0031750000000272
  0
CIRCLE
  5
172
102
{ACAD_REACTORS
330
749
102
}
330
1F
100
AcDbEntity
  8
默认
 62
    96
420
    32512
100
AcDbCircle
 10
274.6804798363146
 20
39.31665298680583
 30
1.499999988389792
 40
0.0031749999999988
  0
CIRCLE
  5
173
102
{ACAD_REACTORS
330
749
102
}
330
1F
100
AcDbEntity
  8
默认
 62
    96
420
    32512
100
AcDbCircle
 10
279.2064804363145
 20
41.01685278680589
 30
1.499999988389792
 40
0.0031750000000272
  0
CIRCLE
  5
174
102
{ACAD_REACTORS
330
749
102
}
330
1F
100
AcDbEntity
  8
默认
 62
    96
420
    32512
100
AcDbCircle
 10
260.3747146969035
 20
7.384203709249057
 30
1.499999988389792
 40
1.0
  0
CIRCLE
  5
175
102
{ACAD_REACTORS
330
749
102
}
330
1F
100
AcDbEntity
  8
默认
 62
    96
420
    32512
100
AcDbCircle
 10
279.862481156315
 20
78.61685378680579
 30
1.499999988389792
 40
0.0031749999999988
  0
CIRCLE
  5
176
102
{ACAD_REACTORS
330
749
102
}
330
1F
100
AcDbEntity
  8
默认
 62
    96
420
    32512
100
AcDbCircle
 10
3.226990541462328
 20
70.01317246718929
 30
1.499999988389792
 40
1.000000000000007
  0
CIRCLE
  5
177
102
{ACAD_REACTORS
330
749
102
}
330
1F
100
AcDbEntity
  8
默认
 62
    96
420
    32512
100
AcDbCircle
 10
278.7064814363148
 20
40.51685378680578
 30
1.499999988389792
 40
0.0031749999999988
  0
CIRCLE
  5
178
102
{ACAD_REACTORS
330
749
102
}
330
1F
100
AcDbEntity
  8
默认
 62
    96
420
    32512
100
AcDbCircle
 10
279.3624821563149
 20
77.41665552680581
 30
1.499999988389792
 40
0.0031750000000272
  0
CIRCLE
  5
179
102
{ACAD_REACTORS
330
749
102
}
330
1F
100
AcDbEntity
  8
默认
 62
    96
420
    32512
100
AcDbCircle
 10
277.4814800763147
 20
39.81665452680591
 30
1.499999988389792
 40
0.0031749999999988
  0
CIRCLE
  5
17A
102
{ACAD_REACTORS
330
749
102
}
330
1F
100
AcDbEntity
  8
默认
 62
    96
420
    32512
100
AcDbCircle
 10
25.18800941776453
 20
66.68610282535553
 30
1.499999988389792
 40
2.499999999999985
  0
CIRCLE
  5
17B
102
{ACAD_REACTORS
330
749
102
}
330
1F
100
AcDbEntity
  8
默认
 62
    96
420
    32512
100
AcDbCircle
 10
279.862481156315
 20
78.61685378680579
 30
1.499999988389792
 40
0.0031749999999988
  0
CIRCLE
  5
17C
102
{ACAD_REACTORS
330
749
102
}
330
1F
100
AcDbEntity
  8
默认
 62
    96
420
    32512
100
AcDbCircle
 10
278.7064814363148
 20
40.51685378680578
 30
1.499999988389792
 40
0.0031749999999988
  0
CIRCLE
  5
17D
102
{ACAD_REACTORS
330
749
102
}
330
1F
100
AcDbEntity
  8
默认
 62
    96
420
    32512
100
AcDbCircle
 10
277.4814800763147
 20
39.81665452680591
 30
1.499999988389792
 40
0.0031749999999988
  0
CIRCLE
  5
17E
102
{ACAD_REACTORS
330
749
102
}
330
1F
100
AcDbEntity
  8
默认
 62
    96
420
    32512
100
AcDbCircle
 10
24.63331007410125
 20
7.256154433149284
 30
1.499999988389792
 40
0.9999999999999928
  0
CIRCLE
  5
17F
102
{ACAD_REACTORS
330
749
102
}
330
1F
100
AcDbEntity
  8
默认
 62
    96
420
    32512
100
AcDbCircle
 10
199.6507497489733
 20
57.46413258910923
 30
1.499999988389792
 40
1.000000000000028
  0
CIRCLE
  5
180
102
{ACAD_REACTORS
330
749
102
}
330
1F
100
AcDbEntity
  8
默认
 62
    96
420
    32512
100
AcDbCircle
 10
279.862481156315
 20
77.91665452680593
 30
1.499999988389792
 40
0.0031749999999988
  0
CIRCLE
  5
181
102
{ACAD_REACTORS
330
749
102
}
330
1F
100
AcDbEntity
  8
默认
 62
    96
420
    32512
100
AcDbCircle
 10
281.0874799763146
 20
78.61685378680579
 30
1.499999988389792
 40
0.0031749999999988
  0
CIRCLE
  5
182
102
{ACAD_REACTORS
330
749
102
}
330
1F
100
AcDbEntity
  8
默认
 62
    96
420
    32512
100
AcDbCircle
 10
142.4962717200233
 20
75.2271831352092
 30
1.499999988389792
 40
1.0
  0
CIRCLE
  5
183
102
{ACAD_REACTORS
330
749
102
}
330
1F
100
AcDbEntity
  8
默认
 62
    96
420
    32512
100
AcDbCircle
 10
260.0381554195646
 20
66.68750777835578
 30
1.499999988389792
 40
2.499999999999943
  0
CIRCLE
  5
184
102
{ACAD_REACTORS
330
749
102
}
330
1F
100
AcDbEntity
  8
默认
 62
    96
420
    32512
100
AcDbCircle
 10
281.5874815163147
 20
79.11685278680591
 30
1.499999988389792
 40
0.0031749999999988
  0
CIRCLE
  5
185
102
{ACAD_REACTORS
330
749
102
}
330
1F
100
AcDbEntity
  8
默认
 62
    96
420
    32512
100
AcDbCircle
 10
66.30047796843337
 20
57.46413258910923
 30
1.499999988389792
 40
1.0
  0
CIRCLE
  5
186
102
{ACAD_REACTORS
330
749
102
}
330
1F
100
AcDbEntity
  8
默认
 62
    96
420
    32512
100
AcDbCircle
 10
276.9814810763146
 20
39.31665298680583
 30
1.499999988389792
 40
0.0031749999999988
  0
CIRCLE
  5
187
102
{ACAD_REACTORS
330
749
102
}
330
1F
100
AcDbEntity
  8
默认
 62
    96
420
    32512
100
AcDbCircle
 10
279.862481156315
 20
77.91665452680593
 30
1.499999988389792
 40
0.0031749999999988
  0
CIRCLE
  5
188
102
{ACAD_REACTORS
330
749
102
}
330
1F
100
AcDbEntity
  8
默认
 62
    96
420
    32512
100
AcDbCircle
 10
277.4814800763147
 20
40.51685378680578
 30
1.499999988389792
 40
0.0031749999999988
  0
CIRCLE
  5
189
102
{ACAD_REACTORS
330
749
102
}
330
1F
100
AcDbEntity
  8
默认
 62
    96
420
    32512
100
AcDbCircle
 10
190.4873189162145
 20
9.387220885065751
 30
0.0000000000000004
 40
2.50000000000032
  0
LINE
  5
18A
102
{ACAD_REACTORS
330
749
102
}
330
1F
100
AcDbEntity
  8
默认
 62
    96
420
    32512
100
AcDbLine
 10
4.533190373974321
 20
53.78720346680598
 30
1.499999988389792
 11
4.533190373974321
 21
40.78720346680598
 31
1.499999988389792
  0
ARC
  5
18B
102
{ACAD_REACTORS
330
749
102
}
330
1F
100
AcDbEntity
  8
默认
 62
    96
420
    32512
100
AcDbCircle
 10
5.033190373974321
 20
40.78720346680576
 30
1.499999988389792
 40
0.4999999999999492
100
AcDbArc
 50
179.9999999999927
 51
270.0000000000057
  0
LINE
  5
18C
102
{ACAD_REACTORS
330
749
102
}
330
1F
100
AcDbEntity
  8
默认
 62
    96
420
    32512
100
AcDbLine
 10
5.033190373974321
 20
40.28720346680576
 30
1.499999988389792
 11
22.79569037397459
 21
40.28720346680576
 31
1.499999988389792
  0
ARC
  5
18D
102
{ACAD_REACTORS
330
749
102
}
330
1F
100
AcDbEntity
  8
默认
 62
    96
420
    32512
100
AcDbCircle
 10
22.79569037397459
 20
40.78720346680576
 30
1.499999988389792
 40
0.4999999999999458
100
AcDbArc
 50
269.9999999999943
 51
0.0000000000056996
  0
LINE
  5
18E
102
{ACAD_REACTORS
330
749
102
}
330
1F
100
AcDbEntity
  8
默认
 62
    96
420
    32512
100
AcDbLine
 10
23.29569037397414
 20
40.78720346680576
 30
1.499999988389792
 11
23.29569037397414
 21
53.78720346680598
 31
1.499999988389792
  0
ARC
  5
18F
102
{ACAD_REACTORS
330
749
102
}
330
1F
100
AcDbEntity
  8
默认
 62
    96
420
    32512
100
AcDbCircle
 10
22.79569037397414
 20
53.78720346680587
 30
1.499999988389792
 40
0.5000000000000736
100
AcDbArc
 50
0.0000000000081422
 51
89.99999999999105
  0
LINE
  5
190
102
{ACAD_REACTORS
330
749
102
}
330
1F
100
AcDbEntity
  8
默认
 62
    96
420
    32512
100
AcDbLine
 10
22.79569037397414
 20
54.28720346680598
 30
1.499999988389792
 11
5.033190373974321
 21
54.28720346680587
 31
1.499999988389792
  0
ARC
  5
191
102
{ACAD_REACTORS
330
749
102
}
330
1F
100
AcDbEntity
  8
默认
 62
    96
420
    32512
100
AcDbCircle
 10
5.033190373974321
 20
53.78720346680587
 30
1.499999988389792
 40
0.5000000000000493
100
AcDbArc
 50
90.00000000000651
 51
179.9999999999951
  0
ARC
  5
192
102
{ACAD_REACTORS
330
749
102
}
330
1F
100
AcDbEntity
  8
默认
 62
    96
420
    32512
100
AcDbCircle
 10
188.3751809763144
 20
40.78720346680576
 30
1.499999988389792
 40
0.4999999999999573
100
AcDbArc
 50
179.9999999999951
 51
269.9999999999968
  0
LINE
  5
193
102
{ACAD_REACTORS
330
749
102
}
330
1F
100
AcDbEntity
  8
默认
 62
    96
420
    32512
100
AcDbLine
 10
188.3751809763148
 20
40.28720346680576
 30
1.499999988389792
 11
201.3751809763148
 21
40.28720346680576
 31
1.499999988389792
  0
ARC
  5
194
102
{ACAD_REACTORS
330
749
102
}
330
1F
100
AcDbEntity
  8
默认
 62
    96
420
    32512
100
AcDbCircle
 10
201.3751809763148
 20
40.78720346680576
 30
1.499999988389792
 40
0.4999999999999165
100
AcDbArc
 50
269.9999999999902
 51
0.0000000000097707
  0
LINE
  5
195
102
{ACAD_REACTORS
330
749
102
}
330
1F
100
AcDbEntity
  8
默认
 62
    96
420
    32512
100
AcDbLine
 10
201.8751809763148
 20
40.78720346680576
 30
1.499999988389792
 11
201.8751809763148
 21
53.78720346680587
 31
1.499999988389792
  0
ARC
  5
196
102
{ACAD_REACTORS
330
749
102
}
330
1F
100
AcDbEntity
  8
默认
 62
    96
420
    32512
100
AcDbCircle
 10
201.3751809763148
 20
53.78720346680587
 30
1.499999988389792
 40
0.4999999999999779
100
AcDbArc
 50
0.0
 51
90.00000000000325
  0
LINE
  5
197
102
{ACAD_REACTORS
330
749
102
}
330
1F
100
AcDbEntity
  8
默认
 62
    96
420
    32512
100
AcDbLine
 10
201.3751809763148
 20
54.28720346680587
 30
1.499999988389792
 11
188.3751809763148
 21
54.28720346680598
 31
1.499999988389792
  0
ARC
  5
198
102
{ACAD_REACTORS
330
749
102
}
330
1F
100
AcDbEntity
  8
默认
 62
    96
420
    32512
100
AcDbCircle
 10
188.3751809763148
 20
53.78720346680587
 30
1.499999988389792
 40
0.5000000000000778
100
AcDbArc
 50
90.00000000000978
 51
179.9999999999902
  0
LINE
  5
199
102
{ACAD_REACTORS
330
749
102
}
330
1F
100
AcDbEntity
  8
默认
 62
    96
420
    32512
100
AcDbLine
 10
187.8751809763148
 20
53.78720346680598
 30
1.499999988389792
 11
187.8751809763144
 21
40.78720346680576
 31
1.499999988389792
  0
ARC
  5
19A
102
{ACAD_REACTORS
330
749
102
}
330
1F
100
AcDbEntity
  8
默认
 62
    96
420
    32512
100
AcDbCircle
 10
169.3251809763146
 20
40.78720346680576
 30
1.499999988389792
 40
0.4999999999999573
100
AcDbArc
 50
179.9999999999951
 51
269.9999999999968
  0
LINE
  5
19B
102
{ACAD_REACTORS
330
749
102
}
330
1F
100
AcDbEntity
  8
默认
 62
    96
420
    32512
100
AcDbLine
 10
169.3251809763146
 20
40.28720346680576
 30
1.499999988389792
 11
182.3251809763146
 21
40.28720346680576
 31
1.499999988389792
  0
ARC
  5
19C
102
{ACAD_REACTORS
330
749
102
}
330
1F
100
AcDbEntity
  8
默认
 62
    96
420
    32512
100
AcDbCircle
 10
182.3251809763146
 20
40.78720346680576
 30
1.499999988389792
 40
0.4999999999998646
100
AcDbArc
 50
269.9999999999837
 51
0.0000000000154702
  0
LINE
  5
19D
102
{ACAD_REACTORS
330
749
102
}
330
1F
100
AcDbEntity
  8
默认
 62
    96
420
    32512
100
AcDbLine
 10
182.8251809763146
 20
40.78720346680576
 30
1.499999988389792
 11
182.8251809763146
 21
53.78720346680587
 31
1.499999988389792
  0
ARC
  5
19E
102
{ACAD_REACTORS
330
749
102
}
330
1F
100
AcDbEntity
  8
默认
 62
    96
420
    32512
100
AcDbCircle
 10
182.3251809763146
 20
53.78720346680587
 30
1.499999988389792
 40
0.4999999999999373
100
AcDbArc
 50
359.9999999999968
 51
90.00000000000651
  0
LINE
  5
19F
102
{ACAD_REACTORS
330
749
102
}
330
1F
100
AcDbEntity
  8
默认
 62
    96
420
    32512
100
AcDbLine
 10
182.3251809763146
 20
54.28720346680587
 30
1.499999988389792
 11
169.3251809763146
 21
54.28720346680598
 31
1.499999988389792
  0
ARC
  5
1A0
102
{ACAD_REACTORS
330
749
102
}
330
1F
100
AcDbEntity
  8
默认
 62
    96
420
    32512
100
AcDbCircle
 10
169.3251809763146
 20
53.78720346680587
 30
1.499999988389792
 40
0.5000000000000778
100
AcDbArc
 50
90.00000000000978
 51
179.9999999999902
  0
LINE
  5
1A1
102
{ACAD_REACTORS
330
749
102
}
330
1F
100
AcDbEntity
  8
默认
 62
    96
420
    32512
100
AcDbLine
 10
168.8251809763146
 20
53.78720346680598
 30
1.499999988389792
 11
168.8251809763146
 21
40.78720346680576
 31
1.499999988389792
  0
ARC
  5
1A2
102
{ACAD_REACTORS
330
749
102
}
330
1F
100
AcDbEntity
  8
默认
 62
    96
420
    32512
100
AcDbCircle
 10
275.2506809763145
 20
76.88720346680589
 30
1.499999988389792
 40
0.5000000000000538
100
AcDbArc
 50
180.0000000000082
 51
269.9999999999935
  0
LINE
  5
1A3
102
{ACAD_REACTORS
330
749
102
}
330
1F
100
AcDbEntity
  8
默认
 62
    96
420
    32512
100
AcDbLine
 10
275.2506809763145
 20
76.38720346680589
 30
1.499999988389792
 11
281.2506809763149
 21
76.38720346680589
 31
1.499999988389792
  0
ARC
  5
1A4
102
{ACAD_REACTORS
330
749
102
}
330
1F
100
AcDbEntity
  8
默认
 62
    96
420
    32512
100
AcDbCircle
 10
281.2506809763149
 20
76.88720346680577
 30
1.499999988389792
 40
0.4999999999999398
100
AcDbArc
 50
269.9999999999935
 51
0.0000000000065138
  0
POLYLINE
  5
1A5
102
{ACAD_REACTORS
330
749
102
}
330
1F
100
AcDbEntity
  8
默认
 62
    96
420
    32512
100
AcDb2dPolyline
 66
     1
 10
0.0
 20
0.0
 30
1.499999988389792
  0
VERTEX
  5
1A6
330
1A5
100
AcDbEntity
  8
默认
 62
    96
420
    32512
100
AcDbVertex
100
AcDb2dVertex
 10
281.7506809763149
 20
76.88720346680589
 30
1.499999988389792
  0
VERTEX
  5
1A7
330
1A5
100
AcDbEntity
  8
默认
 62
    96
420
    32512
100
AcDbVertex
100
AcDb2dVertex
 10
281.7506809763145
 20
78.38720346680577
 30
1.499999988389792
  0
VERTEX
  5
1A8
330
1A5
100
AcDbEntity
  8
默认
 62
    96
420
    32512
100
AcDbVertex
100
AcDb2dVertex
 10
282.3376809763149
 20
78.38720346680577
 30
1.499999988389792
  0
SEQEND
  5
1A9
330
1A5
100
AcDbEntity
  8
默认
 62
    96
420
    32512
  0
ARC
  5
1AA
102
{ACAD_REACTORS
330
749
102
}
330
1F
100
AcDbEntity
  8
默认
 62
    96
420
    32512
100
AcDbCircle
 10
282.3376809763149
 20
78.88720346680566
 30
1.499999988389792
 40
0.4999999999998496
100
AcDbArc
 50
269.999999999987
 51
0.0000000000162844
  0
LINE
  5
1AB
102
{ACAD_REACTORS
330
749
102
}
330
1F
100
AcDbEntity
  8
默认
 62
    96
420
    32512
100
AcDbLine
 10
282.8376809763149
 20
78.88720346680577
 30
1.499999988389792
 11
282.8376809763145
 21
91.88720346680589
 31
1.499999988389792
  0
ARC
  5
1AC
102
{ACAD_REACTORS
330
749
102
}
330
1F
100
AcDbEntity
  8
默认
 62
    96
420
    32512
100
AcDbCircle
 10
282.3376809763149
 20
91.88720346680611
 30
1.499999988389792
 40
0.4999999999997634
100
AcDbArc
 50
359.9999999999707
 51
90.0000000000391
  0
LINE
  5
1AD
102
{ACAD_REACTORS
330
749
102
}
330
1F
100
AcDbEntity
  8
默认
 62
    96
420
    32512
100
AcDbLine
 10
282.3376809763149
 20
92.38720346680589
 30
1.499999988389792
 11
250.2876809763147
 21
92.38720346680577
 31
1.499999988389792
  0
ARC
  5
1AE
102
{ACAD_REACTORS
330
749
102
}
330
1F
100
AcDbEntity
  8
默认
 62
    96
420
    32512
100
AcDbCircle
 10
250.2876809763147
 20
91.88720346680589
 30
1.499999988389792
 40
0.4999999999998881
100
AcDbArc
 50
89.99999999998697
 51
180.000000000013
  0
LINE
  5
1AF
102
{ACAD_REACTORS
330
749
102
}
330
1F
100
AcDbEntity
  8
默认
 62
    96
420
    32512
100
AcDbLine
 10
249.7876809763147
 20
91.88720346680577
 30
1.499999988389792
 11
249.7876809763147
 21
78.88720346680577
 31
1.499999988389792
  0
ARC
  5
1B0
102
{ACAD_REACTORS
330
749
102
}
330
1F
100
AcDbEntity
  8
默认
 62
    96
420
    32512
100
AcDbCircle
 10
250.2876809763147
 20
78.88720346680577
 30
1.499999988389792
 40
0.5000000000000365
100
AcDbArc
 50
179.9999999999984
 51
269.9999999999968
  0
POLYLINE
  5
1B1
102
{ACAD_REACTORS
330
749
102
}
330
1F
100
AcDbEntity
  8
默认
 62
    96
420
    32512
100
AcDb2dPolyline
 66
     1
 10
0.0
 20
0.0
 30
1.499999988389792
  0
VERTEX
  5
1B2
330
1B1
100
AcDbEntity
  8
默认
 62
    96
420
    32512
100
AcDbVertex
100
AcDb2dVertex
 10
250.2876809763147
 20
78.38720346680577
 30
1.499999988389792
  0
VERTEX
  5
1B3
330
1B1
100
AcDbEntity
  8
默认
 62
    96
420
    32512
100
AcDbVertex
100
AcDb2dVertex
 10
250.8746809763147
 20
78.38720346680577
 30
1.499999988389792
  0
VERTEX
  5
1B4
330
1B1
100
AcDbEntity
  8
默认
 62
    96
420
    32512
100
AcDbVertex
100
AcDb2dVertex
 10
250.8746809763147
 20
76.88720346680577
 30
1.499999988389792
  0
SEQEND
  5
1B5
330
1B1
100
AcDbEntity
  8
默认
 62
    96
420
    32512
  0
ARC
  5
1B6
102
{ACAD_REACTORS
330
749
102
}
330
1F
100
AcDbEntity
  8
默认
 62
    96
420
    32512
100
AcDbCircle
 10
251.3746809763147
 20
76.88720346680577
 30
1.499999988389792
 40
0.4999999999999089
100
AcDbArc
 50
179.9999999999935
 51
270.0000000000065
  0
LINE
  5
1B7
102
{ACAD_REACTORS
330
749
102
}
330
1F
100
AcDbEntity
  8
默认
 62
    96
420
    32512
100
AcDbLine
 10
251.3746809763147
 20
76.38720346680589
 30
1.499999988389792
 11
257.3746809763147
 21
76.38720346680589
 31
1.499999988389792
  0
ARC
  5
1B8
102
{ACAD_REACTORS
330
749
102
}
330
1F
100
AcDbEntity
  8
默认
 62
    96
420
    32512
100
AcDbCircle
 10
257.3746809763147
 20
76.88720346680577
 30
1.499999988389792
 40
0.4999999999999299
100
AcDbArc
 50
269.9999999999935
 51
0.0000000000081422
  0
POLYLINE
  5
1B9
102
{ACAD_REACTORS
330
749
102
}
330
1F
100
AcDbEntity
  8
默认
 62
    96
420
    32512
100
AcDb2dPolyline
 66
     1
 10
0.0
 20
0.0
 30
1.499999988389792
  0
VERTEX
  5
1BA
330
1B9
100
AcDbEntity
  8
默认
 62
    96
420
    32512
100
AcDbVertex
100
AcDb2dVertex
 10
257.8746809763147
 20
76.88720346680577
 30
1.499999988389792
  0
VERTEX
  5
1BB
330
1B9
100
AcDbEntity
  8
默认
 62
    96
420
    32512
100
AcDbVertex
100
AcDb2dVertex
 10
257.8746809763147
 20
78.38720346680577
 30
1.499999988389792
  0
VERTEX
  5
1BC
330
1B9
100
AcDbEntity
  8
默认
 62
    96
420
    32512
100
AcDbVertex
100
AcDb2dVertex
 10
274.7506809763145
 20
78.38720346680577
 30
1.499999988389792
  0
VERTEX
  5
1BD
330
1B9
100
AcDbEntity
  8
默认
 62
    96
420
    32512
100
AcDbVertex
100
AcDb2dVertex
 10
274.7506809763145
 20
76.88720346680577
 30
1.499999988389792
  0
SEQEND
  5
1BE
330
1B9
100
AcDbEntity
  8
默认
 62
    96
420
    32512
  0
ARC
  5
1BF
102
{ACAD_REACTORS
330
749
102
}
330
1F
100
AcDbEntity
  8
默认
 62
    96
420
    32512
100
AcDbCircle
 10
69.31268097631482
 20
59.83720346680582
 30
1.499999988389792
 40
0.4999999999999846
100
AcDbArc
 50
179.9999999999984
 51
270.0000000000016
  0
LINE
  5
1C0
102
{ACAD_REACTORS
330
749
102
}
330
1F
100
AcDbEntity
  8
默认
 62
    96
420
    32512
100
AcDbLine
 10
69.31268097631482
 20
59.33720346680582
 30
1.499999988389792
 11
82.31268097631482
 21
59.33720346680582
 31
1.499999988389792
  0
ARC
  5
1C1
102
{ACAD_REACTORS
330
749
102
}
330
1F
100
AcDbEntity
  8
默认
 62
    96
420
    32512
100
AcDbCircle
 10
82.31268097631482
 20
59.83720346680571
 30
1.499999988389792
 40
0.4999999999998691
100
AcDbArc
 50
269.999999999987
 51
0.000000000014656
  0
LINE
  5
1C2
102
{ACAD_REACTORS
330
749
102
}
330
1F
100
AcDbEntity
  8
默认
 62
    96
420
    32512
100
AcDbLine
 10
82.81268097631482
 20
59.83720346680582
 30
1.499999988389792
 11
82.81268097631482
 21
72.83720346680582
 31
1.499999988389792
  0
ARC
  5
1C3
102
{ACAD_REACTORS
330
749
102
}
330
1F
100
AcDbEntity
  8
默认
 62
    96
420
    32512
100
AcDbCircle
 10
82.31268097631482
 20
72.83720346680593
 30
1.499999988389792
 40
0.4999999999999766
100
AcDbArc
 50
359.9999999999951
 51
90.00000000000162
  0
LINE
  5
1C4
102
{ACAD_REACTORS
330
749
102
}
330
1F
100
AcDbEntity
  8
默认
 62
    96
420
    32512
100
AcDbLine
 10
82.31268097631482
 20
73.33720346680593
 30
1.499999988389792
 11
69.31268097631482
 21
73.33720346680593
 31
1.499999988389792
  0
ARC
  5
1C5
102
{ACAD_REACTORS
330
749
102
}
330
1F
100
AcDbEntity
  8
默认
 62
    96
420
    32512
100
AcDbCircle
 10
69.31268097631482
 20
72.83720346680582
 30
1.499999988389792
 40
0.500000000000064
100
AcDbArc
 50
90.00000000000651
 51
179.9999999999919
  0
LINE
  5
1C6
102
{ACAD_REACTORS
330
749
102
}
330
1F
100
AcDbEntity
  8
默认
 62
    96
420
    32512
100
AcDbLine
 10
68.81268097631482
 20
72.83720346680582
 30
1.499999988389792
 11
68.81268097631482
 21
59.83720346680582
 31
1.499999988389792
  0
ARC
  5
1C7
102
{ACAD_REACTORS
330
749
102
}
330
1F
100
AcDbEntity
  8
默认
 62
    96
420
    32512
100
AcDbCircle
 10
212.1876809763148
 20
78.88720346680577
 30
1.499999988389792
 40
0.4999999999999757
100
AcDbArc
 50
179.9999999999967
 51
270.0000000000032
  0
LINE
  5
1C8
102
{ACAD_REACTORS
330
749
102
}
330
1F
100
AcDbEntity
  8
默认
 62
    96
420
    32512
100
AcDbLine
 10
212.1876809763148
 20
78.38720346680577
 30
1.499999988389792
 11
225.1876809763144
 21
78.38720346680577
 31
1.499999988389792
  0
ARC
  5
1C9
102
{ACAD_REACTORS
330
749
102
}
330
1F
100
AcDbEntity
  8
默认
 62
    96
420
    32512
100
AcDbCircle
 10
225.1876809763144
 20
78.88720346680589
 30
1.499999988389792
 40
0.5000000000000921
100
AcDbArc
 50
270.0000000000065
 51
359.9999999999886
  0
LINE
  5
1CA
102
{ACAD_REACTORS
330
749
102
}
330
1F
100
AcDbEntity
  8
默认
 62
    96
420
    32512
100
AcDbLine
 10
225.6876809763148
 20
78.88720346680577
 30
1.499999988389792
 11
225.6876809763148
 21
91.88720346680577
 31
1.499999988389792
  0
ARC
  5
1CB
102
{ACAD_REACTORS
330
749
102
}
330
1F
100
AcDbEntity
  8
默认
 62
    96
420
    32512
100
AcDbCircle
 10
225.1876809763148
 20
91.88720346680589
 30
1.499999988389792
 40
0.4999999999999487
100
AcDbArc
 50
359.9999999999902
 51
90.0
  0
LINE
  5
1CC
102
{ACAD_REACTORS
330
749
102
}
330
1F
100
AcDbEntity
  8
默认
 62
    96
420
    32512
100
AcDbLine
 10
225.1876809763148
 20
92.38720346680589
 30
1.499999988389792
 11
212.1876809763148
 21
92.38720346680577
 31
1.499999988389792
  0
ARC
  5
1CD
102
{ACAD_REACTORS
330
749
102
}
330
1F
100
AcDbEntity
  8
默认
 62
    96
420
    32512
100
AcDbCircle
 10
212.1876809763148
 20
91.88720346680589
 30
1.499999988389792
 40
0.499999999999913
100
AcDbArc
 50
89.99999999999675
 51
180.0000000000097
  0
LINE
  5
1CE
102
{ACAD_REACTORS
330
749
102
}
330
1F
100
AcDbEntity
  8
默认
 62
    96
420
    32512
100
AcDbLine
 10
211.6876809763148
 20
91.88720346680577
 30
1.499999988389792
 11
211.6876809763148
 21
78.88720346680577
 31
1.499999988389792
  0
ARC
  5
1CF
102
{ACAD_REACTORS
330
749
102
}
330
1F
100
AcDbEntity
  8
默认
 62
    96
420
    32512
100
AcDbCircle
 10
102.6501809763149
 20
21.73720346680603
 30
1.499999988389792
 40
0.5000000000001888
100
AcDbArc
 50
180.000000000022
 51
269.9999999999804
  0
LINE
  5
1D0
102
{ACAD_REACTORS
330
749
102
}
330
1F
100
AcDbEntity
  8
默认
 62
    96
420
    32512
100
AcDbLine
 10
102.6501809763145
 20
21.23720346680557
 30
1.499999988389792
 11
115.6501809763145
 21
21.23720346680557
 31
1.499999988389792
  0
ARC
  5
1D1
102
{ACAD_REACTORS
330
749
102
}
330
1F
100
AcDbEntity
  8
默认
 62
    96
420
    32512
100
AcDbCircle
 10
115.6501809763145
 20
21.73720346680603
 30
1.499999988389792
 40
0.5000000000001831
100
AcDbArc
 50
270.0000000000196
 51
359.9999999999788
  0
LINE
  5
1D2
102
{ACAD_REACTORS
330
749
102
}
330
1F
100
AcDbEntity
  8
默认
 62
    96
420
    32512
100
AcDbLine
 10
116.1501809763145
 20
21.73720346680557
 30
1.499999988389792
 11
116.1501809763149
 21
34.73720346680557
 31
1.499999988389792
  0
ARC
  5
1D3
102
{ACAD_REACTORS
330
749
102
}
330
1F
100
AcDbEntity
  8
默认
 62
    96
420
    32512
100
AcDbCircle
 10
115.6501809763149
 20
34.7372034668058
 30
1.499999988389792
 40
0.4999999999999028
100
AcDbArc
 50
359.9999999999919
 51
90.00000000001303
  0
LINE
  5
1D4
102
{ACAD_REACTORS
330
749
102
}
330
1F
100
AcDbEntity
  8
默认
 62
    96
420
    32512
100
AcDbLine
 10
115.6501809763149
 20
35.23720346680557
 30
1.499999988389792
 11
102.6501809763149
 21
35.23720346680557
 31
1.499999988389792
  0
ARC
  5
1D5
102
{ACAD_REACTORS
330
749
102
}
330
1F
100
AcDbEntity
  8
默认
 62
    96
420
    32512
100
AcDbCircle
 10
102.6501809763145
 20
34.7372034668058
 30
1.499999988389792
 40
0.4999999999999432
100
AcDbArc
 50
89.99999999999349
 51
180.0000000000065
  0
LINE
  5
1D6
102
{ACAD_REACTORS
330
749
102
}
330
1F
100
AcDbEntity
  8
默认
 62
    96
420
    32512
100
AcDbLine
 10
102.1501809763145
 20
34.7372034668058
 30
1.499999988389792
 11
102.1501809763149
 21
21.73720346680557
 31
1.499999988389792
  0
LINE
  5
1D7
102
{ACAD_REACTORS
330
749
102
}
330
1F
100
AcDbEntity
  8
默认
 62
    96
420
    32512
100
AcDbLine
 10
52.14393097631455
 20
15.68720346680585
 30
1.499999988389792
 11
52.14393097631455
 21
2.687203466805848
 31
1.499999988389792
  0
ARC
  5
1D8
102
{ACAD_REACTORS
330
749
102
}
330
1F
100
AcDbEntity
  8
默认
 62
    96
420
    32512
100
AcDbCircle
 10
52.64393097631455
 20
2.687203466805848
 30
1.499999988389792
 40
0.5000000000000516
100
AcDbArc
 50
180.0000000000073
 51
269.9999999999935
  0
LINE
  5
1D9
102
{ACAD_REACTORS
330
749
102
}
330
1F
100
AcDbEntity
  8
默认
 62
    96
420
    32512
100
AcDbLine
 10
52.64393097631455
 20
2.187203466805848
 30
1.499999988389792
 11
68.02518097631491
 21
2.187203466805848
 31
1.499999988389792
  0
ARC
  5
1DA
102
{ACAD_REACTORS
330
749
102
}
330
1F
100
AcDbEntity
  8
默认
 62
    96
420
    32512
100
AcDbCircle
 10
68.02518097631446
 20
2.687203466805848
 30
1.499999988389792
 40
0.5000000000000449
100
AcDbArc
 50
270.0000000000065
 51
359.9999999999951
  0
LINE
  5
1DB
102
{ACAD_REACTORS
330
749
102
}
330
1F
100
AcDbEntity
  8
默认
 62
    96
420
    32512
100
AcDbLine
 10
68.52518097631446
 20
2.687203466805848
 30
1.499999988389792
 11
68.52518097631491
 21
15.68720346680585
 31
1.499999988389792
  0
ARC
  5
1DC
102
{ACAD_REACTORS
330
749
102
}
330
1F
100
AcDbEntity
  8
默认
 62
    96
420
    32512
100
AcDbCircle
 10
68.02518097631491
 20
15.68720346680585
 30
1.499999988389792
 40
0.4999999999999199
100
AcDbArc
 50
359.999999999991
 51
90.00000000000487
  0
LINE
  5
1DD
102
{ACAD_REACTORS
330
749
102
}
330
1F
100
AcDbEntity
  8
默认
 62
    96
420
    32512
100
AcDbLine
 10
68.02518097631491
 20
16.18720346680585
 30
1.499999988389792
 11
52.64393097631455
 21
16.18720346680585
 31
1.499999988389792
  0
ARC
  5
1DE
102
{ACAD_REACTORS
330
749
102
}
330
1F
100
AcDbEntity
  8
默认
 62
    96
420
    32512
100
AcDbCircle
 10
52.64393097631455
 20
15.68720346680585
 30
1.499999988389792
 40
0.4999999999999571
100
AcDbArc
 50
89.99999999999675
 51
180.0000000000049
  0
ARC
  5
1DF
102
{ACAD_REACTORS
330
749
102
}
330
1F
100
AcDbEntity
  8
默认
 62
    96
420
    32512
100
AcDbCircle
 10
202.6626809763147
 20
59.83720346680582
 30
1.499999988389792
 40
0.4999999999999311
100
AcDbArc
 50
179.9999999999919
 51
270.000000000013
  0
LINE
  5
1E0
102
{ACAD_REACTORS
330
749
102
}
330
1F
100
AcDbEntity
  8
默认
 62
    96
420
    32512
100
AcDbLine
 10
202.6626809763147
 20
59.33720346680594
 30
1.499999988389792
 11
215.6626809763147
 21
59.33720346680582
 31
1.499999988389792
  0
ARC
  5
1E1
102
{ACAD_REACTORS
330
749
102
}
330
1F
100
AcDbEntity
  8
默认
 62
    96
420
    32512
100
AcDbCircle
 10
215.6626809763147
 20
59.83720346680582
 30
1.499999988389792
 40
0.4999999999999249
100
AcDbArc
 50
269.999999999987
 51
0.0000000000097707
  0
LINE
  5
1E2
102
{ACAD_REACTORS
330
749
102
}
330
1F
100
AcDbEntity
  8
默认
 62
    96
420
    32512
100
AcDbLine
 10
216.1626809763147
 20
59.83720346680594
 30
1.499999988389792
 11
216.1626809763147
 21
72.83720346680582
 31
1.499999988389792
  0
ARC
  5
1E3
102
{ACAD_REACTORS
330
749
102
}
330
1F
100
AcDbEntity
  8
默认
 62
    96
420
    32512
100
AcDbCircle
 10
215.6626809763147
 20
72.83720346680582
 30
1.499999988389792
 40
0.4999999999999686
100
AcDbArc
 50
359.9999999999984
 51
90.00000000000325
  0
LINE
  5
1E4
102
{ACAD_REACTORS
330
749
102
}
330
1F
100
AcDbEntity
  8
默认
 62
    96
420
    32512
100
AcDbLine
 10
215.6626809763147
 20
73.33720346680582
 30
1.499999988389792
 11
202.6626809763147
 21
73.33720346680582
 31
1.499999988389792
  0
ARC
  5
1E5
102
{ACAD_REACTORS
330
749
102
}
330
1F
100
AcDbEntity
  8
默认
 62
    96
420
    32512
100
AcDbCircle
 10
202.6626809763147
 20
72.83720346680582
 30
1.499999988389792
 40
0.5000000000000469
100
AcDbArc
 50
90.00000000000978
 51
179.9999999999935
  0
LINE
  5
1E6
102
{ACAD_REACTORS
330
749
102
}
330
1F
100
AcDbEntity
  8
默认
 62
    96
420
    32512
100
AcDbLine
 10
202.1626809763147
 20
72.83720346680582
 30
1.499999988389792
 11
202.1626809763147
 21
59.83720346680594
 31
1.499999988389792
  0
ARC
  5
1E7
102
{ACAD_REACTORS
330
749
102
}
330
1F
100
AcDbEntity
  8
默认
 62
    96
420
    32512
100
AcDbCircle
 10
83.60018097631473
 20
21.73720346680603
 30
1.499999988389792
 40
0.500000000000193
100
AcDbArc
 50
180.000000000022
 51
269.9999999999772
  0
LINE
  5
1E8
102
{ACAD_REACTORS
330
749
102
}
330
1F
100
AcDbEntity
  8
默认
 62
    96
420
    32512
100
AcDbLine
 10
83.60018097631428
 20
21.23720346680557
 30
1.499999988389792
 11
96.60018097631473
 21
21.23720346680557
 31
1.499999988389792
  0
ARC
  5
1E9
102
{ACAD_REACTORS
330
749
102
}
330
1F
100
AcDbEntity
  8
默认
 62
    96
420
    32512
100
AcDbCircle
 10
96.60018097631428
 20
21.73720346680603
 30
1.499999988389792
 40
0.5000000000001523
100
AcDbArc
 50
270.0000000000163
 51
359.9999999999821
  0
LINE
  5
1EA
102
{ACAD_REACTORS
330
749
102
}
330
1F
100
AcDbEntity
  8
默认
 62
    96
420
    32512
100
AcDbLine
 10
97.10018097631428
 20
21.73720346680557
 30
1.499999988389792
 11
97.10018097631473
 21
34.73720346680557
 31
1.499999988389792
  0
ARC
  5
1EB
102
{ACAD_REACTORS
330
749
102
}
330
1F
100
AcDbEntity
  8
默认
 62
    96
420
    32512
100
AcDbCircle
 10
96.60018097631473
 20
34.7372034668058
 30
1.499999988389792
 40
0.4999999999998963
100
AcDbArc
 50
359.9999999999878
 51
90.00000000000978
  0
LINE
  5
1EC
102
{ACAD_REACTORS
330
749
102
}
330
1F
100
AcDbEntity
  8
默认
 62
    96
420
    32512
100
AcDbLine
 10
96.60018097631473
 20
35.23720346680557
 30
1.499999988389792
 11
83.60018097631473
 21
35.23720346680557
 31
1.499999988389792
  0
ARC
  5
1ED
102
{ACAD_REACTORS
330
749
102
}
330
1F
100
AcDbEntity
  8
默认
 62
    96
420
    32512
100
AcDbCircle
 10
83.60018097631473
 20
34.7372034668058
 30
1.499999988389792
 40
0.4999999999998792
100
AcDbArc
 50
89.99999999999022
 51
180.0000000000138
  0
LINE
  5
1EE
102
{ACAD_REACTORS
330
749
102
}
330
1F
100
AcDbEntity
  8
默认
 62
    96
420
    32512
100
AcDbLine
 10
83.10018097631473
 20
34.73720346680557
 30
1.499999988389792
 11
83.10018097631473
 21
21.73720346680557
 31
1.499999988389792
  0
LINE
  5
1EF
102
{ACAD_REACTORS
330
749
102
}
330
1F
100
AcDbEntity
  8
默认
 62
    96
420
    32512
100
AcDbLine
 10
28.33143097631455
 20
15.68720346680585
 30
1.499999988389792
 11
28.33143097631455
 21
2.687203466805848
 31
1.499999988389792
  0
ARC
  5
1F0
102
{ACAD_REACTORS
330
749
102
}
330
1F
100
AcDbEntity
  8
默认
 62
    96
420
    32512
100
AcDbCircle
 10
28.83143097631455
 20
2.687203466805848
 30
1.499999988389792
 40
0.5000000000001157
100
AcDbArc
 50
180.0000000000126
 51
269.9999999999862
  0
LINE
  5
1F1
102
{ACAD_REACTORS
330
749
102
}
330
1F
100
AcDbEntity
  8
默认
 62
    96
420
    32512
100
AcDbLine
 10
28.83143097631455
 20
2.187203466805848
 30
1.499999988389792
 11
44.21268097631446
 21
2.187203466805848
 31
1.499999988389792
  0
ARC
  5
1F2
102
{ACAD_REACTORS
330
749
102
}
330
1F
100
AcDbEntity
  8
默认
 62
    96
420
    32512
100
AcDbCircle
 10
44.21268097631446
 20
2.687203466805848
 30
1.499999988389792
 40
0.5000000000000094
100
AcDbArc
 50
270.0000000000016
 51
359.9999999999992
  0
LINE
  5
1F3
102
{ACAD_REACTORS
330
749
102
}
330
1F
100
AcDbEntity
  8
默认
 62
    96
420
    32512
100
AcDbLine
 10
44.71268097631446
 20
2.687203466805848
 30
1.499999988389792
 11
44.71268097631491
 21
15.68720346680585
 31
1.499999988389792
  0
ARC
  5
1F4
102
{ACAD_REACTORS
330
749
102
}
330
1F
100
AcDbEntity
  8
默认
 62
    96
420
    32512
100
AcDbCircle
 10
44.21268097631491
 20
15.68720346680585
 30
1.499999988389792
 40
0.4999999999999208
100
AcDbArc
 50
359.999999999991
 51
90.00000000000813
  0
LINE
  5
1F5
102
{ACAD_REACTORS
330
749
102
}
330
1F
100
AcDbEntity
  8
默认
 62
    96
420
    32512
100
AcDbLine
 10
44.21268097631491
 20
16.18720346680585
 30
1.499999988389792
 11
28.83143097631455
 21
16.18720346680585
 31
1.499999988389792
  0
ARC
  5
1F6
102
{ACAD_REACTORS
330
749
102
}
330
1F
100
AcDbEntity
  8
默认
 62
    96
420
    32512
100
AcDbCircle
 10
28.83143097631455
 20
15.68720346680585
 30
1.499999988389792
 40
0.5000000000000087
100
AcDbArc
 50
90.0
 51
179.9999999999992
  0
ARC
  5
1F7
102
{ACAD_REACTORS
330
749
102
}
330
1F
100
AcDbEntity
  8
默认
 62
    96
420
    32512
100
AcDbCircle
 10
40.73768097631455
 20
78.88720346680589
 30
1.499999988389792
 40
0.5000000000000242
100
AcDbArc
 50
180.0000000000032
 51
269.9999999999984
  0
LINE
  5
1F8
102
{ACAD_REACTORS
330
749
102
}
330
1F
100
AcDbEntity
  8
默认
 62
    96
420
    32512
100
AcDbLine
 10
40.73768097631455
 20
78.38720346680589
 30
1.499999988389792
 11
53.73768097631455
 21
78.38720346680577
 31
1.499999988389792
  0
ARC
  5
1F9
102
{ACAD_REACTORS
330
749
102
}
330
1F
100
AcDbEntity
  8
默认
 62
    96
420
    32512
100
AcDbCircle
 10
53.73768097631455
 20
78.88720346680577
 30
1.499999988389792
 40
0.4999999999999674
100
AcDbArc
 50
269.9999999999951
 51
0.0000000000048853
  0
LINE
  5
1FA
102
{ACAD_REACTORS
330
749
102
}
330
1F
100
AcDbEntity
  8
默认
 62
    96
420
    32512
100
AcDbLine
 10
54.23768097631455
 20
78.88720346680577
 30
1.499999988389792
 11
54.23768097631455
 21
91.88720346680577
 31
1.499999988389792
  0
ARC
  5
1FB
102
{ACAD_REACTORS
330
749
102
}
330
1F
100
AcDbEntity
  8
默认
 62
    96
420
    32512
100
AcDbCircle
 10
53.73768097631455
 20
91.88720346680589
 30
1.499999988389792
 40
0.4999999999999219
100
AcDbArc
 50
359.9999999999902
 51
90.00000000000813
  0
LINE
  5
1FC
102
{ACAD_REACTORS
330
749
102
}
330
1F
100
AcDbEntity
  8
默认
 62
    96
420
    32512
100
AcDbLine
 10
53.73768097631455
 20
92.38720346680577
 30
1.499999988389792
 11
40.73768097631455
 21
92.38720346680589
 31
1.499999988389792
  0
ARC
  5
1FD
102
{ACAD_REACTORS
330
749
102
}
330
1F
100
AcDbEntity
  8
默认
 62
    96
420
    32512
100
AcDbCircle
 10
40.73768097631455
 20
91.88720346680589
 30
1.499999988389792
 40
0.4999999999999533
100
AcDbArc
 50
89.99999999999349
 51
180.0000000000065
  0
LINE
  5
1FE
102
{ACAD_REACTORS
330
749
102
}
330
1F
100
AcDbEntity
  8
默认
 62
    96
420
    32512
100
AcDbLine
 10
40.23768097631455
 20
91.88720346680577
 30
1.499999988389792
 11
40.23768097631455
 21
78.88720346680589
 31
1.499999988389792
  0
ARC
  5
1FF
102
{ACAD_REACTORS
330
749
102
}
330
1F
100
AcDbEntity
  8
默认
 62
    96
420
    32512
100
AcDbCircle
 10
140.7501809763148
 20
21.73720346680603
 30
1.499999988389792
 40
0.5000000000002132
100
AcDbArc
 50
180.0000000000244
 51
269.999999999974
  0
LINE
  5
200
102
{ACAD_REACTORS
330
749
102
}
330
1F
100
AcDbEntity
  8
默认
 62
    96
420
    32512
100
AcDbLine
 10
140.7501809763144
 20
21.23720346680557
 30
1.499999988389792
 11
153.7501809763144
 21
21.23720346680557
 31
1.499999988389792
  0
ARC
  5
201
102
{ACAD_REACTORS
330
749
102
}
330
1F
100
AcDbEntity
  8
默认
 62
    96
420
    32512
100
AcDbCircle
 10
153.7501809763144
 20
21.7372034668058
 30
1.499999988389792
 40
0.500000000000081
100
AcDbArc
 50
270.0000000000098
 51
359.9999999999902
  0
LINE
  5
202
102
{ACAD_REACTORS
330
749
102
}
330
1F
100
AcDbEntity
  8
默认
 62
    96
420
    32512
100
AcDbLine
 10
154.2501809763144
 20
21.73720346680557
 30
1.499999988389792
 11
154.2501809763144
 21
34.73720346680557
 31
1.499999988389792
  0
ARC
  5
203
102
{ACAD_REACTORS
330
749
102
}
330
1F
100
AcDbEntity
  8
默认
 62
    96
420
    32512
100
AcDbCircle
 10
153.7501809763148
 20
34.73720346680603
 30
1.499999988389792
 40
0.4999999999998306
100
AcDbArc
 50
359.9999999999821
 51
90.00000000001629
  0
LINE
  5
204
102
{ACAD_REACTORS
330
749
102
}
330
1F
100
AcDbEntity
  8
默认
 62
    96
420
    32512
100
AcDbLine
 10
153.7501809763144
 20
35.2372034668058
 30
1.499999988389792
 11
140.7501809763144
 21
35.23720346680557
 31
1.499999988389792
  0
ARC
  5
205
102
{ACAD_REACTORS
330
749
102
}
330
1F
100
AcDbEntity
  8
默认
 62
    96
420
    32512
100
AcDbCircle
 10
140.7501809763144
 20
34.7372034668058
 30
1.499999988389792
 40
0.4999999999999424
100
AcDbArc
 50
89.99999999999349
 51
180.0000000000065
  0
LINE
  5
206
102
{ACAD_REACTORS
330
749
102
}
330
1F
100
AcDbEntity
  8
默认
 62
    96
420
    32512
100
AcDbLine
 10
140.2501809763144
 20
34.73720346680557
 30
1.499999988389792
 11
140.2501809763148
 21
21.73720346680557
 31
1.499999988389792
  0
ARC
  5
207
102
{ACAD_REACTORS
330
749
102
}
330
1F
100
AcDbEntity
  8
默认
 62
    96
420
    32512
100
AcDbCircle
 10
164.5626809763144
 20
59.83720346680582
 30
1.499999988389792
 40
0.4999999999999247
100
AcDbArc
 50
179.9999999999919
 51
270.0000000000032
  0
LINE
  5
208
102
{ACAD_REACTORS
330
749
102
}
330
1F
100
AcDbEntity
  8
默认
 62
    96
420
    32512
100
AcDbLine
 10
164.5626809763148
 20
59.33720346680582
 30
1.499999988389792
 11
177.5626809763148
 21
59.33720346680582
 31
1.499999988389792
  0
ARC
  5
209
102
{ACAD_REACTORS
330
749
102
}
330
1F
100
AcDbEntity
  8
默认
 62
    96
420
    32512
100
AcDbCircle
 10
177.5626809763148
 20
59.83720346680582
 30
1.499999988389792
 40
0.500000000000005
100
AcDbArc
 50
270.0000000000032
 51
359.9999999999984
  0
LINE
  5
20A
102
{ACAD_REACTORS
330
749
102
}
330
1F
100
AcDbEntity
  8
默认
 62
    96
420
    32512
100
AcDbLine
 10
178.0626809763148
 20
59.83720346680582
 30
1.499999988389792
 11
178.0626809763148
 21
72.83720346680582
 31
1.499999988389792
  0
ARC
  5
20B
102
{ACAD_REACTORS
330
749
102
}
330
1F
100
AcDbEntity
  8
默认
 62
    96
420
    32512
100
AcDbCircle
 10
177.5626809763148
 20
72.83720346680582
 30
1.499999988389792
 40
0.5000000000000389
100
AcDbArc
 50
0.0000000000048853
 51
89.99999999999349
  0
LINE
  5
20C
102
{ACAD_REACTORS
330
749
102
}
330
1F
100
AcDbEntity
  8
默认
 62
    96
420
    32512
100
AcDbLine
 10
177.5626809763148
 20
73.33720346680582
 30
1.499999988389792
 11
164.5626809763148
 21
73.33720346680582
 31
1.499999988389792
  0
ARC
  5
20D
102
{ACAD_REACTORS
330
749
102
}
330
1F
100
AcDbEntity
  8
默认
 62
    96
420
    32512
100
AcDbCircle
 10
164.5626809763148
 20
72.83720346680582
 30
1.499999988389792
 40
0.500000000000005
100
AcDbArc
 50
90.00000000000325
 51
179.9999999999984
  0
LINE
  5
20E
102
{ACAD_REACTORS
330
749
102
}
330
1F
100
AcDbEntity
  8
默认
 62
    96
420
    32512
100
AcDbLine
 10
164.0626809763148
 20
72.83720346680582
 30
1.499999988389792
 11
164.0626809763144
 21
59.83720346680594
 31
1.499999988389792
  0
ARC
  5
20F
102
{ACAD_REACTORS
330
749
102
}
330
1F
100
AcDbEntity
  8
默认
 62
    96
420
    32512
100
AcDbCircle
 10
31.21268097631446
 20
59.83720346680582
 30
1.499999988389792
 40
0.4999999999999716
100
AcDbArc
 50
179.9999999999967
 51
270.0000000000032
  0
LINE
  5
210
102
{ACAD_REACTORS
330
749
102
}
330
1F
100
AcDbEntity
  8
默认
 62
    96
420
    32512
100
AcDbLine
 10
31.21268097631446
 20
59.33720346680582
 30
1.499999988389792
 11
44.21268097631446
 21
59.33720346680582
 31
1.499999988389792
  0
ARC
  5
211
102
{ACAD_REACTORS
330
749
102
}
330
1F
100
AcDbEntity
  8
默认
 62
    96
420
    32512
100
AcDbCircle
 10
44.21268097631491
 20
59.83720346680571
 30
1.499999988389792
 40
0.4999999999998558
100
AcDbArc
 50
269.9999999999853
 51
0.0000000000162844
  0
LINE
  5
212
102
{ACAD_REACTORS
330
749
102
}
330
1F
100
AcDbEntity
  8
默认
 62
    96
420
    32512
100
AcDbLine
 10
44.71268097631491
 20
59.83720346680582
 30
1.499999988389792
 11
44.71268097631446
 21
72.83720346680582
 31
1.499999988389792
  0
ARC
  5
213
102
{ACAD_REACTORS
330
749
102
}
330
1F
100
AcDbEntity
  8
默认
 62
    96
420
    32512
100
AcDbCircle
 10
44.21268097631446
 20
72.83720346680582
 30
1.499999988389792
 40
0.5000000000000142
100
AcDbArc
 50
0.0000000000016284
 51
89.99999999999837
  0
LINE
  5
214
102
{ACAD_REACTORS
330
749
102
}
330
1F
100
AcDbEntity
  8
默认
 62
    96
420
    32512
100
AcDbLine
 10
44.21268097631446
 20
73.33720346680582
 30
1.499999988389792
 11
31.21268097631491
 21
73.33720346680582
 31
1.499999988389792
  0
ARC
  5
215
102
{ACAD_REACTORS
330
749
102
}
330
1F
100
AcDbEntity
  8
默认
 62
    96
420
    32512
100
AcDbCircle
 10
31.21268097631491
 20
72.83720346680582
 30
1.499999988389792
 40
0.5000000000000548
100
AcDbArc
 50
90.00000000000813
 51
179.9999999999935
  0
LINE
  5
216
102
{ACAD_REACTORS
330
749
102
}
330
1F
100
AcDbEntity
  8
默认
 62
    96
420
    32512
100
AcDbLine
 10
30.71268097631491
 20
72.83720346680582
 30
1.499999988389792
 11
30.71268097631446
 21
59.83720346680582
 31
1.499999988389792
  0
ARC
  5
217
102
{ACAD_REACTORS
330
749
102
}
330
1F
100
AcDbEntity
  8
默认
 62
    96
420
    32512
100
AcDbCircle
 10
55.02518097631491
 20
40.78720346680576
 30
1.499999988389792
 40
0.4999999999999979
100
AcDbArc
 50
180.0
 51
270.0
  0
LINE
  5
218
102
{ACAD_REACTORS
330
749
102
}
330
1F
100
AcDbEntity
  8
默认
 62
    96
420
    32512
100
AcDbLine
 10
55.02518097631491
 20
40.28720346680576
 30
1.499999988389792
 11
68.02518097631491
 21
40.28720346680576
 31
1.499999988389792
  0
ARC
  5
219
102
{ACAD_REACTORS
330
749
102
}
330
1F
100
AcDbEntity
  8
默认
 62
    96
420
    32512
100
AcDbCircle
 10
68.02518097631491
 20
40.78720346680576
 30
1.499999988389792
 40
0.4999999999999055
100
AcDbArc
 50
269.9999999999886
 51
0.0000000000113991
  0
LINE
  5
21A
102
{ACAD_REACTORS
330
749
102
}
330
1F
100
AcDbEntity
  8
默认
 62
    96
420
    32512
100
AcDbLine
 10
68.52518097631491
 20
40.78720346680576
 30
1.499999988389792
 11
68.52518097631491
 21
53.78720346680587
 31
1.499999988389792
  0
ARC
  5
21B
102
{ACAD_REACTORS
330
749
102
}
330
1F
100
AcDbEntity
  8
默认
 62
    96
420
    32512
100
AcDbCircle
 10
68.02518097631446
 20
53.78720346680587
 30
1.499999988389792
 40
0.5000000000000185
100
AcDbArc
 50
0.0000000000032569
 51
89.99999999999675
  0
LINE
  5
21C
102
{ACAD_REACTORS
330
749
102
}
330
1F
100
AcDbEntity
  8
默认
 62
    96
420
    32512
100
AcDbLine
 10
68.02518097631446
 20
54.28720346680587
 30
1.499999988389792
 11
55.02518097631491
 21
54.28720346680598
 31
1.499999988389792
  0
ARC
  5
21D
102
{ACAD_REACTORS
330
749
102
}
330
1F
100
AcDbEntity
  8
默认
 62
    96
420
    32512
100
AcDbCircle
 10
55.02518097631491
 20
53.78720346680587
 30
1.499999988389792
 40
0.5000000000000683
100
AcDbArc
 50
90.00000000000978
 51
179.9999999999919
  0
LINE
  5
21E
102
{ACAD_REACTORS
330
749
102
}
330
1F
100
AcDbEntity
  8
默认
 62
    96
420
    32512
100
AcDbLine
 10
54.52518097631491
 20
53.78720346680587
 30
1.499999988389792
 11
54.52518097631491
 21
40.78720346680576
 31
1.499999988389792
  0
ARC
  5
21F
102
{ACAD_REACTORS
330
749
102
}
330
1F
100
AcDbEntity
  8
默认
 62
    96
420
    32512
100
AcDbCircle
 10
178.8501809763147
 20
21.7372034668058
 30
1.499999988389792
 40
0.5000000000001016
100
AcDbArc
 50
180.0000000000114
 51
269.9999999999837
  0
LINE
  5
220
102
{ACAD_REACTORS
330
749
102
}
330
1F
100
AcDbEntity
  8
默认
 62
    96
420
    32512
100
AcDbLine
 10
178.8501809763147
 20
21.23720346680557
 30
1.499999988389792
 11
191.8501809763147
 21
21.23720346680557
 31
1.499999988389792
  0
ARC
  5
221
102
{ACAD_REACTORS
330
749
102
}
330
1F
100
AcDbEntity
  8
默认
 62
    96
420
    32512
100
AcDbCircle
 10
191.8501809763147
 20
21.73720346680603
 30
1.499999988389792
 40
0.5000000000001523
100
AcDbArc
 50
270.0000000000163
 51
359.9999999999821
  0
LINE
  5
222
102
{ACAD_REACTORS
330
749
102
}
330
1F
100
AcDbEntity
  8
默认
 62
    96
420
    32512
100
AcDbLine
 10
192.3501809763147
 20
21.73720346680557
 30
1.499999988389792
 11
192.3501809763147
 21
34.73720346680557
 31
1.499999988389792
  0
ARC
  5
223
102
{ACAD_REACTORS
330
749
102
}
330
1F
100
AcDbEntity
  8
默认
 62
    96
420
    32512
100
AcDbCircle
 10
191.8501809763147
 20
34.7372034668058
 30
1.499999988389792
 40
0.4999999999998963
100
AcDbArc
 50
359.9999999999878
 51
90.00000000000978
  0
LINE
  5
224
102
{ACAD_REACTORS
330
749
102
}
330
1F
100
AcDbEntity
  8
默认
 62
    96
420
    32512
100
AcDbLine
 10
191.8501809763147
 20
35.23720346680557
 30
1.499999988389792
 11
178.8501809763147
 21
35.2372034668058
 31
1.499999988389792
  0
ARC
  5
225
102
{ACAD_REACTORS
330
749
102
}
330
1F
100
AcDbEntity
  8
默认
 62
    96
420
    32512
100
AcDbCircle
 10
178.8501809763147
 20
34.73720346680603
 30
1.499999988389792
 40
0.4999999999998354
100
AcDbArc
 50
89.99999999997719
 51
180.0000000000188
  0
LINE
  5
226
102
{ACAD_REACTORS
330
749
102
}
330
1F
100
AcDbEntity
  8
默认
 62
    96
420
    32512
100
AcDbLine
 10
178.3501809763147
 20
34.7372034668058
 30
1.499999988389792
 11
178.3501809763147
 21
21.73720346680557
 31
1.499999988389792
  0
ARC
  5
227
102
{ACAD_REACTORS
330
749
102
}
330
1F
100
AcDbEntity
  8
默认
 62
    96
420
    32512
100
AcDbCircle
 10
145.5126809763146
 20
59.83720346680571
 30
1.499999988389792
 40
0.4999999999999206
100
AcDbArc
 50
179.9999999999902
 51
270.0000000000098
  0
LINE
  5
228
102
{ACAD_REACTORS
330
749
102
}
330
1F
100
AcDbEntity
  8
默认
 62
    96
420
    32512
100
AcDbLine
 10
145.5126809763146
 20
59.33720346680582
 30
1.499999988389792
 11
158.5126809763146
 21
59.33720346680582
 31
1.499999988389792
  0
ARC
  5
229
102
{ACAD_REACTORS
330
749
102
}
330
1F
100
AcDbEntity
  8
默认
 62
    96
420
    32512
100
AcDbCircle
 10
158.5126809763146
 20
59.83720346680571
 30
1.499999988389792
 40
0.4999999999998244
100
AcDbArc
 50
269.9999999999804
 51
0.0000000000211698
  0
LINE
  5
22A
102
{ACAD_REACTORS
330
749
102
}
330
1F
100
AcDbEntity
  8
默认
 62
    96
420
    32512
100
AcDbLine
 10
159.0126809763146
 20
59.83720346680582
 30
1.499999988389792
 11
159.0126809763146
 21
72.83720346680582
 31
1.499999988389792
  0
ARC
  5
22B
102
{ACAD_REACTORS
330
749
102
}
330
1F
100
AcDbEntity
  8
默认
 62
    96
420
    32512
100
AcDbCircle
 10
158.5126809763146
 20
72.83720346680593
 30
1.499999988389792
 40
0.4999999999998963
100
AcDbArc
 50
359.9999999999886
 51
90.00000000000651
  0
LINE
  5
22C
102
{ACAD_REACTORS
330
749
102
}
330
1F
100
AcDbEntity
  8
默认
 62
    96
420
    32512
100
AcDbLine
 10
158.5126809763146
 20
73.33720346680582
 30
1.499999988389792
 11
145.5126809763146
 21
73.33720346680582
 31
1.499999988389792
  0
ARC
  5
22D
102
{ACAD_REACTORS
330
749
102
}
330
1F
100
AcDbEntity
  8
默认
 62
    96
420
    32512
100
AcDbCircle
 10
145.5126809763146
 20
72.83720346680582
 30
1.499999988389792
 40
0.5000000000000293
100
AcDbArc
 50
90.00000000000325
 51
179.9999999999967
  0
LINE
  5
22E
102
{ACAD_REACTORS
330
749
102
}
330
1F
100
AcDbEntity
  8
默认
 62
    96
420
    32512
100
AcDbLine
 10
145.0126809763146
 20
72.83720346680593
 30
1.499999988389792
 11
145.0126809763146
 21
59.83720346680582
 31
1.499999988389792
  0
ARC
  5
22F
102
{ACAD_REACTORS
330
749
102
}
330
1F
100
AcDbEntity
  8
默认
 62
    96
420
    32512
100
AcDbCircle
 10
226.4751809763147
 20
40.78720346680576
 30
1.499999988389792
 40
0.4999999999999535
100
AcDbArc
 50
179.9999999999943
 51
270.0000000000065
  0
LINE
  5
230
102
{ACAD_REACTORS
330
749
102
}
330
1F
100
AcDbEntity
  8
默认
 62
    96
420
    32512
100
AcDbLine
 10
226.4751809763147
 20
40.28720346680576
 30
1.499999988389792
 11
239.4751809763147
 21
40.28720346680576
 31
1.499999988389792
  0
ARC
  5
231
102
{ACAD_REACTORS
330
749
102
}
330
1F
100
AcDbEntity
  8
默认
 62
    96
420
    32512
100
AcDbCircle
 10
239.4751809763147
 20
40.78720346680576
 30
1.499999988389792
 40
0.4999999999998269
100
AcDbArc
 50
269.9999999999804
 51
0.0000000000203555
  0
LINE
  5
232
102
{ACAD_REACTORS
330
749
102
}
330
1F
100
AcDbEntity
  8
默认
 62
    96
420
    32512
100
AcDbLine
 10
239.9751809763147
 20
40.78720346680598
 30
1.499999988389792
 11
239.9751809763147
 21
53.78720346680587
 31
1.499999988389792
  0
ARC
  5
233
102
{ACAD_REACTORS
330
749
102
}
330
1F
100
AcDbEntity
  8
默认
 62
    96
420
    32512
100
AcDbCircle
 10
239.4751809763147
 20
53.78720346680576
 30
1.499999988389792
 40
0.5000000000000359
100
AcDbArc
 50
0.0000000000097707
 51
89.99999999999349
  0
LINE
  5
234
102
{ACAD_REACTORS
330
749
102
}
330
1F
100
AcDbEntity
  8
默认
 62
    96
420
    32512
100
AcDbLine
 10
239.4751809763147
 20
54.28720346680576
 30
1.499999988389792
 11
226.4751809763147
 21
54.28720346680598
 31
1.499999988389792
  0
ARC
  5
235
102
{ACAD_REACTORS
330
749
102
}
330
1F
100
AcDbEntity
  8
默认
 62
    96
420
    32512
100
AcDbCircle
 10
226.4751809763147
 20
53.78720346680587
 30
1.499999988389792
 40
0.5000000000000603
100
AcDbArc
 50
90.00000000001303
 51
179.9999999999935
  0
LINE
  5
236
102
{ACAD_REACTORS
330
749
102
}
330
1F
100
AcDbEntity
  8
默认
 62
    96
420
    32512
100
AcDbLine
 10
225.9751809763147
 20
53.78720346680598
 30
1.499999988389792
 11
225.9751809763147
 21
40.78720346680576
 31
1.499999988389792
  0
LINE
  5
237
102
{ACAD_REACTORS
330
749
102
}
330
1F
100
AcDbEntity
  8
默认
 62
    96
420
    32512
100
AcDbLine
 10
4.51893097631455
 20
15.68720346680585
 30
1.499999988389792
 11
4.51893097631455
 21
2.687203466805848
 31
1.499999988389792
  0
ARC
  5
238
102
{ACAD_REACTORS
330
749
102
}
330
1F
100
AcDbEntity
  8
默认
 62
    96
420
    32512
100
AcDbCircle
 10
5.01893097631455
 20
2.687203466805848
 30
1.499999988389792
 40
0.5000000000000427
100
AcDbArc
 50
180.0000000000049
 51
269.9999999999951
  0
LINE
  5
239
102
{ACAD_REACTORS
330
749
102
}
330
1F
100
AcDbEntity
  8
默认
 62
    96
420
    32512
100
AcDbLine
 10
5.01893097631455
 20
2.187203466805848
 30
1.499999988389792
 11
20.40018097631491
 21
2.187203466805848
 31
1.499999988389792
  0
ARC
  5
23A
102
{ACAD_REACTORS
330
749
102
}
330
1F
100
AcDbEntity
  8
默认
 62
    96
420
    32512
100
AcDbCircle
 10
20.40018097631491
 20
2.687203466805848
 30
1.499999988389792
 40
0.5000000000000249
100
AcDbArc
 50
270.0000000000032
 51
359.9999999999972
  0
LINE
  5
23B
102
{ACAD_REACTORS
330
749
102
}
330
1F
100
AcDbEntity
  8
默认
 62
    96
420
    32512
100
AcDbLine
 10
20.90018097631491
 20
2.687203466805848
 30
1.499999988389792
 11
20.90018097631491
 21
15.68720346680585
 31
1.499999988389792
  0
ARC
  5
23C
102
{ACAD_REACTORS
330
749
102
}
330
1F
100
AcDbEntity
  8
默认
 62
    96
420
    32512
100
AcDbCircle
 10
20.40018097631491
 20
15.68720346680585
 30
1.499999988389792
 40
0.4999999999999276
100
AcDbArc
 50
359.9999999999927
 51
90.00000000000813
  0
LINE
  5
23D
102
{ACAD_REACTORS
330
749
102
}
330
1F
100
AcDbEntity
  8
默认
 62
    96
420
    32512
100
AcDbLine
 10
20.40018097631491
 20
16.18720346680585
 30
1.499999988389792
 11
5.01893097631455
 21
16.18720346680585
 31
1.499999988389792
  0
ARC
  5
23E
102
{ACAD_REACTORS
330
749
102
}
330
1F
100
AcDbEntity
  8
默认
 62
    96
420
    32512
100
AcDbCircle
 10
5.01893097631455
 20
15.68720346680585
 30
1.499999988389792
 40
0.4999999999999345
100
AcDbArc
 50
89.99999999999349
 51
180.0000000000073
  0
ARC
  5
23F
102
{ACAD_REACTORS
330
749
102
}
330
1F
100
AcDbEntity
  8
默认
 62
    96
420
    32512
100
AcDbCircle
 10
7.400180976314459
 20
59.83720346680571
 30
1.499999988389792
 40
0.4999999999999055
100
AcDbArc
 50
179.9999999999886
 51
270.0000000000114
  0
LINE
  5
240
102
{ACAD_REACTORS
330
749
102
}
330
1F
100
AcDbEntity
  8
默认
 62
    96
420
    32512
100
AcDbLine
 10
7.400180976314459
 20
59.33720346680582
 30
1.499999988389792
 11
20.40018097631491
 21
59.33720346680582
 31
1.499999988389792
  0
ARC
  5
241
102
{ACAD_REACTORS
330
749
102
}
330
1F
100
AcDbEntity
  8
默认
 62
    96
420
    32512
100
AcDbCircle
 10
20.40018097631491
 20
59.83720346680571
 30
1.499999988389792
 40
0.4999999999998393
100
AcDbArc
 50
269.9999999999837
 51
0.0000000000179129
  0
LINE
  5
242
102
{ACAD_REACTORS
330
749
102
}
330
1F
100
AcDbEntity
  8
默认
 62
    96
420
    32512
100
AcDbLine
 10
20.90018097631446
 20
59.83720346680582
 30
1.499999988389792
 11
20.90018097631491
 21
72.83720346680593
 31
1.499999988389792
  0
ARC
  5
243
102
{ACAD_REACTORS
330
749
102
}
330
1F
100
AcDbEntity
  8
默认
 62
    96
420
    32512
100
AcDbCircle
 10
20.40018097631491
 20
72.83720346680593
 30
1.499999988389792
 40
0.4999999999999361
100
AcDbArc
 50
359.9999999999935
 51
90.00000000000733
  0
LINE
  5
244
102
{ACAD_REACTORS
330
749
102
}
330
1F
100
AcDbEntity
  8
默认
 62
    96
420
    32512
100
AcDbLine
 10
20.40018097631491
 20
73.33720346680582
 30
1.499999988389792
 11
7.400180976314914
 21
73.33720346680582
 31
1.499999988389792
  0
ARC
  5
245
102
{ACAD_REACTORS
330
749
102
}
330
1F
100
AcDbEntity
  8
默认
 62
    96
420
    32512
100
AcDbCircle
 10
7.400180976314914
 20
72.83720346680582
 30
1.499999988389792
 40
0.5000000000000158
100
AcDbArc
 50
90.00000000000082
 51
180.0
  0
LINE
  5
246
102
{ACAD_REACTORS
330
749
102
}
330
1F
100
AcDbEntity
  8
默认
 62
    96
420
    32512
100
AcDbLine
 10
6.900180976314914
 20
72.83720346680582
 30
1.499999988389792
 11
6.900180976314459
 21
59.83720346680582
 31
1.499999988389792
  0
ARC
  5
247
102
{ACAD_REACTORS
330
749
102
}
330
1F
100
AcDbEntity
  8
默认
 62
    96
420
    32512
100
AcDbCircle
 10
244.2451903739743
 20
19.73720346680603
 30
1.499999988389792
 40
0.5000000000001635
100
AcDbArc
 50
180.0000000000171
 51
269.9999999999804
  0
LINE
  5
248
102
{ACAD_REACTORS
330
749
102
}
330
1F
100
AcDbEntity
  8
默认
 62
    96
420
    32512
100
AcDbLine
 10
244.2451903739739
 20
19.2372034668058
 30
1.499999988389792
 11
250.2451903739743
 21
19.23720346680557
 31
1.499999988389792
  0
ARC
  5
249
102
{ACAD_REACTORS
330
749
102
}
330
1F
100
AcDbEntity
  8
默认
 62
    96
420
    32512
100
AcDbCircle
 10
250.2451903739743
 20
19.73720346680557
 30
1.499999988389792
 40
0.4999999999999791
100
AcDbArc
 50
270.0
 51
0.0000000000024427
  0
POLYLINE
  5
24A
102
{ACAD_REACTORS
330
749
102
}
330
1F
100
AcDbEntity
  8
默认
 62
    96
420
    32512
100
AcDb2dPolyline
 66
     1
 10
0.0
 20
0.0
 30
1.499999988389792
  0
VERTEX
  5
24B
330
24A
100
AcDbEntity
  8
默认
 62
    96
420
    32512
100
AcDbVertex
100
AcDb2dVertex
 10
250.7451903739743
 20
19.73720346680557
 30
1.499999988389792
  0
VERTEX
  5
24C
330
24A
100
AcDbEntity
  8
默认
 62
    96
420
    32512
100
AcDbVertex
100
AcDb2dVertex
 10
250.7451903739743
 20
21.23720346680557
 30
1.499999988389792
  0
VERTEX
  5
24D
330
24A
100
AcDbEntity
  8
默认
 62
    96
420
    32512
100
AcDbVertex
100
AcDb2dVertex
 10
265.6831903739744
 20
21.23720346680557
 30
1.499999988389792
  0
SEQEND
  5
24E
330
24A
100
AcDbEntity
  8
默认
 62
    96
420
    32512
  0
ARC
  5
24F
102
{ACAD_REACTORS
330
749
102
}
330
1F
100
AcDbEntity
  8
默认
 62
    96
420
    32512
100
AcDbCircle
 10
265.683190373974
 20
21.7372034668058
 30
1.499999988389792
 40
0.5000000000001243
100
AcDbArc
 50
270.0000000000326
 51
359.9999999999862
  0
LINE
  5
250
102
{ACAD_REACTORS
330
749
102
}
330
1F
100
AcDbEntity
  8
默认
 62
    96
420
    32512
100
AcDbLine
 10
266.183190373974
 20
21.73720346680557
 30
1.499999988389792
 11
266.183190373974
 21
34.73720346680603
 31
1.499999988389792
  0
ARC
  5
251
102
{ACAD_REACTORS
330
749
102
}
330
1F
100
AcDbEntity
  8
默认
 62
    96
420
    32512
100
AcDbCircle
 10
265.6831903739744
 20
34.73720346680603
 30
1.499999988389792
 40
0.4999999999996514
100
AcDbArc
 50
359.9999999999894
 51
90.00000000001954
  0
LINE
  5
252
102
{ACAD_REACTORS
330
749
102
}
330
1F
100
AcDbEntity
  8
默认
 62
    96
420
    32512
100
AcDbLine
 10
265.683190373974
 20
35.23720346680557
 30
1.499999988389792
 11
243.1581903739743
 21
35.23720346680557
 31
1.499999988389792
  0
ARC
  5
253
102
{ACAD_REACTORS
330
749
102
}
330
1F
100
AcDbEntity
  8
默认
 62
    96
420
    32512
100
AcDbCircle
 10
243.1581903739739
 20
34.73720346680603
 30
1.499999988389792
 40
0.4999999999996508
100
AcDbArc
 50
89.99999999996744
 51
180.0000000000138
  0
LINE
  5
254
102
{ACAD_REACTORS
330
749
102
}
330
1F
100
AcDbEntity
  8
默认
 62
    96
420
    32512
100
AcDbLine
 10
242.6581903739743
 20
34.7372034668058
 30
1.499999988389792
 11
242.6581903739743
 21
21.73720346680557
 31
1.499999988389792
  0
ARC
  5
255
102
{ACAD_REACTORS
330
749
102
}
330
1F
100
AcDbEntity
  8
默认
 62
    96
420
    32512
100
AcDbCircle
 10
243.1581903739743
 20
21.73720346680557
 30
1.499999988389792
 40
0.5000000000000459
100
AcDbArc
 50
180.0000000000032
 51
270.0
  0
POLYLINE
  5
256
102
{ACAD_REACTORS
330
749
102
}
330
1F
100
AcDbEntity
  8
默认
 62
    96
420
    32512
100
AcDb2dPolyline
 66
     1
 10
0.0
 20
0.0
 30
1.499999988389792
  0
VERTEX
  5
257
330
256
100
AcDbEntity
  8
默认
 62
    96
420
    32512
100
AcDbVertex
100
AcDb2dVertex
 10
243.1581903739743
 20
21.23720346680557
 30
1.499999988389792
  0
VERTEX
  5
258
330
256
100
AcDbEntity
  8
默认
 62
    96
420
    32512
100
AcDbVertex
100
AcDb2dVertex
 10
243.7451903739743
 20
21.23720346680557
 30
1.499999988389792
  0
VERTEX
  5
259
330
256
100
AcDbEntity
  8
默认
 62
    96
420
    32512
100
AcDbVertex
100
AcDb2dVertex
 10
243.7451903739743
 20
19.7372034668058
 30
1.499999988389792
  0
SEQEND
  5
25A
330
256
100
AcDbEntity
  8
默认
 62
    96
420
    32512
  0
ARC
  5
25B
102
{ACAD_REACTORS
330
749
102
}
330
1F
100
AcDbEntity
  8
默认
 62
    96
420
    32512
100
AcDbCircle
 10
221.7126809763145
 20
59.83720346680582
 30
1.499999988389792
 40
0.4999999999999491
100
AcDbArc
 50
179.9999999999935
 51
270.0000000000065
  0
LINE
  5
25C
102
{ACAD_REACTORS
330
749
102
}
330
1F
100
AcDbEntity
  8
默认
 62
    96
420
    32512
100
AcDbLine
 10
221.7126809763145
 20
59.33720346680582
 30
1.499999988389792
 11
234.7126809763149
 21
59.33720346680594
 31
1.499999988389792
  0
ARC
  5
25D
102
{ACAD_REACTORS
330
749
102
}
330
1F
100
AcDbEntity
  8
默认
 62
    96
420
    32512
100
AcDbCircle
 10
234.7126809763149
 20
59.83720346680571
 30
1.499999988389792
 40
0.4999999999998244
100
AcDbArc
 50
269.9999999999804
 51
0.0000000000211698
  0
LINE
  5
25E
102
{ACAD_REACTORS
330
749
102
}
330
1F
100
AcDbEntity
  8
默认
 62
    96
420
    32512
100
AcDbLine
 10
235.2126809763149
 20
59.83720346680582
 30
1.499999988389792
 11
235.2126809763149
 21
72.83720346680582
 31
1.499999988389792
  0
ARC
  5
25F
102
{ACAD_REACTORS
330
749
102
}
330
1F
100
AcDbEntity
  8
默认
 62
    96
420
    32512
100
AcDbCircle
 10
234.7126809763149
 20
72.83720346680593
 30
1.499999988389792
 40
0.4999999999998387
100
AcDbArc
 50
359.9999999999837
 51
90.00000000001303
  0
LINE
  5
260
102
{ACAD_REACTORS
330
749
102
}
330
1F
100
AcDbEntity
  8
默认
 62
    96
420
    32512
100
AcDbLine
 10
234.7126809763145
 20
73.33720346680582
 30
1.499999988389792
 11
221.7126809763149
 21
73.33720346680582
 31
1.499999988389792
  0
ARC
  5
261
102
{ACAD_REACTORS
330
749
102
}
330
1F
100
AcDbEntity
  8
默认
 62
    96
420
    32512
100
AcDbCircle
 10
221.7126809763149
 20
72.83720346680582
 30
1.499999988389792
 40
0.50000000000001
100
AcDbArc
 50
90.0
 51
180.0
  0
LINE
  5
262
102
{ACAD_REACTORS
330
749
102
}
330
1F
100
AcDbEntity
  8
默认
 62
    96
420
    32512
100
AcDbLine
 10
221.2126809763149
 20
72.83720346680582
 30
1.499999988389792
 11
221.2126809763145
 21
59.83720346680594
 31
1.499999988389792
  0
ARC
  5
263
102
{ACAD_REACTORS
330
749
102
}
330
1F
100
AcDbEntity
  8
默认
 62
    96
420
    32512
100
AcDbCircle
 10
174.0876809763149
 20
78.88720346680589
 30
1.499999988389792
 40
0.5000000000000588
100
AcDbArc
 50
180.0000000000065
 51
269.9999999999935
  0
LINE
  5
264
102
{ACAD_REACTORS
330
749
102
}
330
1F
100
AcDbEntity
  8
默认
 62
    96
420
    32512
100
AcDbLine
 10
174.0876809763149
 20
78.38720346680577
 30
1.499999988389792
 11
187.0876809763149
 21
78.38720346680577
 31
1.499999988389792
  0
ARC
  5
265
102
{ACAD_REACTORS
330
749
102
}
330
1F
100
AcDbEntity
  8
默认
 62
    96
420
    32512
100
AcDbCircle
 10
187.0876809763149
 20
78.88720346680577
 30
1.499999988389792
 40
0.5
100
AcDbArc
 50
270.0
 51
0.0
  0
LINE
  5
266
102
{ACAD_REACTORS
330
749
102
}
330
1F
100
AcDbEntity
  8
默认
 62
    96
420
    32512
100
AcDbLine
 10
187.5876809763149
 20
78.88720346680577
 30
1.499999988389792
 11
187.5876809763149
 21
91.88720346680577
 31
1.499999988389792
  0
ARC
  5
267
102
{ACAD_REACTORS
330
749
102
}
330
1F
100
AcDbEntity
  8
默认
 62
    96
420
    32512
100
AcDbCircle
 10
187.0876809763149
 20
91.88720346680589
 30
1.499999988389792
 40
0.4999999999998915
100
AcDbArc
 50
359.9999999999853
 51
90.00000000000978
  0
LINE
  5
268
102
{ACAD_REACTORS
330
749
102
}
330
1F
100
AcDbEntity
  8
默认
 62
    96
420
    32512
100
AcDbLine
 10
187.0876809763149
 20
92.38720346680589
 30
1.499999988389792
 11
174.0876809763149
 21
92.38720346680577
 31
1.499999988389792
  0
ARC
  5
269
102
{ACAD_REACTORS
330
749
102
}
330
1F
100
AcDbEntity
  8
默认
 62
    96
420
    32512
100
AcDbCircle
 10
174.0876809763149
 20
91.88720346680577
 30
1.499999988389792
 40
0.4999999999999899
100
AcDbArc
 50
90.0
 51
180.0
  0
LINE
  5
26A
102
{ACAD_REACTORS
330
749
102
}
330
1F
100
AcDbEntity
  8
默认
 62
    96
420
    32512
100
AcDbLine
 10
173.5876809763149
 20
91.88720346680577
 30
1.499999988389792
 11
173.5876809763149
 21
78.88720346680577
 31
1.499999988389792
  0
ARC
  5
26B
102
{ACAD_REACTORS
330
749
102
}
330
1F
100
AcDbEntity
  8
默认
 62
    96
420
    32512
100
AcDbCircle
 10
121.7001809763146
 20
21.7372034668058
 30
1.499999988389792
 40
0.5000000000001382
100
AcDbArc
 50
180.0000000000155
 51
269.9999999999821
  0
LINE
  5
26C
102
{ACAD_REACTORS
330
749
102
}
330
1F
100
AcDbEntity
  8
默认
 62
    96
420
    32512
100
AcDbLine
 10
121.7001809763142
 20
21.23720346680557
 30
1.499999988389792
 11
134.7001809763146
 21
21.23720346680557
 31
1.499999988389792
  0
ARC
  5
26D
102
{ACAD_REACTORS
330
749
102
}
330
1F
100
AcDbEntity
  8
默认
 62
    96
420
    32512
100
AcDbCircle
 10
134.7001809763146
 20
21.7372034668058
 30
1.499999988389792
 40
0.500000000000071
100
AcDbArc
 50
270.0000000000065
 51
359.9999999999919
  0
LINE
  5
26E
102
{ACAD_REACTORS
330
749
102
}
330
1F
100
AcDbEntity
  8
默认
 62
    96
420
    32512
100
AcDbLine
 10
135.2001809763146
 20
21.7372034668058
 30
1.499999988389792
 11
135.2001809763146
 21
34.73720346680557
 31
1.499999988389792
  0
ARC
  5
26F
102
{ACAD_REACTORS
330
749
102
}
330
1F
100
AcDbEntity
  8
默认
 62
    96
420
    32512
100
AcDbCircle
 10
134.7001809763146
 20
34.73720346680603
 30
1.499999988389792
 40
0.4999999999997979
100
AcDbArc
 50
359.9999999999756
 51
90.00000000002281
  0
LINE
  5
270
102
{ACAD_REACTORS
330
749
102
}
330
1F
100
AcDbEntity
  8
默认
 62
    96
420
    32512
100
AcDbLine
 10
134.7001809763142
 20
35.23720346680557
 30
1.499999988389792
 11
121.7001809763142
 21
35.23720346680557
 31
1.499999988389792
  0
ARC
  5
271
102
{ACAD_REACTORS
330
749
102
}
330
1F
100
AcDbEntity
  8
默认
 62
    96
420
    32512
100
AcDbCircle
 10
121.7001809763142
 20
34.73720346680603
 30
1.499999988389792
 40
0.4999999999998011
100
AcDbArc
 50
89.99999999997719
 51
180.0000000000228
  0
LINE
  5
272
102
{ACAD_REACTORS
330
749
102
}
330
1F
100
AcDbEntity
  8
默认
 62
    96
420
    32512
100
AcDbLine
 10
121.2001809763146
 20
34.73720346680557
 30
1.499999988389792
 11
121.2001809763146
 21
21.73720346680557
 31
1.499999988389792
  0
ARC
  5
273
102
{ACAD_REACTORS
330
749
102
}
330
1F
100
AcDbEntity
  8
默认
 62
    96
420
    32512
100
AcDbCircle
 10
21.68768097631482
 20
78.88720346680577
 30
1.499999988389792
 40
0.5000000000000205
100
AcDbArc
 50
180.0000000000016
 51
269.9999999999976
  0
LINE
  5
274
102
{ACAD_REACTORS
330
749
102
}
330
1F
100
AcDbEntity
  8
默认
 62
    96
420
    32512
100
AcDbLine
 10
21.68768097631482
 20
78.38720346680577
 30
1.499999988389792
 11
34.68768097631482
 21
78.38720346680577
 31
1.499999988389792
  0
ARC
  5
275
102
{ACAD_REACTORS
330
749
102
}
330
1F
100
AcDbEntity
  8
默认
 62
    96
420
    32512
100
AcDbCircle
 10
34.68768097631482
 20
78.88720346680577
 30
1.499999988389792
 40
0.4999999999999766
100
AcDbArc
 50
269.9999999999951
 51
0.0000000000016284
  0
LINE
  5
276
102
{ACAD_REACTORS
330
749
102
}
330
1F
100
AcDbEntity
  8
默认
 62
    96
420
    32512
100
AcDbLine
 10
35.18768097631482
 20
78.88720346680577
 30
1.499999988389792
 11
35.18768097631482
 21
91.88720346680577
 31
1.499999988389792
  0
ARC
  5
277
102
{ACAD_REACTORS
330
749
102
}
330
1F
100
AcDbEntity
  8
默认
 62
    96
420
    32512
100
AcDbCircle
 10
34.68768097631482
 20
91.88720346680589
 30
1.499999988389792
 40
0.4999999999999148
100
AcDbArc
 50
359.9999999999902
 51
90.00000000000978
  0
LINE
  5
278
102
{ACAD_REACTORS
330
749
102
}
330
1F
100
AcDbEntity
  8
默认
 62
    96
420
    32512
100
AcDbLine
 10
34.68768097631482
 20
92.38720346680577
 30
1.499999988389792
 11
21.68768097631482
 21
92.38720346680577
 31
1.499999988389792
  0
ARC
  5
279
102
{ACAD_REACTORS
330
749
102
}
330
1F
100
AcDbEntity
  8
默认
 62
    96
420
    32512
100
AcDbCircle
 10
21.68768097631482
 20
91.88720346680577
 30
1.499999988389792
 40
0.5000000000000171
100
AcDbArc
 50
90.0
 51
179.9999999999984
  0
LINE
  5
27A
102
{ACAD_REACTORS
330
749
102
}
330
1F
100
AcDbEntity
  8
默认
 62
    96
420
    32512
100
AcDbLine
 10
21.18768097631482
 20
91.88720346680577
 30
1.499999988389792
 11
21.18768097631482
 21
78.88720346680577
 31
1.499999988389792
  0
ARC
  5
27B
102
{ACAD_REACTORS
330
749
102
}
330
1F
100
AcDbEntity
  8
默认
 62
    96
420
    32512
100
AcDbCircle
 10
88.36268097631455
 20
59.83720346680582
 30
1.499999988389792
 40
0.499999999999924
100
AcDbArc
 50
179.9999999999919
 51
270.0000000000098
  0
LINE
  5
27C
102
{ACAD_REACTORS
330
749
102
}
330
1F
100
AcDbEntity
  8
默认
 62
    96
420
    32512
100
AcDbLine
 10
88.36268097631455
 20
59.33720346680594
 30
1.499999988389792
 11
101.3626809763146
 21
59.33720346680582
 31
1.499999988389792
  0
ARC
  5
27D
102
{ACAD_REACTORS
330
749
102
}
330
1F
100
AcDbEntity
  8
默认
 62
    96
420
    32512
100
AcDbCircle
 10
101.362680976315
 20
59.83720346680571
 30
1.499999988389792
 40
0.4999999999998587
100
AcDbArc
 50
269.9999999999804
 51
0.0000000000162844
  0
LINE
  5
27E
102
{ACAD_REACTORS
330
749
102
}
330
1F
100
AcDbEntity
  8
默认
 62
    96
420
    32512
100
AcDbLine
 10
101.862680976315
 20
59.83720346680582
 30
1.499999988389792
 11
101.8626809763146
 21
72.83720346680582
 31
1.499999988389792
  0
ARC
  5
27F
102
{ACAD_REACTORS
330
749
102
}
330
1F
100
AcDbEntity
  8
默认
 62
    96
420
    32512
100
AcDbCircle
 10
101.3626809763146
 20
72.83720346680593
 30
1.499999988389792
 40
0.4999999999999298
100
AcDbArc
 50
359.9999999999935
 51
90.00000000000651
  0
LINE
  5
280
102
{ACAD_REACTORS
330
749
102
}
330
1F
100
AcDbEntity
  8
默认
 62
    96
420
    32512
100
AcDbLine
 10
101.3626809763146
 20
73.33720346680582
 30
1.499999988389792
 11
88.36268097631455
 21
73.33720346680582
 31
1.499999988389792
  0
ARC
  5
281
102
{ACAD_REACTORS
330
749
102
}
330
1F
100
AcDbEntity
  8
默认
 62
    96
420
    32512
100
AcDbCircle
 10
88.36268097631455
 20
72.83720346680582
 30
1.499999988389792
 40
0.5000000000000328
100
AcDbArc
 50
90.00000000000487
 51
179.9999999999951
  0
LINE
  5
282
102
{ACAD_REACTORS
330
749
102
}
330
1F
100
AcDbEntity
  8
默认
 62
    96
420
    32512
100
AcDbLine
 10
87.86268097631455
 20
72.83720346680593
 30
1.499999988389792
 11
87.86268097631455
 21
59.83720346680594
 31
1.499999988389792
  0
ARC
  5
283
102
{ACAD_REACTORS
330
749
102
}
330
1F
100
AcDbEntity
  8
默认
 62
    96
420
    32512
100
AcDbCircle
 10
107.4126809763147
 20
59.83720346680582
 30
1.499999988389792
 40
0.4999999999999716
100
AcDbArc
 50
179.9999999999967
 51
270.0000000000032
  0
LINE
  5
284
102
{ACAD_REACTORS
330
749
102
}
330
1F
100
AcDbEntity
  8
默认
 62
    96
420
    32512
100
AcDbLine
 10
107.4126809763147
 20
59.33720346680582
 30
1.499999988389792
 11
120.4126809763147
 21
59.33720346680582
 31
1.499999988389792
  0
ARC
  5
285
102
{ACAD_REACTORS
330
749
102
}
330
1F
100
AcDbEntity
  8
默认
 62
    96
420
    32512
100
AcDbCircle
 10
120.4126809763147
 20
59.83720346680582
 30
1.499999988389792
 40
0.4999999999999249
100
AcDbArc
 50
269.999999999987
 51
0.0000000000097707
  0
LINE
  5
286
102
{ACAD_REACTORS
330
749
102
}
330
1F
100
AcDbEntity
  8
默认
 62
    96
420
    32512
100
AcDbLine
 10
120.9126809763147
 20
59.83720346680594
 30
1.499999988389792
 11
120.9126809763147
 21
72.83720346680582
 31
1.499999988389792
  0
ARC
  5
287
102
{ACAD_REACTORS
330
749
102
}
330
1F
100
AcDbEntity
  8
默认
 62
    96
420
    32512
100
AcDbCircle
 10
120.4126809763147
 20
72.83720346680582
 30
1.499999988389792
 40
0.500000000000063
100
AcDbArc
 50
0.0000000000032569
 51
89.99999999999349
  0
LINE
  5
288
102
{ACAD_REACTORS
330
749
102
}
330
1F
100
AcDbEntity
  8
默认
 62
    96
420
    32512
100
AcDbLine
 10
120.4126809763147
 20
73.33720346680593
 30
1.499999988389792
 11
107.4126809763147
 21
73.33720346680593
 31
1.499999988389792
  0
ARC
  5
289
102
{ACAD_REACTORS
330
749
102
}
330
1F
100
AcDbEntity
  8
默认
 62
    96
420
    32512
100
AcDbCircle
 10
107.4126809763147
 20
72.83720346680582
 30
1.499999988389792
 40
0.5000000000000577
100
AcDbArc
 50
90.00000000000651
 51
179.9999999999935
  0
LINE
  5
28A
102
{ACAD_REACTORS
330
749
102
}
330
1F
100
AcDbEntity
  8
默认
 62
    96
420
    32512
100
AcDbLine
 10
106.9126809763147
 20
72.83720346680582
 30
1.499999988389792
 11
106.9126809763147
 21
59.83720346680582
 31
1.499999988389792
  0
LINE
  5
28B
102
{ACAD_REACTORS
330
749
102
}
330
1F
100
AcDbEntity
  8
默认
 62
    96
420
    32512
100
AcDbLine
 10
240.2626809763146
 20
15.68720346680585
 30
1.499999988389792
 11
240.2626809763146
 21
2.687203466805848
 31
1.499999988389792
  0
ARC
  5
28C
102
{ACAD_REACTORS
330
749
102
}
330
1F
100
AcDbEntity
  8
默认
 62
    96
420
    32512
100
AcDbCircle
 10
240.7626809763146
 20
2.687203466805848
 30
1.499999988389792
 40
0.5000000000001094
100
AcDbArc
 50
180.0000000000166
 51
269.9999999999935
  0
LINE
  5
28D
102
{ACAD_REACTORS
330
749
102
}
330
1F
100
AcDbEntity
  8
默认
 62
    96
420
    32512
100
AcDbLine
 10
240.7626809763146
 20
2.187203466805848
 30
1.499999988389792
 11
256.1439309763146
 21
2.187203466805848
 31
1.499999988389792
  0
ARC
  5
28E
102
{ACAD_REACTORS
330
749
102
}
330
1F
100
AcDbEntity
  8
默认
 62
    96
420
    32512
100
AcDbCircle
 10
256.1439309763146
 20
2.687203466805848
 30
1.499999988389792
 40
0.5000000000001817
100
AcDbArc
 50
270.0000000000196
 51
359.9999999999793
  0
LINE
  5
28F
102
{ACAD_REACTORS
330
749
102
}
330
1F
100
AcDbEntity
  8
默认
 62
    96
420
    32512
100
AcDbLine
 10
256.6439309763146
 20
2.687203466805848
 30
1.499999988389792
 11
256.6439309763146
 21
15.68720346680585
 31
1.499999988389792
  0
ARC
  5
290
102
{ACAD_REACTORS
330
749
102
}
330
1F
100
AcDbEntity
  8
默认
 62
    96
420
    32512
100
AcDbCircle
 10
256.1439309763146
 20
15.68720346680585
 30
1.499999988389792
 40
0.5000000000000538
100
AcDbArc
 50
0.0000000000081422
 51
89.99999999999349
  0
LINE
  5
291
102
{ACAD_REACTORS
330
749
102
}
330
1F
100
AcDbEntity
  8
默认
 62
    96
420
    32512
100
AcDbLine
 10
256.1439309763146
 20
16.18720346680585
 30
1.499999988389792
 11
240.7626809763146
 21
16.18720346680585
 31
1.499999988389792
  0
ARC
  5
292
102
{ACAD_REACTORS
330
749
102
}
330
1F
100
AcDbEntity
  8
默认
 62
    96
420
    32512
100
AcDbCircle
 10
240.7626809763146
 20
15.68720346680585
 30
1.499999988389792
 40
0.5000000000000309
100
AcDbArc
 50
90.00000000000651
 51
179.9999999999959
  0
ARC
  5
293
102
{ACAD_REACTORS
330
749
102
}
330
1F
100
AcDbEntity
  8
默认
 62
    96
420
    32512
100
AcDbCircle
 10
2.637680976314641
 20
78.88720346680577
 30
1.499999988389792
 40
0.4999999999999946
100
AcDbArc
 50
180.0
 51
270.0000000000007
  0
LINE
  5
294
102
{ACAD_REACTORS
330
749
102
}
330
1F
100
AcDbEntity
  8
默认
 62
    96
420
    32512
100
AcDbLine
 10
2.637680976314641
 20
78.38720346680577
 30
1.499999988389792
 11
15.63768097631464
 21
78.38720346680577
 31
1.499999988389792
  0
ARC
  5
295
102
{ACAD_REACTORS
330
749
102
}
330
1F
100
AcDbEntity
  8
默认
 62
    96
420
    32512
100
AcDbCircle
 10
15.63768097631464
 20
78.88720346680577
 30
1.499999988389792
 40
0.4999999999999393
100
AcDbArc
 50
269.9999999999943
 51
0.0000000000081422
  0
LINE
  5
296
102
{ACAD_REACTORS
330
749
102
}
330
1F
100
AcDbEntity
  8
默认
 62
    96
420
    32512
100
AcDbLine
 10
16.13768097631464
 20
78.88720346680589
 30
1.499999988389792
 11
16.13768097631464
 21
91.88720346680577
 31
1.499999988389792
  0
ARC
  5
297
102
{ACAD_REACTORS
330
749
102
}
330
1F
100
AcDbEntity
  8
默认
 62
    96
420
    32512
100
AcDbCircle
 10
15.63768097631464
 20
91.88720346680589
 30
1.499999988389792
 40
0.4999999999999122
100
AcDbArc
 50
359.9999999999902
 51
90.00000000001059
  0
LINE
  5
298
102
{ACAD_REACTORS
330
749
102
}
330
1F
100
AcDbEntity
  8
默认
 62
    96
420
    32512
100
AcDbLine
 10
15.63768097631464
 20
92.38720346680577
 30
1.499999988389792
 11
2.637680976314641
 21
92.38720346680577
 31
1.499999988389792
  0
ARC
  5
299
102
{ACAD_REACTORS
330
749
102
}
330
1F
100
AcDbEntity
  8
默认
 62
    96
420
    32512
100
AcDbCircle
 10
2.637680976314641
 20
91.88720346680589
 30
1.499999988389792
 40
0.499999999999925
100
AcDbArc
 50
89.99999999999268
 51
180.0000000000114
  0
LINE
  5
29A
102
{ACAD_REACTORS
330
749
102
}
330
1F
100
AcDbEntity
  8
默认
 62
    96
420
    32512
100
AcDbLine
 10
2.137680976314641
 20
91.88720346680589
 30
1.499999988389792
 11
2.137680976314641
 21
78.88720346680577
 31
1.499999988389792
  0
ARC
  5
29B
102
{ACAD_REACTORS
330
749
102
}
330
1F
100
AcDbEntity
  8
默认
 62
    96
420
    32512
100
AcDbCircle
 10
93.12518097631482
 20
40.78720346680576
 30
1.499999988389792
 40
0.4999999999999624
100
AcDbArc
 50
179.9999999999959
 51
270.0000000000016
  0
LINE
  5
29C
102
{ACAD_REACTORS
330
749
102
}
330
1F
100
AcDbEntity
  8
默认
 62
    96
420
    32512
100
AcDbLine
 10
93.12518097631482
 20
40.28720346680576
 30
1.499999988389792
 11
106.1251809763148
 21
40.28720346680598
 31
1.499999988389792
  0
ARC
  5
29D
102
{ACAD_REACTORS
330
749
102
}
330
1F
100
AcDbEntity
  8
默认
 62
    96
420
    32512
100
AcDbCircle
 10
106.1251809763148
 20
40.78720346680576
 30
1.499999988389792
 40
0.4999999999999424
100
AcDbArc
 50
269.9999999999935
 51
0.0000000000065138
  0
LINE
  5
29E
102
{ACAD_REACTORS
330
749
102
}
330
1F
100
AcDbEntity
  8
默认
 62
    96
420
    32512
100
AcDbLine
 10
106.6251809763148
 20
40.78720346680598
 30
1.499999988389792
 11
106.6251809763148
 21
53.78720346680587
 31
1.499999988389792
  0
ARC
  5
29F
102
{ACAD_REACTORS
330
749
102
}
330
1F
100
AcDbEntity
  8
默认
 62
    96
420
    32512
100
AcDbCircle
 10
106.1251809763144
 20
53.78720346680587
 30
1.499999988389792
 40
0.500000000000073
100
AcDbArc
 50
0.0000000000048853
 51
89.99999999999349
  0
LINE
  5
2A0
102
{ACAD_REACTORS
330
749
102
}
330
1F
100
AcDbEntity
  8
默认
 62
    96
420
    32512
100
AcDbLine
 10
106.1251809763144
 20
54.28720346680598
 30
1.499999988389792
 11
93.12518097631482
 21
54.28720346680598
 31
1.499999988389792
  0
ARC
  5
2A1
102
{ACAD_REACTORS
330
749
102
}
330
1F
100
AcDbEntity
  8
默认
 62
    96
420
    32512
100
AcDbCircle
 10
93.12518097631482
 20
53.78720346680587
 30
1.499999988389792
 40
0.500000000000072
100
AcDbArc
 50
90.00000000000487
 51
179.9999999999919
  0
LINE
  5
2A2
102
{ACAD_REACTORS
330
749
102
}
330
1F
100
AcDbEntity
  8
默认
 62
    96
420
    32512
100
AcDbLine
 10
92.62518097631482
 20
53.78720346680598
 30
1.499999988389792
 11
92.62518097631482
 21
40.78720346680576
 31
1.499999988389792
  0
ARC
  5
2A3
102
{ACAD_REACTORS
330
749
102
}
330
1F
100
AcDbEntity
  8
默认
 62
    96
420
    32512
100
AcDbCircle
 10
50.26268097631464
 20
59.83720346680571
 30
1.499999988389792
 40
0.4999999999998864
100
AcDbArc
 50
179.999999999987
 51
270.000000000013
  0
LINE
  5
2A4
102
{ACAD_REACTORS
330
749
102
}
330
1F
100
AcDbEntity
  8
默认
 62
    96
420
    32512
100
AcDbLine
 10
50.26268097631464
 20
59.33720346680582
 30
1.499999988389792
 11
63.26268097631464
 21
59.33720346680582
 31
1.499999988389792
  0
ARC
  5
2A5
102
{ACAD_REACTORS
330
749
102
}
330
1F
100
AcDbEntity
  8
默认
 62
    96
420
    32512
100
AcDbCircle
 10
63.26268097631464
 20
59.83720346680571
 30
1.499999988389792
 40
0.4999999999999006
100
AcDbArc
 50
269.9999999999886
 51
0.0000000000113991
  0
LINE
  5
2A6
102
{ACAD_REACTORS
330
749
102
}
330
1F
100
AcDbEntity
  8
默认
 62
    96
420
    32512
100
AcDbLine
 10
63.76268097631464
 20
59.83720346680582
 30
1.499999988389792
 11
63.76268097631464
 21
72.83720346680582
 31
1.499999988389792
  0
ARC
  5
2A7
102
{ACAD_REACTORS
330
749
102
}
330
1F
100
AcDbEntity
  8
默认
 62
    96
420
    32512
100
AcDbCircle
 10
63.26268097631464
 20
72.83720346680582
 30
1.499999988389792
 40
0.5000000000000171
100
AcDbArc
 50
0.0
 51
89.99999999999837
  0
LINE
  5
2A8
102
{ACAD_REACTORS
330
749
102
}
330
1F
100
AcDbEntity
  8
默认
 62
    96
420
    32512
100
AcDbLine
 10
63.26268097631464
 20
73.33720346680582
 30
1.499999988389792
 11
50.26268097631464
 21
73.33720346680582
 31
1.499999988389792
  0
ARC
  5
2A9
102
{ACAD_REACTORS
330
749
102
}
330
1F
100
AcDbEntity
  8
默认
 62
    96
420
    32512
100
AcDbCircle
 10
50.26268097631464
 20
72.83720346680582
 30
1.499999988389792
 40
0.5000000000000171
100
AcDbArc
 50
90.0
 51
179.9999999999984
  0
LINE
  5
2AA
102
{ACAD_REACTORS
330
749
102
}
330
1F
100
AcDbEntity
  8
默认
 62
    96
420
    32512
100
AcDbLine
 10
49.76268097631464
 20
72.83720346680582
 30
1.499999988389792
 11
49.76268097631464
 21
59.83720346680582
 31
1.499999988389792
  0
ARC
  5
2AB
102
{ACAD_REACTORS
330
749
102
}
330
1F
100
AcDbEntity
  8
默认
 62
    96
420
    32512
100
AcDbCircle
 10
126.4626809763145
 20
59.83720346680582
 30
1.499999988389792
 40
0.499999999999929
100
AcDbArc
 50
179.9999999999919
 51
270.0000000000065
  0
LINE
  5
2AC
102
{ACAD_REACTORS
330
749
102
}
330
1F
100
AcDbEntity
  8
默认
 62
    96
420
    32512
100
AcDbLine
 10
126.4626809763149
 20
59.33720346680582
 30
1.499999988389792
 11
139.4626809763149
 21
59.33720346680582
 31
1.499999988389792
  0
ARC
  5
2AD
102
{ACAD_REACTORS
330
749
102
}
330
1F
100
AcDbEntity
  8
默认
 62
    96
420
    32512
100
AcDbCircle
 10
139.4626809763149
 20
59.83720346680571
 30
1.499999988389792
 40
0.4999999999998587
100
AcDbArc
 50
269.9999999999804
 51
0.0000000000162844
  0
LINE
  5
2AE
102
{ACAD_REACTORS
330
749
102
}
330
1F
100
AcDbEntity
  8
默认
 62
    96
420
    32512
100
AcDbLine
 10
139.9626809763149
 20
59.83720346680582
 30
1.499999988389792
 11
139.9626809763149
 21
72.83720346680593
 31
1.499999988389792
  0
ARC
  5
2AF
102
{ACAD_REACTORS
330
749
102
}
330
1F
100
AcDbEntity
  8
默认
 62
    96
420
    32512
100
AcDbCircle
 10
139.4626809763149
 20
72.83720346680593
 30
1.499999988389792
 40
0.4999999999999716
100
AcDbArc
 50
359.9999999999968
 51
90.00000000000325
  0
LINE
  5
2B0
102
{ACAD_REACTORS
330
749
102
}
330
1F
100
AcDbEntity
  8
默认
 62
    96
420
    32512
100
AcDbLine
 10
139.4626809763149
 20
73.33720346680593
 30
1.499999988389792
 11
126.4626809763149
 21
73.33720346680582
 31
1.499999988389792
  0
ARC
  5
2B1
102
{ACAD_REACTORS
330
749
102
}
330
1F
100
AcDbEntity
  8
默认
 62
    96
420
    32512
100
AcDbCircle
 10
126.4626809763149
 20
72.83720346680582
 30
1.499999988389792
 40
0.5000000000000469
100
AcDbArc
 50
90.00000000000978
 51
179.9999999999935
  0
LINE
  5
2B2
102
{ACAD_REACTORS
330
749
102
}
330
1F
100
AcDbEntity
  8
默认
 62
    96
420
    32512
100
AcDbLine
 10
125.9626809763149
 20
72.83720346680582
 30
1.499999988389792
 11
125.9626809763145
 21
59.83720346680594
 31
1.499999988389792
  0
ARC
  5
2B3
102
{ACAD_REACTORS
330
749
102
}
330
1F
100
AcDbEntity
  8
默认
 62
    96
420
    32512
100
AcDbCircle
 10
131.2251809763147
 20
40.78720346680598
 30
1.499999988389792
 40
0.5000000000000407
100
AcDbArc
 50
180.0000000000049
 51
269.9999999999935
  0
LINE
  5
2B4
102
{ACAD_REACTORS
330
749
102
}
330
1F
100
AcDbEntity
  8
默认
 62
    96
420
    32512
100
AcDbLine
 10
131.2251809763147
 20
40.28720346680598
 30
1.499999988389792
 11
144.2251809763147
 21
40.28720346680576
 31
1.499999988389792
  0
ARC
  5
2B5
102
{ACAD_REACTORS
330
749
102
}
330
1F
100
AcDbEntity
  8
默认
 62
    96
420
    32512
100
AcDbCircle
 10
144.2251809763147
 20
40.78720346680576
 30
1.499999988389792
 40
0.4999999999998578
100
AcDbArc
 50
269.9999999999837
 51
0.0000000000162844
  0
LINE
  5
2B6
102
{ACAD_REACTORS
330
749
102
}
330
1F
100
AcDbEntity
  8
默认
 62
    96
420
    32512
100
AcDbLine
 10
144.7251809763147
 20
40.78720346680576
 30
1.499999988389792
 11
144.7251809763147
 21
53.78720346680587
 31
1.499999988389792
  0
ARC
  5
2B7
102
{ACAD_REACTORS
330
749
102
}
330
1F
100
AcDbEntity
  8
默认
 62
    96
420
    32512
100
AcDbCircle
 10
144.2251809763147
 20
53.78720346680587
 30
1.499999988389792
 40
0.5000000000000063
100
AcDbArc
 50
0.0000000000032569
 51
90.0
  0
LINE
  5
2B8
102
{ACAD_REACTORS
330
749
102
}
330
1F
100
AcDbEntity
  8
默认
 62
    96
420
    32512
100
AcDbLine
 10
144.2251809763147
 20
54.28720346680587
 30
1.499999988389792
 11
131.2251809763147
 21
54.28720346680587
 31
1.499999988389792
  0
ARC
  5
2B9
102
{ACAD_REACTORS
330
749
102
}
330
1F
100
AcDbEntity
  8
默认
 62
    96
420
    32512
100
AcDbCircle
 10
131.2251809763147
 20
53.78720346680576
 30
1.499999988389792
 40
0.5000000000001331
100
AcDbArc
 50
90.00000000001629
 51
179.9999999999837
  0
POLYLINE
  5
2BA
102
{ACAD_REACTORS
330
749
102
}
330
1F
100
AcDbEntity
  8
默认
 62
    96
420
    32512
100
AcDb2dPolyline
 66
     1
 10
0.0
 20
0.0
 30
1.499999988389792
  0
VERTEX
  5
2BB
330
2BA
100
AcDbEntity
  8
默认
 62
    96
420
    32512
100
AcDbVertex
100
AcDb2dVertex
 10
130.7251809763147
 20
53.78720346680598
 30
1.499999988389792
  0
VERTEX
  5
2BC
330
2BA
100
AcDbEntity
  8
默认
 62
    96
420
    32512
100
AcDbVertex
100
AcDb2dVertex
 10
130.7251809763147
 20
50.28579583184547
 30
1.499999988389792
  0
VERTEX
  5
2BD
330
2BA
100
AcDbEntity
  8
默认
 62
    96
420
    32512
100
AcDbVertex
100
AcDb2dVertex
 10
125.6751809763146
 20
50.28579583184592
 30
1.499999988389792
  0
VERTEX
  5
2BE
330
2BA
100
AcDbEntity
  8
默认
 62
    96
420
    32512
100
AcDbVertex
100
AcDb2dVertex
 10
125.6751809763146
 20
53.78720346680587
 30
1.499999988389792
  0
SEQEND
  5
2BF
330
2BA
100
AcDbEntity
  8
默认
 62
    96
420
    32512
  0
ARC
  5
2C0
102
{ACAD_REACTORS
330
749
102
}
330
1F
100
AcDbEntity
  8
默认
 62
    96
420
    32512
100
AcDbCircle
 10
125.1751809763146
 20
53.78720346680587
 30
1.499999988389792
 40
0.5000000000000075
100
AcDbArc
 50
0.0000000000032569
 51
90.0
  0
LINE
  5
2C1
102
{ACAD_REACTORS
330
749
102
}
330
1F
100
AcDbEntity
  8
默认
 62
    96
420
    32512
100
AcDbLine
 10
125.1751809763146
 20
54.28720346680587
 30
1.499999988389792
 11
112.1751809763146
 21
54.28720346680587
 31
1.499999988389792
  0
ARC
  5
2C2
102
{ACAD_REACTORS
330
749
102
}
330
1F
100
AcDbEntity
  8
默认
 62
    96
420
    32512
100
AcDbCircle
 10
112.1751809763146
 20
53.78720346680576
 30
1.499999988389792
 40
0.500000000000081
100
AcDbArc
 50
90.00000000000978
 51
179.9999999999919
  0
LINE
  5
2C3
102
{ACAD_REACTORS
330
749
102
}
330
1F
100
AcDbEntity
  8
默认
 62
    96
420
    32512
100
AcDbLine
 10
111.6751809763146
 20
53.78720346680576
 30
1.499999988389792
 11
111.6751809763146
 21
40.78720346680576
 31
1.499999988389792
  0
ARC
  5
2C4
102
{ACAD_REACTORS
330
749
102
}
330
1F
100
AcDbEntity
  8
默认
 62
    96
420
    32512
100
AcDbCircle
 10
112.1751809763146
 20
40.78720346680576
 30
1.499999988389792
 40
0.5000000000000258
100
AcDbArc
 50
179.9999999999992
 51
269.9999999999984
  0
LINE
  5
2C5
102
{ACAD_REACTORS
330
749
102
}
330
1F
100
AcDbEntity
  8
默认
 62
    96
420
    32512
100
AcDbLine
 10
112.1751809763146
 20
40.28720346680576
 30
1.499999988389792
 11
125.1751809763146
 21
40.28720346680576
 31
1.499999988389792
  0
ARC
  5
2C6
102
{ACAD_REACTORS
330
749
102
}
330
1F
100
AcDbEntity
  8
默认
 62
    96
420
    32512
100
AcDbCircle
 10
125.1751809763146
 20
40.78720346680576
 30
1.499999988389792
 40
0.499999999999913
100
AcDbArc
 50
269.9999999999968
 51
0.0000000000097707
  0
POLYLINE
  5
2C7
102
{ACAD_REACTORS
330
749
102
}
330
1F
100
AcDbEntity
  8
默认
 62
    96
420
    32512
100
AcDb2dPolyline
 66
     1
 10
0.0
 20
0.0
 30
1.499999988389792
  0
VERTEX
  5
2C8
330
2C7
100
AcDbEntity
  8
默认
 62
    96
420
    32512
100
AcDbVertex
100
AcDb2dVertex
 10
125.6751809763146
 20
40.78720346680576
 30
1.499999988389792
  0
VERTEX
  5
2C9
330
2C7
100
AcDbEntity
  8
默认
 62
    96
420
    32512
100
AcDbVertex
100
AcDb2dVertex
 10
125.6751809763146
 20
44.28579583184547
 30
1.499999988389792
  0
VERTEX
  5
2CA
330
2C7
100
AcDbEntity
  8
默认
 62
    96
420
    32512
100
AcDbVertex
100
AcDb2dVertex
 10
130.7251809763147
 20
44.28579583184547
 30
1.499999988389792
  0
VERTEX
  5
2CB
330
2C7
100
AcDbEntity
  8
默认
 62
    96
420
    32512
100
AcDbVertex
100
AcDb2dVertex
 10
130.7251809763147
 20
40.78720346680598
 30
1.499999988389792
  0
SEQEND
  5
2CC
330
2C7
100
AcDbEntity
  8
默认
 62
    96
420
    32512
  0
ARC
  5
2CD
102
{ACAD_REACTORS
330
749
102
}
330
1F
100
AcDbEntity
  8
默认
 62
    96
420
    32512
100
AcDbCircle
 10
35.97518097631473
 20
40.78720346680576
 30
1.499999988389792
 40
0.4999999999999899
100
AcDbArc
 50
179.9999999999992
 51
270.0
  0
LINE
  5
2CE
102
{ACAD_REACTORS
330
749
102
}
330
1F
100
AcDbEntity
  8
默认
 62
    96
420
    32512
100
AcDbLine
 10
35.97518097631473
 20
40.28720346680576
 30
1.499999988389792
 11
48.97518097631473
 21
40.28720346680576
 31
1.499999988389792
  0
ARC
  5
2CF
102
{ACAD_REACTORS
330
749
102
}
330
1F
100
AcDbEntity
  8
默认
 62
    96
420
    32512
100
AcDbCircle
 10
48.97518097631473
 20
40.78720346680576
 30
1.499999988389792
 40
0.4999999999998812
100
AcDbArc
 50
269.999999999987
 51
0.0000000000130276
  0
LINE
  5
2D0
102
{ACAD_REACTORS
330
749
102
}
330
1F
100
AcDbEntity
  8
默认
 62
    96
420
    32512
100
AcDbLine
 10
49.47518097631473
 20
40.78720346680576
 30
1.499999988389792
 11
49.47518097631473
 21
53.78720346680587
 31
1.499999988389792
  0
ARC
  5
2D1
102
{ACAD_REACTORS
330
749
102
}
330
1F
100
AcDbEntity
  8
默认
 62
    96
420
    32512
100
AcDbCircle
 10
48.97518097631473
 20
53.78720346680587
 30
1.499999988389792
 40
0.5000000000000498
100
AcDbArc
 50
0.0000000000065138
 51
89.99999999999349
  0
LINE
  5
2D2
102
{ACAD_REACTORS
330
749
102
}
330
1F
100
AcDbEntity
  8
默认
 62
    96
420
    32512
100
AcDbLine
 10
48.97518097631473
 20
54.28720346680587
 30
1.499999988389792
 11
35.97518097631473
 21
54.28720346680587
 31
1.499999988389792
  0
ARC
  5
2D3
102
{ACAD_REACTORS
330
749
102
}
330
1F
100
AcDbEntity
  8
默认
 62
    96
420
    32512
100
AcDbCircle
 10
35.97518097631473
 20
53.78720346680576
 30
1.499999988389792
 40
0.5000000000000995
100
AcDbArc
 50
90.0000000000114
 51
179.9999999999886
  0
LINE
  5
2D4
102
{ACAD_REACTORS
330
749
102
}
330
1F
100
AcDbEntity
  8
默认
 62
    96
420
    32512
100
AcDbLine
 10
35.47518097631473
 20
53.78720346680587
 30
1.499999988389792
 11
35.47518097631473
 21
40.78720346680576
 31
1.499999988389792
  0
ARC
  5
2D5
102
{ACAD_REACTORS
330
749
102
}
330
1F
100
AcDbEntity
  8
默认
 62
    96
420
    32512
100
AcDbCircle
 10
74.07518097631464
 20
40.78720346680576
 30
1.499999988389792
 40
0.4999999999999321
100
AcDbArc
 50
179.9999999999919
 51
270.0000000000081
  0
LINE
  5
2D6
102
{ACAD_REACTORS
330
749
102
}
330
1F
100
AcDbEntity
  8
默认
 62
    96
420
    32512
100
AcDbLine
 10
74.07518097631464
 20
40.28720346680576
 30
1.499999988389792
 11
87.07518097631464
 21
40.28720346680576
 31
1.499999988389792
  0
ARC
  5
2D7
102
{ACAD_REACTORS
330
749
102
}
330
1F
100
AcDbEntity
  8
默认
 62
    96
420
    32512
100
AcDbCircle
 10
87.07518097631464
 20
40.78720346680576
 30
1.499999988389792
 40
0.4999999999999122
100
AcDbArc
 50
269.9999999999902
 51
0.0000000000105849
  0
LINE
  5
2D8
102
{ACAD_REACTORS
330
749
102
}
330
1F
100
AcDbEntity
  8
默认
 62
    96
420
    32512
100
AcDbLine
 10
87.57518097631464
 20
40.78720346680576
 30
1.499999988389792
 11
87.57518097631464
 21
53.78720346680587
 31
1.499999988389792
  0
ARC
  5
2D9
102
{ACAD_REACTORS
330
749
102
}
330
1F
100
AcDbEntity
  8
默认
 62
    96
420
    32512
100
AcDbCircle
 10
87.07518097631464
 20
53.78720346680587
 30
1.499999988389792
 40
0.5000000000000498
100
AcDbArc
 50
0.0000000000065138
 51
89.99999999999349
  0
LINE
  5
2DA
102
{ACAD_REACTORS
330
749
102
}
330
1F
100
AcDbEntity
  8
默认
 62
    96
420
    32512
100
AcDbLine
 10
87.07518097631464
 20
54.28720346680587
 30
1.499999988389792
 11
74.07518097631464
 21
54.28720346680587
 31
1.499999988389792
  0
ARC
  5
2DB
102
{ACAD_REACTORS
330
749
102
}
330
1F
100
AcDbEntity
  8
默认
 62
    96
420
    32512
100
AcDbCircle
 10
74.07518097631464
 20
53.78720346680576
 30
1.499999988389792
 40
0.5000000000000983
100
AcDbArc
 50
90.00000000000813
 51
179.9999999999886
  0
LINE
  5
2DC
102
{ACAD_REACTORS
330
749
102
}
330
1F
100
AcDbEntity
  8
默认
 62
    96
420
    32512
100
AcDbLine
 10
73.57518097631464
 20
53.78720346680587
 30
1.499999988389792
 11
73.57518097631464
 21
40.78720346680598
 31
1.499999988389792
  0
ARC
  5
2DD
102
{ACAD_REACTORS
330
749
102
}
330
1F
100
AcDbEntity
  8
默认
 62
    96
420
    32512
100
AcDbCircle
 10
150.2751809763145
 20
40.78720346680576
 30
1.499999988389792
 40
0.4999999999999573
100
AcDbArc
 50
179.9999999999951
 51
269.9999999999968
  0
LINE
  5
2DE
102
{ACAD_REACTORS
330
749
102
}
330
1F
100
AcDbEntity
  8
默认
 62
    96
420
    32512
100
AcDbLine
 10
150.2751809763149
 20
40.28720346680576
 30
1.499999988389792
 11
163.2751809763149
 21
40.28720346680598
 31
1.499999988389792
  0
ARC
  5
2DF
102
{ACAD_REACTORS
330
749
102
}
330
1F
100
AcDbEntity
  8
默认
 62
    96
420
    32512
100
AcDbCircle
 10
163.2751809763149
 20
40.78720346680576
 30
1.499999988389792
 40
0.4999999999998269
100
AcDbArc
 50
269.9999999999804
 51
0.0000000000203555
  0
LINE
  5
2E0
102
{ACAD_REACTORS
330
749
102
}
330
1F
100
AcDbEntity
  8
默认
 62
    96
420
    32512
100
AcDbLine
 10
163.7751809763149
 20
40.78720346680598
 30
1.499999988389792
 11
163.7751809763149
 21
53.78720346680587
 31
1.499999988389792
  0
ARC
  5
2E1
102
{ACAD_REACTORS
330
749
102
}
330
1F
100
AcDbEntity
  8
默认
 62
    96
420
    32512
100
AcDbCircle
 10
163.2751809763149
 20
53.78720346680587
 30
1.499999988389792
 40
0.5000000000000063
100
AcDbArc
 50
0.0000000000032569
 51
90.0
  0
LINE
  5
2E2
102
{ACAD_REACTORS
330
749
102
}
330
1F
100
AcDbEntity
  8
默认
 62
    96
420
    32512
100
AcDbLine
 10
163.2751809763149
 20
54.28720346680587
 30
1.499999988389792
 11
150.2751809763149
 21
54.28720346680587
 31
1.499999988389792
  0
ARC
  5
2E3
102
{ACAD_REACTORS
330
749
102
}
330
1F
100
AcDbEntity
  8
默认
 62
    96
420
    32512
100
AcDbCircle
 10
150.2751809763149
 20
53.78720346680576
 30
1.499999988389792
 40
0.500000000000137
100
AcDbArc
 50
90.00000000001629
 51
179.9999999999854
  0
LINE
  5
2E4
102
{ACAD_REACTORS
330
749
102
}
330
1F
100
AcDbEntity
  8
默认
 62
    96
420
    32512
100
AcDbLine
 10
149.7751809763149
 20
53.78720346680587
 30
1.499999988389792
 11
149.7751809763145
 21
40.78720346680576
 31
1.499999988389792
  0
ARC
  5
2E5
102
{ACAD_REACTORS
330
749
102
}
330
1F
100
AcDbEntity
  8
默认
 62
    96
420
    32512
100
AcDbCircle
 10
59.78768097631473
 20
78.88720346680577
 30
1.499999988389792
 40
0.5000000000000022
100
AcDbArc
 50
180.0
 51
270.0
  0
LINE
  5
2E6
102
{ACAD_REACTORS
330
749
102
}
330
1F
100
AcDbEntity
  8
默认
 62
    96
420
    32512
100
AcDbLine
 10
59.78768097631473
 20
78.38720346680577
 30
1.499999988389792
 11
72.78768097631473
 21
78.38720346680577
 31
1.499999988389792
  0
ARC
  5
2E7
102
{ACAD_REACTORS
330
749
102
}
330
1F
100
AcDbEntity
  8
默认
 62
    96
420
    32512
100
AcDbCircle
 10
72.78768097631473
 20
78.88720346680577
 30
1.499999988389792
 40
0.4999999999999533
100
AcDbArc
 50
269.9999999999935
 51
0.0000000000065138
  0
LINE
  5
2E8
102
{ACAD_REACTORS
330
749
102
}
330
1F
100
AcDbEntity
  8
默认
 62
    96
420
    32512
100
AcDbLine
 10
73.28768097631473
 20
78.88720346680577
 30
1.499999988389792
 11
73.28768097631473
 21
91.88720346680589
 31
1.499999988389792
  0
ARC
  5
2E9
102
{ACAD_REACTORS
330
749
102
}
330
1F
100
AcDbEntity
  8
默认
 62
    96
420
    32512
100
AcDbCircle
 10
72.78768097631473
 20
91.88720346680589
 30
1.499999988389792
 40
0.4999999999999453
100
AcDbArc
 50
359.9999999999951
 51
90.00000000000651
  0
LINE
  5
2EA
102
{ACAD_REACTORS
330
749
102
}
330
1F
100
AcDbEntity
  8
默认
 62
    96
420
    32512
100
AcDbLine
 10
72.78768097631473
 20
92.38720346680589
 30
1.499999988389792
 11
59.78768097631473
 21
92.38720346680577
 31
1.499999988389792
  0
ARC
  5
2EB
102
{ACAD_REACTORS
330
749
102
}
330
1F
100
AcDbEntity
  8
默认
 62
    96
420
    32512
100
AcDbCircle
 10
59.78768097631473
 20
91.88720346680589
 30
1.499999988389792
 40
0.4999999999999361
100
AcDbArc
 50
89.99999999999349
 51
180.0000000000065
  0
LINE
  5
2EC
102
{ACAD_REACTORS
330
749
102
}
330
1F
100
AcDbEntity
  8
默认
 62
    96
420
    32512
100
AcDbLine
 10
59.28768097631473
 20
91.88720346680577
 30
1.499999988389792
 11
59.28768097631473
 21
78.88720346680577
 31
1.499999988389792
  0
ARC
  5
2ED
102
{ACAD_REACTORS
330
749
102
}
330
1F
100
AcDbEntity
  8
默认
 62
    96
420
    32512
100
AcDbCircle
 10
240.7626809763146
 20
59.83720346680594
 30
1.499999988389792
 40
0.500000000000061
100
AcDbArc
 50
180.0000000000065
 51
269.9999999999935
  0
LINE
  5
2EE
102
{ACAD_REACTORS
330
749
102
}
330
1F
100
AcDbEntity
  8
默认
 62
    96
420
    32512
100
AcDbLine
 10
240.7626809763146
 20
59.33720346680582
 30
1.499999988389792
 11
253.7626809763146
 21
59.33720346680582
 31
1.499999988389792
  0
ARC
  5
2EF
102
{ACAD_REACTORS
330
749
102
}
330
1F
100
AcDbEntity
  8
默认
 62
    96
420
    32512
100
AcDbCircle
 10
253.7626809763151
 20
59.8372034668056
 30
1.499999988389792
 40
0.4999999999997878
100
AcDbArc
 50
269.999999999974
 51
0.0000000000244267
  0
LINE
  5
2F0
102
{ACAD_REACTORS
330
749
102
}
330
1F
100
AcDbEntity
  8
默认
 62
    96
420
    32512
100
AcDbLine
 10
254.2626809763146
 20
59.83720346680582
 30
1.499999988389792
 11
254.2626809763146
 21
72.83720346680582
 31
1.499999988389792
  0
ARC
  5
2F1
102
{ACAD_REACTORS
330
749
102
}
330
1F
100
AcDbEntity
  8
默认
 62
    96
420
    32512
100
AcDbCircle
 10
253.7626809763146
 20
72.83720346680593
 30
1.499999988389792
 40
0.4999999999999015
100
AcDbArc
 50
359.999999999987
 51
90.00000000001303
  0
LINE
  5
2F2
102
{ACAD_REACTORS
330
749
102
}
330
1F
100
AcDbEntity
  8
默认
 62
    96
420
    32512
100
AcDbLine
 10
253.7626809763146
 20
73.33720346680582
 30
1.499999988389792
 11
240.7626809763146
 21
73.33720346680582
 31
1.499999988389792
  0
ARC
  5
2F3
102
{ACAD_REACTORS
330
749
102
}
330
1F
100
AcDbEntity
  8
默认
 62
    96
420
    32512
100
AcDbCircle
 10
240.7626809763146
 20
72.8372034668057
 30
1.499999988389792
 40
0.5000000000001086
100
AcDbArc
 50
90.00000000001303
 51
179.9999999999886
  0
LINE
  5
2F4
102
{ACAD_REACTORS
330
749
102
}
330
1F
100
AcDbEntity
  8
默认
 62
    96
420
    32512
100
AcDbLine
 10
240.2626809763146
 20
72.83720346680582
 30
1.499999988389792
 11
240.2626809763146
 21
59.83720346680582
 31
1.499999988389792
  0
ARC
  5
2F5
102
{ACAD_REACTORS
330
749
102
}
330
1F
100
AcDbEntity
  8
默认
 62
    96
420
    32512
100
AcDbCircle
 10
193.1376809763146
 20
78.88720346680589
 30
1.499999988389792
 40
0.5000000000000915
100
AcDbArc
 50
180.0000000000097
 51
269.9999999999902
  0
LINE
  5
2F6
102
{ACAD_REACTORS
330
749
102
}
330
1F
100
AcDbEntity
  8
默认
 62
    96
420
    32512
100
AcDbLine
 10
193.1376809763146
 20
78.38720346680577
 30
1.499999988389792
 11
206.1376809763146
 21
78.38720346680577
 31
1.499999988389792
  0
ARC
  5
2F7
102
{ACAD_REACTORS
330
749
102
}
330
1F
100
AcDbEntity
  8
默认
 62
    96
420
    32512
100
AcDbCircle
 10
206.1376809763146
 20
78.88720346680577
 30
1.499999988389792
 40
0.4999999999999424
100
AcDbArc
 50
269.9999999999935
 51
0.0000000000065138
  0
LINE
  5
2F8
102
{ACAD_REACTORS
330
749
102
}
330
1F
100
AcDbEntity
  8
默认
 62
    96
420
    32512
100
AcDbLine
 10
206.6376809763146
 20
78.88720346680589
 30
1.499999988389792
 11
206.6376809763146
 21
91.88720346680577
 31
1.499999988389792
  0
ARC
  5
2F9
102
{ACAD_REACTORS
330
749
102
}
330
1F
100
AcDbEntity
  8
默认
 62
    96
420
    32512
100
AcDbCircle
 10
206.1376809763146
 20
91.88720346680589
 30
1.499999988389792
 40
0.4999999999999228
100
AcDbArc
 50
359.9999999999886
 51
90.00000000000325
  0
LINE
  5
2FA
102
{ACAD_REACTORS
330
749
102
}
330
1F
100
AcDbEntity
  8
默认
 62
    96
420
    32512
100
AcDbLine
 10
206.1376809763146
 20
92.38720346680577
 30
1.499999988389792
 11
193.1376809763146
 21
92.38720346680577
 31
1.499999988389792
  0
ARC
  5
2FB
102
{ACAD_REACTORS
330
749
102
}
330
1F
100
AcDbEntity
  8
默认
 62
    96
420
    32512
100
AcDbCircle
 10
193.1376809763146
 20
91.88720346680577
 30
1.499999988389792
 40
0.4999999999999816
100
AcDbArc
 50
89.99999999999675
 51
180.0000000000032
  0
LINE
  5
2FC
102
{ACAD_REACTORS
330
749
102
}
330
1F
100
AcDbEntity
  8
默认
 62
    96
420
    32512
100
AcDbLine
 10
192.6376809763146
 20
91.88720346680577
 30
1.499999988389792
 11
192.6376809763146
 21
78.88720346680577
 31
1.499999988389792
  0
ARC
  5
2FD
102
{ACAD_REACTORS
330
749
102
}
330
1F
100
AcDbEntity
  8
默认
 62
    96
420
    32512
100
AcDbCircle
 10
155.0376809763147
 20
78.88720346680589
 30
1.499999988389792
 40
0.5000000000000754
100
AcDbArc
 50
180.0000000000082
 51
269.9999999999902
  0
LINE
  5
2FE
102
{ACAD_REACTORS
330
749
102
}
330
1F
100
AcDbEntity
  8
默认
 62
    96
420
    32512
100
AcDbLine
 10
155.0376809763147
 20
78.38720346680577
 30
1.499999988389792
 11
168.0376809763147
 21
78.38720346680577
 31
1.499999988389792
  0
ARC
  5
2FF
102
{ACAD_REACTORS
330
749
102
}
330
1F
100
AcDbEntity
  8
默认
 62
    96
420
    32512
100
AcDbCircle
 10
168.0376809763147
 20
78.88720346680566
 30
1.499999988389792
 40
0.4999999999999189
100
AcDbArc
 50
269.9999999999902
 51
0.0000000000081422
  0
LINE
  5
300
102
{ACAD_REACTORS
330
749
102
}
330
1F
100
AcDbEntity
  8
默认
 62
    96
420
    32512
100
AcDbLine
 10
168.5376809763147
 20
78.88720346680577
 30
1.499999988389792
 11
168.5376809763147
 21
91.88720346680577
 31
1.499999988389792
  0
ARC
  5
301
102
{ACAD_REACTORS
330
749
102
}
330
1F
100
AcDbEntity
  8
默认
 62
    96
420
    32512
100
AcDbCircle
 10
168.0376809763147
 20
91.88720346680589
 30
1.499999988389792
 40
0.4999999999998915
100
AcDbArc
 50
359.9999999999853
 51
90.00000000000978
  0
LINE
  5
302
102
{ACAD_REACTORS
330
749
102
}
330
1F
100
AcDbEntity
  8
默认
 62
    96
420
    32512
100
AcDbLine
 10
168.0376809763147
 20
92.38720346680577
 30
1.499999988389792
 11
155.0376809763147
 21
92.38720346680577
 31
1.499999988389792
  0
ARC
  5
303
102
{ACAD_REACTORS
330
749
102
}
330
1F
100
AcDbEntity
  8
默认
 62
    96
420
    32512
100
AcDbCircle
 10
155.0376809763147
 20
91.88720346680577
 30
1.499999988389792
 40
0.50000000000001
100
AcDbArc
 50
90.0
 51
180.0
  0
LINE
  5
304
102
{ACAD_REACTORS
330
749
102
}
330
1F
100
AcDbEntity
  8
默认
 62
    96
420
    32512
100
AcDbLine
 10
154.5376809763147
 20
91.88720346680577
 30
1.499999988389792
 11
154.5376809763147
 21
78.88720346680577
 31
1.499999988389792
  0
ARC
  5
305
102
{ACAD_REACTORS
330
749
102
}
330
1F
100
AcDbEntity
  8
默认
 62
    96
420
    32512
100
AcDbCircle
 10
64.550180976315
 20
21.73720346680603
 30
1.499999988389792
 40
0.5000000000001644
100
AcDbArc
 50
180.0000000000188
 51
269.9999999999788
  0
LINE
  5
306
102
{ACAD_REACTORS
330
749
102
}
330
1F
100
AcDbEntity
  8
默认
 62
    96
420
    32512
100
AcDbLine
 10
64.55018097631455
 20
21.2372034668058
 30
1.499999988389792
 11
77.55018097631455
 21
21.23720346680557
 31
1.499999988389792
  0
ARC
  5
307
102
{ACAD_REACTORS
330
749
102
}
330
1F
100
AcDbEntity
  8
默认
 62
    96
420
    32512
100
AcDbCircle
 10
77.55018097631455
 20
21.7372034668058
 30
1.499999988389792
 40
0.5000000000000995
100
AcDbArc
 50
270.0000000000114
 51
359.9999999999886
  0
LINE
  5
308
102
{ACAD_REACTORS
330
749
102
}
330
1F
100
AcDbEntity
  8
默认
 62
    96
420
    32512
100
AcDbLine
 10
78.05018097631455
 20
21.73720346680557
 30
1.499999988389792
 11
78.05018097631455
 21
34.73720346680557
 31
1.499999988389792
  0
ARC
  5
309
102
{ACAD_REACTORS
330
749
102
}
330
1F
100
AcDbEntity
  8
默认
 62
    96
420
    32512
100
AcDbCircle
 10
77.550180976315
 20
34.73720346680603
 30
1.499999988389792
 40
0.4999999999998331
100
AcDbArc
 50
359.9999999999821
 51
90.00000000001954
  0
LINE
  5
30A
102
{ACAD_REACTORS
330
749
102
}
330
1F
100
AcDbEntity
  8
默认
 62
    96
420
    32512
100
AcDbLine
 10
77.55018097631455
 20
35.2372034668058
 30
1.499999988389792
 11
64.55018097631455
 21
35.23720346680557
 31
1.499999988389792
  0
ARC
  5
30B
102
{ACAD_REACTORS
330
749
102
}
330
1F
100
AcDbEntity
  8
默认
 62
    96
420
    32512
100
AcDbCircle
 10
64.55018097631455
 20
34.7372034668058
 30
1.499999988389792
 40
0.4999999999999077
100
AcDbArc
 50
89.99999999998697
 51
180.0000000000106
  0
LINE
  5
30C
102
{ACAD_REACTORS
330
749
102
}
330
1F
100
AcDbEntity
  8
默认
 62
    96
420
    32512
100
AcDbLine
 10
64.05018097631455
 20
34.73720346680557
 30
1.499999988389792
 11
64.050180976315
 21
21.7372034668058
 31
1.499999988389792
  0
ARC
  5
30D
102
{ACAD_REACTORS
330
749
102
}
330
1F
100
AcDbEntity
  8
默认
 62
    96
420
    32512
100
AcDbCircle
 10
97.88768097631464
 20
78.88720346680577
 30
1.499999988389792
 40
0.4999999999999247
100
AcDbArc
 50
179.9999999999919
 51
270.0000000000065
  0
LINE
  5
30E
102
{ACAD_REACTORS
330
749
102
}
330
1F
100
AcDbEntity
  8
默认
 62
    96
420
    32512
100
AcDbLine
 10
97.88768097631464
 20
78.38720346680589
 30
1.499999988389792
 11
110.8876809763146
 21
78.38720346680577
 31
1.499999988389792
  0
ARC
  5
30F
102
{ACAD_REACTORS
330
749
102
}
330
1F
100
AcDbEntity
  8
默认
 62
    96
420
    32512
100
AcDbCircle
 10
110.8876809763146
 20
78.88720346680577
 30
1.499999988389792
 40
0.499999999999938
100
AcDbArc
 50
269.9999999999935
 51
0.0000000000081422
  0
LINE
  5
310
102
{ACAD_REACTORS
330
749
102
}
330
1F
100
AcDbEntity
  8
默认
 62
    96
420
    32512
100
AcDbLine
 10
111.3876809763146
 20
78.88720346680589
 30
1.499999988389792
 11
111.3876809763146
 21
91.88720346680589
 31
1.499999988389792
  0
ARC
  5
311
102
{ACAD_REACTORS
330
749
102
}
330
1F
100
AcDbEntity
  8
默认
 62
    96
420
    32512
100
AcDbCircle
 10
110.8876809763146
 20
91.88720346680589
 30
1.499999988389792
 40
0.4999999999999562
100
AcDbArc
 50
359.9999999999935
 51
90.00000000000651
  0
LINE
  5
312
102
{ACAD_REACTORS
330
749
102
}
330
1F
100
AcDbEntity
  8
默认
 62
    96
420
    32512
100
AcDbLine
 10
110.8876809763146
 20
92.38720346680589
 30
1.499999988389792
 11
97.88768097631464
 21
92.38720346680577
 31
1.499999988389792
  0
ARC
  5
313
102
{ACAD_REACTORS
330
749
102
}
330
1F
100
AcDbEntity
  8
默认
 62
    96
420
    32512
100
AcDbCircle
 10
97.88768097631464
 20
91.88720346680589
 30
1.499999988389792
 40
0.4999999999999189
100
AcDbArc
 50
89.99999999999022
 51
180.0000000000082
  0
LINE
  5
314
102
{ACAD_REACTORS
330
749
102
}
330
1F
100
AcDbEntity
  8
默认
 62
    96
420
    32512
100
AcDbLine
 10
97.38768097631464
 20
91.88720346680589
 30
1.499999988389792
 11
97.38768097631464
 21
78.88720346680589
 31
1.499999988389792
  0
ARC
  5
315
102
{ACAD_REACTORS
330
749
102
}
330
1F
100
AcDbEntity
  8
默认
 62
    96
420
    32512
100
AcDbCircle
 10
78.83768097631491
 20
78.88720346680589
 30
1.499999988389792
 40
0.5000000000000498
100
AcDbArc
 50
180.0000000000065
 51
269.9999999999935
  0
LINE
  5
316
102
{ACAD_REACTORS
330
749
102
}
330
1F
100
AcDbEntity
  8
默认
 62
    96
420
    32512
100
AcDbLine
 10
78.83768097631491
 20
78.38720346680589
 30
1.499999988389792
 11
91.83768097631491
 21
78.38720346680577
 31
1.499999988389792
  0
ARC
  5
317
102
{ACAD_REACTORS
330
749
102
}
330
1F
100
AcDbEntity
  8
默认
 62
    96
420
    32512
100
AcDbCircle
 10
91.83768097631491
 20
78.88720346680577
 30
1.499999988389792
 40
0.500000000000008
100
AcDbArc
 50
269.9999999999984
 51
0.0
  0
LINE
  5
318
102
{ACAD_REACTORS
330
749
102
}
330
1F
100
AcDbEntity
  8
默认
 62
    96
420
    32512
100
AcDbLine
 10
92.33768097631491
 20
78.88720346680577
 30
1.499999988389792
 11
92.33768097631491
 21
91.88720346680577
 31
1.499999988389792
  0
ARC
  5
319
102
{ACAD_REACTORS
330
749
102
}
330
1F
100
AcDbEntity
  8
默认
 62
    96
420
    32512
100
AcDbCircle
 10
91.83768097631491
 20
91.88720346680589
 30
1.499999988389792
 40
0.4999999999999361
100
AcDbArc
 50
359.9999999999935
 51
90.00000000000651
  0
LINE
  5
31A
102
{ACAD_REACTORS
330
749
102
}
330
1F
100
AcDbEntity
  8
默认
 62
    96
420
    32512
100
AcDbLine
 10
91.83768097631491
 20
92.38720346680577
 30
1.499999988389792
 11
78.83768097631491
 21
92.38720346680577
 31
1.499999988389792
  0
ARC
  5
31B
102
{ACAD_REACTORS
330
749
102
}
330
1F
100
AcDbEntity
  8
默认
 62
    96
420
    32512
100
AcDbCircle
 10
78.83768097631491
 20
91.88720346680577
 30
1.499999988389792
 40
0.5
100
AcDbArc
 50
90.0
 51
180.0
  0
LINE
  5
31C
102
{ACAD_REACTORS
330
749
102
}
330
1F
100
AcDbEntity
  8
默认
 62
    96
420
    32512
100
AcDbLine
 10
78.33768097631491
 20
91.88720346680577
 30
1.499999988389792
 11
78.33768097631491
 21
78.88720346680589
 31
1.499999988389792
  0
ARC
  5
31D
102
{ACAD_REACTORS
330
749
102
}
330
1F
100
AcDbEntity
  8
默认
 62
    96
420
    32512
100
AcDbCircle
 10
216.9501809763151
 20
21.73720346680603
 30
1.499999988389792
 40
0.5000000000002374
100
AcDbArc
 50
180.0000000000269
 51
269.9999999999707
  0
LINE
  5
31E
102
{ACAD_REACTORS
330
749
102
}
330
1F
100
AcDbEntity
  8
默认
 62
    96
420
    32512
100
AcDbLine
 10
216.9501809763151
 20
21.23720346680557
 30
1.499999988389792
 11
229.9501809763146
 21
21.2372034668058
 31
1.499999988389792
  0
ARC
  5
31F
102
{ACAD_REACTORS
330
749
102
}
330
1F
100
AcDbEntity
  8
默认
 62
    96
420
    32512
100
AcDbCircle
 10
229.9501809763146
 20
21.7372034668058
 30
1.499999988389792
 40
0.5000000000000411
100
AcDbArc
 50
270.0000000000065
 51
359.9999999999951
  0
LINE
  5
320
102
{ACAD_REACTORS
330
749
102
}
330
1F
100
AcDbEntity
  8
默认
 62
    96
420
    32512
100
AcDbLine
 10
230.4501809763146
 20
21.73720346680557
 30
1.499999988389792
 11
230.4501809763146
 21
34.73720346680557
 31
1.499999988389792
  0
ARC
  5
321
102
{ACAD_REACTORS
330
749
102
}
330
1F
100
AcDbEntity
  8
默认
 62
    96
420
    32512
100
AcDbCircle
 10
229.9501809763146
 20
34.73720346680603
 30
1.499999988389792
 40
0.4999999999998278
100
AcDbArc
 50
359.999999999978
 51
90.00000000001954
  0
LINE
  5
322
102
{ACAD_REACTORS
330
749
102
}
330
1F
100
AcDbEntity
  8
默认
 62
    96
420
    32512
100
AcDbLine
 10
229.9501809763146
 20
35.23720346680557
 30
1.499999988389792
 11
216.9501809763146
 21
35.2372034668058
 31
1.499999988389792
  0
ARC
  5
323
102
{ACAD_REACTORS
330
749
102
}
330
1F
100
AcDbEntity
  8
默认
 62
    96
420
    32512
100
AcDbCircle
 10
216.9501809763146
 20
34.7372034668058
 30
1.499999988389792
 40
0.4999999999999717
100
AcDbArc
 50
89.99999999999349
 51
180.0000000000032
  0
LINE
  5
324
102
{ACAD_REACTORS
330
749
102
}
330
1F
100
AcDbEntity
  8
默认
 62
    96
420
    32512
100
AcDbLine
 10
216.4501809763146
 20
34.7372034668058
 30
1.499999988389792
 11
216.4501809763146
 21
21.73720346680557
 31
1.499999988389792
  0
ARC
  5
325
102
{ACAD_REACTORS
330
749
102
}
330
1F
100
AcDbEntity
  8
默认
 62
    96
420
    32512
100
AcDbCircle
 10
6.12019037397431
 20
19.7372034668058
 30
1.499999988389792
 40
0.5000000000001096
100
AcDbArc
 50
180.0000000000122
 51
269.999999999987
  0
LINE
  5
326
102
{ACAD_REACTORS
330
749
102
}
330
1F
100
AcDbEntity
  8
默认
 62
    96
420
    32512
100
AcDbLine
 10
6.12019037397431
 20
19.23720346680557
 30
1.499999988389792
 11
12.12019037397431
 21
19.23720346680557
 31
1.499999988389792
  0
ARC
  5
327
102
{ACAD_REACTORS
330
749
102
}
330
1F
100
AcDbEntity
  8
默认
 62
    96
420
    32512
100
AcDbCircle
 10
12.12019037397431
 20
19.7372034668058
 30
1.499999988389792
 40
0.5000000000000898
100
AcDbArc
 50
270.0000000000114
 51
359.9999999999902
  0
POLYLINE
  5
328
102
{ACAD_REACTORS
330
749
102
}
330
1F
100
AcDbEntity
  8
默认
 62
    96
420
    32512
100
AcDb2dPolyline
 66
     1
 10
0.0
 20
0.0
 30
1.499999988389792
  0
VERTEX
  5
329
330
328
100
AcDbEntity
  8
默认
 62
    96
420
    32512
100
AcDbVertex
100
AcDb2dVertex
 10
12.62019037397431
 20
19.73720346680557
 30
1.499999988389792
  0
VERTEX
  5
32A
330
328
100
AcDbEntity
  8
默认
 62
    96
420
    32512
100
AcDbVertex
100
AcDb2dVertex
 10
12.62019037397431
 20
21.23720346680557
 30
1.499999988389792
  0
VERTEX
  5
32B
330
328
100
AcDbEntity
  8
默认
 62
    96
420
    32512
100
AcDbVertex
100
AcDb2dVertex
 10
29.49619037397451
 20
21.23720346680557
 30
1.499999988389792
  0
VERTEX
  5
32C
330
328
100
AcDbEntity
  8
默认
 62
    96
420
    32512
100
AcDbVertex
100
AcDb2dVertex
 10
29.49619037397451
 20
19.73720346680557
 30
1.499999988389792
  0
SEQEND
  5
32D
330
328
100
AcDbEntity
  8
默认
 62
    96
420
    32512
  0
ARC
  5
32E
102
{ACAD_REACTORS
330
749
102
}
330
1F
100
AcDbEntity
  8
默认
 62
    96
420
    32512
100
AcDbCircle
 10
29.99619037397451
 20
19.73720346680603
 30
1.499999988389792
 40
0.5000000000001761
100
AcDbArc
 50
180.0000000000212
 51
269.9999999999797
  0
LINE
  5
32F
102
{ACAD_REACTORS
330
749
102
}
330
1F
100
AcDbEntity
  8
默认
 62
    96
420
    32512
100
AcDbLine
 10
29.99619037397406
 20
19.23720346680557
 30
1.499999988389792
 11
35.99619037397406
 21
19.23720346680557
 31
1.499999988389792
  0
ARC
  5
330
102
{ACAD_REACTORS
330
749
102
}
330
1F
100
AcDbEntity
  8
默认
 62
    96
420
    32512
100
AcDbCircle
 10
35.99619037397406
 20
19.7372034668058
 30
1.499999988389792
 40
0.500000000000135
100
AcDbArc
 50
270.0000000000147
 51
359.9999999999845
  0
POLYLINE
  5
331
102
{ACAD_REACTORS
330
749
102
}
330
1F
100
AcDbEntity
  8
默认
 62
    96
420
    32512
100
AcDb2dPolyline
 66
     1
 10
0.0
 20
0.0
 30
1.499999988389792
  0
VERTEX
  5
332
330
331
100
AcDbEntity
  8
默认
 62
    96
420
    32512
100
AcDbVertex
100
AcDb2dVertex
 10
36.49619037397406
 20
19.73720346680557
 30
1.499999988389792
  0
VERTEX
  5
333
330
331
100
AcDbEntity
  8
默认
 62
    96
420
    32512
100
AcDbVertex
100
AcDb2dVertex
 10
36.49619037397406
 20
21.23720346680557
 30
1.499999988389792
  0
VERTEX
  5
334
330
331
100
AcDbEntity
  8
默认
 62
    96
420
    32512
100
AcDbVertex
100
AcDb2dVertex
 10
39.46444037397441
 20
21.23720346680557
 30
1.499999988389792
  0
SEQEND
  5
335
330
331
100
AcDbEntity
  8
默认
 62
    96
420
    32512
  0
ARC
  5
336
102
{ACAD_REACTORS
330
749
102
}
330
1F
100
AcDbEntity
  8
默认
 62
    96
420
    32512
100
AcDbCircle
 10
39.46444037397441
 20
21.7372034668058
 30
1.499999988389792
 40
0.5000000000001191
100
AcDbArc
 50
270.000000000013
 51
359.9999999999862
  0
LINE
  5
337
102
{ACAD_REACTORS
330
749
102
}
330
1F
100
AcDbEntity
  8
默认
 62
    96
420
    32512
100
AcDbLine
 10
39.96444037397441
 20
21.73720346680557
 30
1.499999988389792
 11
39.96444037397441
 21
34.73720346680557
 31
1.499999988389792
  0
ARC
  5
338
102
{ACAD_REACTORS
330
749
102
}
330
1F
100
AcDbEntity
  8
默认
 62
    96
420
    32512
100
AcDbCircle
 10
39.46444037397441
 20
34.7372034668058
 30
1.499999988389792
 40
0.499999999999867
100
AcDbArc
 50
359.9999999999845
 51
90.00000000001629
  0
LINE
  5
339
102
{ACAD_REACTORS
330
749
102
}
330
1F
100
AcDbEntity
  8
默认
 62
    96
420
    32512
100
AcDbLine
 10
39.46444037397396
 20
35.23720346680557
 30
1.499999988389792
 11
5.033190373974321
 21
35.23720346680557
 31
1.499999988389792
  0
ARC
  5
33A
102
{ACAD_REACTORS
330
749
102
}
330
1F
100
AcDbEntity
  8
默认
 62
    96
420
    32512
100
AcDbCircle
 10
5.033190373974321
 20
34.7372034668058
 30
1.499999988389792
 40
0.4999999999998601
100
AcDbArc
 50
89.99999999998454
 51
180.0000000000155
  0
LINE
  5
33B
102
{ACAD_REACTORS
330
749
102
}
330
1F
100
AcDbEntity
  8
默认
 62
    96
420
    32512
100
AcDbLine
 10
4.533190373974321
 20
34.73720346680557
 30
1.499999988389792
 11
4.533190373974321
 21
21.73720346680557
 31
1.499999988389792
  0
ARC
  5
33C
102
{ACAD_REACTORS
330
749
102
}
330
1F
100
AcDbEntity
  8
默认
 62
    96
420
    32512
100
AcDbCircle
 10
5.033190373974321
 20
21.7372034668058
 30
1.499999988389792
 40
0.5000000000001324
100
AcDbArc
 50
180.0000000000147
 51
269.9999999999853
  0
POLYLINE
  5
33D
102
{ACAD_REACTORS
330
749
102
}
330
1F
100
AcDbEntity
  8
默认
 62
    96
420
    32512
100
AcDb2dPolyline
 66
     1
 10
0.0
 20
0.0
 30
1.499999988389792
  0
VERTEX
  5
33E
330
33D
100
AcDbEntity
  8
默认
 62
    96
420
    32512
100
AcDbVertex
100
AcDb2dVertex
 10
5.033190373973866
 20
21.23720346680557
 30
1.499999988389792
  0
VERTEX
  5
33F
330
33D
100
AcDbEntity
  8
默认
 62
    96
420
    32512
100
AcDbVertex
100
AcDb2dVertex
 10
5.62019037397431
 20
21.23720346680557
 30
1.499999988389792
  0
VERTEX
  5
340
330
33D
100
AcDbEntity
  8
默认
 62
    96
420
    32512
100
AcDbVertex
100
AcDb2dVertex
 10
5.62019037397431
 20
19.73720346680557
 30
1.499999988389792
  0
SEQEND
  5
341
330
33D
100
AcDbEntity
  8
默认
 62
    96
420
    32512
  0
ARC
  5
342
102
{ACAD_REACTORS
330
749
102
}
330
1F
100
AcDbEntity
  8
默认
 62
    96
420
    32512
100
AcDbCircle
 10
45.50018097631482
 20
21.73720346680603
 30
1.499999988389792
 40
0.500000000000205
100
AcDbArc
 50
180.0000000000236
 51
269.9999999999756
  0
LINE
  5
343
102
{ACAD_REACTORS
330
749
102
}
330
1F
100
AcDbEntity
  8
默认
 62
    96
420
    32512
100
AcDbLine
 10
45.50018097631482
 20
21.23720346680557
 30
1.499999988389792
 11
58.50018097631437
 21
21.23720346680557
 31
1.499999988389792
  0
ARC
  5
344
102
{ACAD_REACTORS
330
749
102
}
330
1F
100
AcDbEntity
  8
默认
 62
    96
420
    32512
100
AcDbCircle
 10
58.50018097631437
 20
21.7372034668058
 30
1.499999988389792
 40
0.5000000000001195
100
AcDbArc
 50
270.0000000000163
 51
359.9999999999862
  0
LINE
  5
345
102
{ACAD_REACTORS
330
749
102
}
330
1F
100
AcDbEntity
  8
默认
 62
    96
420
    32512
100
AcDbLine
 10
59.00018097631437
 20
21.73720346680557
 30
1.499999988389792
 11
59.00018097631482
 21
34.73720346680557
 31
1.499999988389792
  0
ARC
  5
346
102
{ACAD_REACTORS
330
749
102
}
330
1F
100
AcDbEntity
  8
默认
 62
    96
420
    32512
100
AcDbCircle
 10
58.50018097631482
 20
34.7372034668058
 30
1.499999988389792
 40
0.4999999999998645
100
AcDbArc
 50
359.9999999999837
 51
90.00000000001629
  0
LINE
  5
347
102
{ACAD_REACTORS
330
749
102
}
330
1F
100
AcDbEntity
  8
默认
 62
    96
420
    32512
100
AcDbLine
 10
58.50018097631437
 20
35.23720346680557
 30
1.499999988389792
 11
45.50018097631482
 21
35.23720346680557
 31
1.499999988389792
  0
ARC
  5
348
102
{ACAD_REACTORS
330
749
102
}
330
1F
100
AcDbEntity
  8
默认
 62
    96
420
    32512
100
AcDbCircle
 10
45.50018097631482
 20
34.7372034668058
 30
1.499999988389792
 40
0.499999999999924
100
AcDbArc
 50
89.99999999999349
 51
180.0000000000082
  0
LINE
  5
349
102
{ACAD_REACTORS
330
749
102
}
330
1F
100
AcDbEntity
  8
默认
 62
    96
420
    32512
100
AcDbLine
 10
45.00018097631482
 20
34.7372034668058
 30
1.499999988389792
 11
45.00018097631482
 21
21.73720346680557
 31
1.499999988389792
  0
LINE
  5
34A
102
{ACAD_REACTORS
330
749
102
}
330
1F
100
AcDbEntity
  8
默认
 62
    96
420
    32512
100
AcDbLine
 10
216.4501809763146
 20
15.68720346680585
 30
1.499999988389792
 11
216.4501809763151
 21
2.687203466805848
 31
1.499999988389792
  0
ARC
  5
34B
102
{ACAD_REACTORS
330
749
102
}
330
1F
100
AcDbEntity
  8
默认
 62
    96
420
    32512
100
AcDbCircle
 10
216.9501809763151
 20
2.687203466805848
 30
1.499999988389792
 40
0.5000000000000382
100
AcDbArc
 50
180.0000000000036
 51
269.9999999999968
  0
LINE
  5
34C
102
{ACAD_REACTORS
330
749
102
}
330
1F
100
AcDbEntity
  8
默认
 62
    96
420
    32512
100
AcDbLine
 10
216.9501809763151
 20
2.187203466805848
 30
1.499999988389792
 11
232.331430976315
 21
2.187203466805848
 31
1.499999988389792
  0
ARC
  5
34D
102
{ACAD_REACTORS
330
749
102
}
330
1F
100
AcDbEntity
  8
默认
 62
    96
420
    32512
100
AcDbCircle
 10
232.331430976315
 20
2.687203466805848
 30
1.499999988389792
 40
0.499999999999942
100
AcDbArc
 50
270.0
 51
0.0000000000069209
  0
LINE
  5
34E
102
{ACAD_REACTORS
330
749
102
}
330
1F
100
AcDbEntity
  8
默认
 62
    96
420
    32512
100
AcDbLine
 10
232.8314309763146
 20
2.687203466805848
 30
1.499999988389792
 11
232.831430976315
 21
15.68720346680585
 31
1.499999988389792
  0
ARC
  5
34F
102
{ACAD_REACTORS
330
749
102
}
330
1F
100
AcDbEntity
  8
默认
 62
    96
420
    32512
100
AcDbCircle
 10
232.331430976315
 20
15.68720346680585
 30
1.499999988389792
 40
0.4999999999998355
100
AcDbArc
 50
359.9999999999812
 51
90.00000000001954
  0
LINE
  5
350
102
{ACAD_REACTORS
330
749
102
}
330
1F
100
AcDbEntity
  8
默认
 62
    96
420
    32512
100
AcDbLine
 10
232.3314309763146
 20
16.18720346680585
 30
1.499999988389792
 11
216.9501809763146
 21
16.18720346680585
 31
1.499999988389792
  0
ARC
  5
351
102
{ACAD_REACTORS
330
749
102
}
330
1F
100
AcDbEntity
  8
默认
 62
    96
420
    32512
100
AcDbCircle
 10
216.9501809763146
 20
15.68720346680585
 30
1.499999988389792
 40
0.4999999999999482
100
AcDbArc
 50
89.99999999999349
 51
180.0000000000065
  0
ARC
  5
352
102
{ACAD_REACTORS
330
749
102
}
330
1F
100
AcDbEntity
  8
默认
 62
    96
420
    32512
100
AcDbCircle
 10
116.9376809763144
 20
78.88720346680577
 30
1.499999988389792
 40
0.4999999999999757
100
AcDbArc
 50
179.9999999999967
 51
270.0000000000032
  0
LINE
  5
353
102
{ACAD_REACTORS
330
749
102
}
330
1F
100
AcDbEntity
  8
默认
 62
    96
420
    32512
100
AcDbLine
 10
116.9376809763144
 20
78.38720346680577
 30
1.499999988389792
 11
129.9376809763148
 21
78.38720346680577
 31
1.499999988389792
  0
ARC
  5
354
102
{ACAD_REACTORS
330
749
102
}
330
1F
100
AcDbEntity
  8
默认
 62
    96
420
    32512
100
AcDbCircle
 10
129.9376809763148
 20
78.88720346680566
 30
1.499999988389792
 40
0.4999999999999006
100
AcDbArc
 50
269.9999999999902
 51
0.0000000000113991
  0
LINE
  5
355
102
{ACAD_REACTORS
330
749
102
}
330
1F
100
AcDbEntity
  8
默认
 62
    96
420
    32512
100
AcDbLine
 10
130.4376809763148
 20
78.88720346680577
 30
1.499999988389792
 11
130.4376809763148
 21
91.88720346680577
 31
1.499999988389792
  0
ARC
  5
356
102
{ACAD_REACTORS
330
749
102
}
330
1F
100
AcDbEntity
  8
默认
 62
    96
420
    32512
100
AcDbCircle
 10
129.9376809763148
 20
91.88720346680589
 30
1.499999988389792
 40
0.4999999999998915
100
AcDbArc
 50
359.9999999999853
 51
90.00000000000978
  0
LINE
  5
357
102
{ACAD_REACTORS
330
749
102
}
330
1F
100
AcDbEntity
  8
默认
 62
    96
420
    32512
100
AcDbLine
 10
129.9376809763144
 20
92.38720346680589
 30
1.499999988389792
 11
116.9376809763144
 21
92.38720346680577
 31
1.499999988389792
  0
ARC
  5
358
102
{ACAD_REACTORS
330
749
102
}
330
1F
100
AcDbEntity
  8
默认
 62
    96
420
    32512
100
AcDbCircle
 10
116.9376809763144
 20
91.88720346680577
 30
1.499999988389792
 40
0.499999999999991
100
AcDbArc
 50
89.99999999999349
 51
180.0
  0
LINE
  5
359
102
{ACAD_REACTORS
330
749
102
}
330
1F
100
AcDbEntity
  8
默认
 62
    96
420
    32512
100
AcDbLine
 10
116.4376809763144
 20
91.88720346680589
 30
1.499999988389792
 11
116.4376809763144
 21
78.88720346680577
 31
1.499999988389792
  0
ARC
  5
35A
102
{ACAD_REACTORS
330
749
102
}
330
1F
100
AcDbEntity
  8
默认
 62
    96
420
    32512
100
AcDbCircle
 10
135.9876809763146
 20
78.88720346680577
 30
1.499999988389792
 40
0.4999999999999716
100
AcDbArc
 50
179.9999999999967
 51
270.0000000000032
  0
LINE
  5
35B
102
{ACAD_REACTORS
330
749
102
}
330
1F
100
AcDbEntity
  8
默认
 62
    96
420
    32512
100
AcDbLine
 10
135.9876809763146
 20
78.38720346680577
 30
1.499999988389792
 11
148.987680976315
 21
78.38720346680577
 31
1.499999988389792
  0
ARC
  5
35C
102
{ACAD_REACTORS
330
749
102
}
330
1F
100
AcDbEntity
  8
默认
 62
    96
420
    32512
100
AcDbCircle
 10
148.9876809763146
 20
78.88720346680589
 30
1.499999988389792
 40
0.5000000000000293
100
AcDbArc
 50
270.0000000000032
 51
359.9999999999968
  0
LINE
  5
35D
102
{ACAD_REACTORS
330
749
102
}
330
1F
100
AcDbEntity
  8
默认
 62
    96
420
    32512
100
AcDbLine
 10
149.4876809763146
 20
78.88720346680589
 30
1.499999988389792
 11
149.487680976315
 21
91.88720346680589
 31
1.499999988389792
  0
ARC
  5
35E
102
{ACAD_REACTORS
330
749
102
}
330
1F
100
AcDbEntity
  8
默认
 62
    96
420
    32512
100
AcDbCircle
 10
148.987680976315
 20
91.88720346680589
 30
1.499999988389792
 40
0.4999999999999887
100
AcDbArc
 50
359.9999999999935
 51
90.0
  0
LINE
  5
35F
102
{ACAD_REACTORS
330
749
102
}
330
1F
100
AcDbEntity
  8
默认
 62
    96
420
    32512
100
AcDbLine
 10
148.987680976315
 20
92.38720346680589
 30
1.499999988389792
 11
135.9876809763146
 21
92.38720346680577
 31
1.499999988389792
  0
ARC
  5
360
102
{ACAD_REACTORS
330
749
102
}
330
1F
100
AcDbEntity
  8
默认
 62
    96
420
    32512
100
AcDbCircle
 10
135.9876809763146
 20
91.88720346680589
 30
1.499999988389792
 40
0.4999999999999189
100
AcDbArc
 50
89.99999999999022
 51
180.0000000000082
  0
LINE
  5
361
102
{ACAD_REACTORS
330
749
102
}
330
1F
100
AcDbEntity
  8
默认
 62
    96
420
    32512
100
AcDbLine
 10
135.4876809763146
 20
91.88720346680589
 30
1.499999988389792
 11
135.4876809763146
 21
78.88720346680577
 31
1.499999988389792
  0
ARC
  5
362
102
{ACAD_REACTORS
330
749
102
}
330
1F
100
AcDbEntity
  8
默认
 62
    96
420
    32512
100
AcDbCircle
 10
-280.9839039896042
 20
90.56493777149592
 30
-1.499999988389792
 40
4.000000000004155
210
0.0
220
0.0
230
-1.0
100
AcDbArc
 50
90.00000000000082
 51
179.999999999999
  0
LINE
  5
363
102
{ACAD_REACTORS
330
749
102
}
330
1F
100
AcDbEntity
  8
默认
 62
    96
420
    32512
100
AcDbLine
 10
284.9839039896083
 20
90.56493777149592
 30
1.499999988389792
 11
284.9839039867466
 21
40.90522242981297
 31
1.499999988389792
  0
ARC
  5
364
102
{ACAD_REACTORS
330
749
102
}
330
1F
100
AcDbEntity
  8
默认
 62
    96
420
    32512
100
AcDbCircle
 10
-284.4839039867461
 20
40.90522242984208
 30
-1.499999988389792
 40
0.500000000000337
210
0.0
220
0.0
230
-1.0
100
AcDbArc
 50
180.0000000033464
 51
270.0000004160349
  0
LINE
  5
365
102
{ACAD_REACTORS
330
749
102
}
330
1F
100
AcDbEntity
  8
默认
 62
    96
420
    32512
100
AcDbLine
 10
284.4839039831154
 20
40.40522242984162
 30
1.499999988389792
 11
282.0664113423636
 21
40.40522244739669
 31
1.499999988389792
  0
ARC
  5
366
102
{ACAD_REACTORS
330
749
102
}
330
1F
100
AcDbEntity
  8
默认
 62
    96
420
    32512
100
AcDbCircle
 10
282.0664113423636
 20
38.10522244739651
 30
1.499999988389792
 40
2.300000000000011
100
AcDbArc
 50
90.00000000000284
 51
269.9999999999986
  0
LINE
  5
367
102
{ACAD_REACTORS
330
749
102
}
330
1F
100
AcDbEntity
  8
默认
 62
    96
420
    32512
100
AcDbLine
 10
282.0664113423636
 20
35.80522244739678
 30
1.499999988389792
 11
284.4839039875742
 21
35.80522244347572
 31
1.499999988389792
  0
ARC
  5
368
102
{ACAD_REACTORS
330
749
102
}
330
1F
100
AcDbEntity
  8
默认
 62
    96
420
    32512
100
AcDbCircle
 10
-284.4839039867629
 20
35.30522244347549
 30
-1.499999988389792
 40
0.5000000000001752
210
0.0
220
0.0
230
-1.0
100
AcDbArc
 50
90.00000009296461
 51
179.9999999947955
  0
LINE
  5
369
102
{ACAD_REACTORS
330
749
102
}
330
1F
100
AcDbEntity
  8
默认
 62
    96
420
    32512
100
AcDbLine
 10
284.9839039867629
 20
35.30522244352097
 30
1.499999988389792
 11
284.9839039896083
 21
4.0000000000041
 31
1.499999988389792
  0
ARC
  5
36A
102
{ACAD_REACTORS
330
749
102
}
330
1F
100
AcDbEntity
  8
默认
 62
    96
420
    32512
100
AcDbCircle
 10
-280.9839039896042
 20
4.0000000000041
 30
-1.499999988389792
 40
4.000000000004069
210
0.0
220
0.0
230
-1.0
100
AcDbArc
 50
179.9999999999993
 51
269.9999999999992
  0
LINE
  5
36B
102
{ACAD_REACTORS
330
749
102
}
330
1F
100
AcDbEntity
  8
默认
 62
    96
420
    32512
100
AcDbLine
 10
280.9839039896042
 20
0.0000000000000071
 30
1.499999988389792
 11
4.000000000100044
 21
0.0000000000000071
 31
1.499999988389792
  0
ARC
  5
36C
102
{ACAD_REACTORS
330
749
102
}
330
1F
100
AcDbEntity
  8
默认
 62
    96
420
    32512
100
AcDbCircle
 10
-4.000000000100044
 20
4.0000000000041
 30
-1.499999988389792
 40
4.000000000004099
210
0.0
220
0.0
230
-1.0
100
AcDbArc
 50
270.0000000000001
 51
359.9999999999998
  0
LINE
  5
36D
102
{ACAD_REACTORS
330
749
102
}
330
1F
100
AcDbEntity
  8
默认
 62
    96
420
    32512
100
AcDbLine
 10
0.0000000000959517
 20
4.0000000000041
 30
1.499999988389792
 11
0.0000000000004547
 21
35.28654389565282
 31
1.499999988389792
  0
ARC
  5
36E
102
{ACAD_REACTORS
330
749
102
}
330
1F
100
AcDbEntity
  8
默认
 62
    96
420
    32512
100
AcDbCircle
 10
-0.5000000000009095
 20
35.28654389565418
 30
-1.499999988389792
 40
0.5000000000001705
210
0.0
220
0.0
230
-1.0
100
AcDbArc
 50
359.9999999998371
 51
89.99999999938117
  0
LINE
  5
36F
102
{ACAD_REACTORS
330
749
102
}
330
1F
100
AcDbEntity
  8
默认
 62
    96
420
    32512
100
AcDbLine
 10
0.4999999999954525
 20
35.78654389565441
 30
1.499999988389792
 11
3.416411413720198
 21
35.7865438956842
 31
1.499999988389792
  0
ARC
  5
370
102
{ACAD_REACTORS
330
749
102
}
330
1F
100
AcDbEntity
  8
默认
 62
    96
420
    32512
100
AcDbCircle
 10
3.416411413720198
 20
38.08654389568438
 30
1.499999988389792
 40
2.299999999999961
100
AcDbArc
 50
269.9999999999989
 51
90.00000000000126
  0
LINE
  5
371
102
{ACAD_REACTORS
330
749
102
}
330
1F
100
AcDbEntity
  8
默认
 62
    96
420
    32512
100
AcDbLine
 10
3.416411413720198
 20
40.38654389568411
 30
1.499999988389792
 11
0.5000000000150067
 21
40.38654389559679
 31
1.499999988389792
  0
ARC
  5
372
102
{ACAD_REACTORS
330
749
102
}
330
1F
100
AcDbEntity
  8
默认
 62
    96
420
    32512
100
AcDbCircle
 10
-0.5
 20
40.88654389559679
 30
-1.499999988389792
 40
0.4999999999999909
210
0.0
220
0.0
230
-1.0
100
AcDbArc
 50
269.9999999982795
 51
0.0000000001058489
  0
LINE
  5
373
102
{ACAD_REACTORS
330
749
102
}
330
1F
100
AcDbEntity
  8
默认
 62
    96
420
    32512
100
AcDbLine
 10
0.0
 20
40.8865438955977
 30
1.499999988389792
 11
0.0000000000959517
 21
90.56493777149603
 31
1.499999988389792
  0
ARC
  5
374
102
{ACAD_REACTORS
330
749
102
}
330
1F
100
AcDbEntity
  8
默认
 62
    96
420
    32512
100
AcDbCircle
 10
-4.000000000100044
 20
90.56493777149603
 30
-1.499999988389792
 40
4.00000000000405
210
0.0
220
0.0
230
-1.0
100
AcDbArc
 50
359.9999999999992
 51
90.00000000000058
  0
LINE
  5
375
102
{ACAD_REACTORS
330
749
102
}
330
1F
100
AcDbEntity
  8
默认
 62
    96
420
    32512
100
AcDbLine
 10
4.000000000100044
 20
94.56493777150013
 30
1.499999988389792
 11
280.9839039896042
 21
94.56493777150013
 31
1.499999988389792
  0
ARC
  5
376
102
{ACAD_REACTORS
330
749
102
}
330
1F
100
AcDbEntity
  8
默认
 62
    96
420
    32512
100
AcDbCircle
 10
197.9001809763149
 20
21.7372034668058
 30
1.499999988389792
 40
0.500000000000065
100
AcDbArc
 50
180.0000000000073
 51
269.9999999999902
  0
LINE
  5
377
102
{ACAD_REACTORS
330
749
102
}
330
1F
100
AcDbEntity
  8
默认
 62
    96
420
    32512
100
AcDbLine
 10
197.9001809763149
 20
21.23720346680557
 30
1.499999988389792
 11
210.9001809763149
 21
21.23720346680557
 31
1.499999988389792
  0
ARC
  5
378
102
{ACAD_REACTORS
330
749
102
}
330
1F
100
AcDbEntity
  8
默认
 62
    96
420
    32512
100
AcDbCircle
 10
210.9001809763145
 20
21.73720346680603
 30
1.499999988389792
 40
0.5000000000001421
100
AcDbArc
 50
270.0000000000163
 51
359.9999999999837
  0
LINE
  5
379
102
{ACAD_REACTORS
330
749
102
}
330
1F
100
AcDbEntity
  8
默认
 62
    96
420
    32512
100
AcDbLine
 10
211.4001809763145
 20
21.73720346680557
 30
1.499999988389792
 11
211.4001809763149
 21
34.7372034668058
 31
1.499999988389792
  0
ARC
  5
37A
102
{ACAD_REACTORS
330
749
102
}
330
1F
100
AcDbEntity
  8
默认
 62
    96
420
    32512
100
AcDbCircle
 10
210.9001809763149
 20
34.73720346680603
 30
1.499999988389792
 40
0.499999999999867
100
AcDbArc
 50
359.9999999999829
 51
90.00000000001629
  0
LINE
  5
37B
102
{ACAD_REACTORS
330
749
102
}
330
1F
100
AcDbEntity
  8
默认
 62
    96
420
    32512
100
AcDbLine
 10
210.9001809763145
 20
35.2372034668058
 30
1.499999988389792
 11
197.9001809763149
 21
35.2372034668058
 31
1.499999988389792
  0
ARC
  5
37C
102
{ACAD_REACTORS
330
749
102
}
330
1F
100
AcDbEntity
  8
默认
 62
    96
420
    32512
100
AcDbCircle
 10
197.9001809763149
 20
34.7372034668058
 30
1.499999988389792
 40
0.4999999999999499
100
AcDbArc
 50
90.0
 51
180.0000000000057
  0
LINE
  5
37D
102
{ACAD_REACTORS
330
749
102
}
330
1F
100
AcDbEntity
  8
默认
 62
    96
420
    32512
100
AcDbLine
 10
197.4001809763149
 20
34.7372034668058
 30
1.499999988389792
 11
197.4001809763149
 21
21.73720346680557
 31
1.499999988389792
  0
ARC
  5
37E
102
{ACAD_REACTORS
330
749
102
}
330
1F
100
AcDbEntity
  8
默认
 62
    96
420
    32512
100
AcDbCircle
 10
183.6126809763146
 20
59.83720346680571
 30
1.499999988389792
 40
0.4999999999999086
100
AcDbArc
 50
179.9999999999902
 51
270.0000000000098
  0
LINE
  5
37F
102
{ACAD_REACTORS
330
749
102
}
330
1F
100
AcDbEntity
  8
默认
 62
    96
420
    32512
100
AcDbLine
 10
183.6126809763146
 20
59.33720346680582
 30
1.499999988389792
 11
196.612680976315
 21
59.33720346680582
 31
1.499999988389792
  0
ARC
  5
380
102
{ACAD_REACTORS
330
749
102
}
330
1F
100
AcDbEntity
  8
默认
 62
    96
420
    32512
100
AcDbCircle
 10
196.612680976315
 20
59.83720346680582
 30
1.499999988389792
 40
0.4999999999999658
100
AcDbArc
 50
270.0
 51
0.0000000000048853
  0
LINE
  5
381
102
{ACAD_REACTORS
330
749
102
}
330
1F
100
AcDbEntity
  8
默认
 62
    96
420
    32512
100
AcDbLine
 10
197.1126809763146
 20
59.83720346680582
 30
1.499999988389792
 11
197.1126809763146
 21
72.83720346680582
 31
1.499999988389792
  0
ARC
  5
382
102
{ACAD_REACTORS
330
749
102
}
330
1F
100
AcDbEntity
  8
默认
 62
    96
420
    32512
100
AcDbCircle
 10
196.6126809763146
 20
72.83720346680582
 30
1.499999988389792
 40
0.5000000000000405
100
AcDbArc
 50
0.0000000000048853
 51
89.99999999999349
  0
LINE
  5
383
102
{ACAD_REACTORS
330
749
102
}
330
1F
100
AcDbEntity
  8
默认
 62
    96
420
    32512
100
AcDbLine
 10
196.6126809763146
 20
73.33720346680582
 30
1.499999988389792
 11
183.612680976315
 21
73.33720346680593
 31
1.499999988389792
  0
ARC
  5
384
102
{ACAD_REACTORS
330
749
102
}
330
1F
100
AcDbEntity
  8
默认
 62
    96
420
    32512
100
AcDbCircle
 10
183.612680976315
 20
72.83720346680593
 30
1.499999988389792
 40
0.4999999999999658
100
AcDbArc
 50
90.0
 51
180.0000000000049
  0
LINE
  5
385
102
{ACAD_REACTORS
330
749
102
}
330
1F
100
AcDbEntity
  8
默认
 62
    96
420
    32512
100
AcDbLine
 10
183.112680976315
 20
72.83720346680593
 30
1.499999988389792
 11
183.1126809763146
 21
59.83720346680582
 31
1.499999988389792
  0
ARC
  5
386
102
{ACAD_REACTORS
330
749
102
}
330
1F
100
AcDbEntity
  8
默认
 62
    96
420
    32512
100
AcDbCircle
 10
268.1211903739745
 20
33.73720346680557
 30
1.499999988389792
 40
0.4999999999999866
100
AcDbArc
 50
90.0
 51
180.0000000000016
  0
LINE
  5
387
102
{ACAD_REACTORS
330
749
102
}
330
1F
100
AcDbEntity
  8
默认
 62
    96
420
    32512
100
AcDbLine
 10
267.6211903739745
 20
33.73720346680557
 30
1.499999988389792
 11
267.6211903739741
 21
19.73720346680557
 31
1.499999988389792
  0
ARC
  5
388
102
{ACAD_REACTORS
330
749
102
}
330
1F
100
AcDbEntity
  8
默认
 62
    96
420
    32512
100
AcDbCircle
 10
268.1211903739745
 20
19.73720346680603
 30
1.499999988389792
 40
0.5000000000002385
100
AcDbArc
 50
180.0000000000293
 51
269.9999999999674
  0
LINE
  5
389
102
{ACAD_REACTORS
330
749
102
}
330
1F
100
AcDbEntity
  8
默认
 62
    96
420
    32512
100
AcDbLine
 10
268.1211903739745
 20
19.23720346680557
 30
1.499999988389792
 11
274.1211903739741
 21
19.23720346680557
 31
1.499999988389792
  0
ARC
  5
38A
102
{ACAD_REACTORS
330
749
102
}
330
1F
100
AcDbEntity
  8
默认
 62
    96
420
    32512
100
AcDbCircle
 10
274.1211903739741
 20
19.7372034668058
 30
1.499999988389792
 40
0.5000000000001222
100
AcDbArc
 50
270.0000000000196
 51
359.9999999999862
  0
POLYLINE
  5
38B
102
{ACAD_REACTORS
330
749
102
}
330
1F
100
AcDbEntity
  8
默认
 62
    96
420
    32512
100
AcDb2dPolyline
 66
     1
 10
0.0
 20
0.0
 30
1.499999988389792
  0
VERTEX
  5
38C
330
38B
100
AcDbEntity
  8
默认
 62
    96
420
    32512
100
AcDbVertex
100
AcDb2dVertex
 10
274.6211903739741
 20
19.73720346680557
 30
1.499999988389792
  0
VERTEX
  5
38D
330
38B
100
AcDbEntity
  8
默认
 62
    96
420
    32512
100
AcDbVertex
100
AcDb2dVertex
 10
274.6211903739745
 20
21.23720346680557
 30
1.499999988389792
  0
VERTEX
  5
38E
330
38B
100
AcDbEntity
  8
默认
 62
    96
420
    32512
100
AcDbVertex
100
AcDb2dVertex
 10
282.3519403739747
 20
21.23720346680557
 30
1.499999988389792
  0
SEQEND
  5
38F
330
38B
100
AcDbEntity
  8
默认
 62
    96
420
    32512
  0
ARC
  5
390
102
{ACAD_REACTORS
330
749
102
}
330
1F
100
AcDbEntity
  8
默认
 62
    96
420
    32512
100
AcDbCircle
 10
282.3519403739742
 20
21.73720346680603
 30
1.499999988389792
 40
0.5000000000002175
100
AcDbArc
 50
270.000000000026
 51
359.9999999999756
  0
LINE
  5
391
102
{ACAD_REACTORS
330
749
102
}
330
1F
100
AcDbEntity
  8
默认
 62
    96
420
    32512
100
AcDbLine
 10
282.8519403739742
 20
21.73720346680557
 30
1.499999988389792
 11
282.8519403739747
 21
34.7372034668058
 31
1.499999988389792
  0
ARC
  5
392
102
{ACAD_REACTORS
330
749
102
}
330
1F
100
AcDbEntity
  8
默认
 62
    96
420
    32512
100
AcDbCircle
 10
282.3519403739747
 20
34.7372034668058
 30
1.499999988389792
 40
0.4999999999999244
100
AcDbArc
 50
359.9999999999959
 51
90.00000000000651
  0
LINE
  5
393
102
{ACAD_REACTORS
330
749
102
}
330
1F
100
AcDbEntity
  8
默认
 62
    96
420
    32512
100
AcDbLine
 10
282.3519403739747
 20
35.23720346680557
 30
1.499999988389792
 11
269.3519403739742
 21
35.23720346680557
 31
1.499999988389792
  0
ARC
  5
394
102
{ACAD_REACTORS
330
749
102
}
330
1F
100
AcDbEntity
  8
默认
 62
    96
420
    32512
100
AcDbCircle
 10
269.3519403739742
 20
34.73720346680603
 30
1.499999988389792
 40
0.4999999999997852
100
AcDbArc
 50
89.99999999997394
 51
180.0000000000244
  0
POLYLINE
  5
395
102
{ACAD_REACTORS
330
749
102
}
330
1F
100
AcDbEntity
  8
默认
 62
    96
420
    32512
100
AcDb2dPolyline
 66
     1
 10
0.0
 20
0.0
 30
1.499999988389792
  0
VERTEX
  5
396
330
395
100
AcDbEntity
  8
默认
 62
    96
420
    32512
100
AcDbVertex
100
AcDb2dVertex
 10
268.8519403739742
 20
34.73720346680557
 30
1.499999988389792
  0
VERTEX
  5
397
330
395
100
AcDbEntity
  8
默认
 62
    96
420
    32512
100
AcDbVertex
100
AcDb2dVertex
 10
268.8519403739747
 20
34.23720346680557
 30
1.499999988389792
  0
VERTEX
  5
398
330
395
100
AcDbEntity
  8
默认
 62
    96
420
    32512
100
AcDbVertex
100
AcDb2dVertex
 10
268.1211903739745
 20
34.23720346680557
 30
1.499999988389792
  0
SEQEND
  5
399
330
395
100
AcDbEntity
  8
默认
 62
    96
420
    32512
  0
ARC
  5
39A
102
{ACAD_REACTORS
330
749
102
}
330
1F
100
AcDbEntity
  8
默认
 62
    96
420
    32512
100
AcDbCircle
 10
159.800180976315
 20
21.73720346680603
 30
1.499999988389792
 40
0.5000000000001644
100
AcDbArc
 50
180.0000000000188
 51
269.9999999999804
  0
LINE
  5
39B
102
{ACAD_REACTORS
330
749
102
}
330
1F
100
AcDbEntity
  8
默认
 62
    96
420
    32512
100
AcDbLine
 10
159.8001809763146
 20
21.2372034668058
 30
1.499999988389792
 11
172.800180976315
 21
21.23720346680557
 31
1.499999988389792
  0
ARC
  5
39C
102
{ACAD_REACTORS
330
749
102
}
330
1F
100
AcDbEntity
  8
默认
 62
    96
420
    32512
100
AcDbCircle
 10
172.8001809763146
 20
21.73720346680603
 30
1.499999988389792
 40
0.5000000000002175
100
AcDbArc
 50
270.000000000026
 51
359.9999999999756
  0
LINE
  5
39D
102
{ACAD_REACTORS
330
749
102
}
330
1F
100
AcDbEntity
  8
默认
 62
    96
420
    32512
100
AcDbLine
 10
173.3001809763146
 20
21.73720346680557
 30
1.499999988389792
 11
173.300180976315
 21
34.7372034668058
 31
1.499999988389792
  0
ARC
  5
39E
102
{ACAD_REACTORS
330
749
102
}
330
1F
100
AcDbEntity
  8
默认
 62
    96
420
    32512
100
AcDbCircle
 10
172.800180976315
 20
34.7372034668058
 30
1.499999988389792
 40
0.4999999999999609
100
AcDbArc
 50
359.9999999999943
 51
90.00000000000325
  0
LINE
  5
39F
102
{ACAD_REACTORS
330
749
102
}
330
1F
100
AcDbEntity
  8
默认
 62
    96
420
    32512
100
AcDbLine
 10
172.8001809763146
 20
35.23720346680557
 30
1.499999988389792
 11
159.8001809763146
 21
35.23720346680557
 31
1.499999988389792
  0
ARC
  5
3A0
102
{ACAD_REACTORS
330
749
102
}
330
1F
100
AcDbEntity
  8
默认
 62
    96
420
    32512
100
AcDbCircle
 10
159.8001809763146
 20
34.7372034668058
 30
1.499999988389792
 40
0.4999999999998906
100
AcDbArc
 50
89.99999999998697
 51
180.000000000013
  0
LINE
  5
3A1
102
{ACAD_REACTORS
330
749
102
}
330
1F
100
AcDbEntity
  8
默认
 62
    96
420
    32512
100
AcDbLine
 10
159.3001809763146
 20
34.73720346680557
 30
1.499999988389792
 11
159.300180976315
 21
21.7372034668058
 31
1.499999988389792
  0
LINE
  5
3A2
102
{ACAD_REACTORS
330
749
102
}
330
1F
100
AcDbEntity
  8
默认
 62
    96
420
    32512
100
AcDbLine
 10
264.0751809763146
 20
15.68720346680562
 30
1.499999988389792
 11
264.0751809763151
 21
2.687203466805848
 31
1.499999988389792
  0
ARC
  5
3A3
102
{ACAD_REACTORS
330
749
102
}
330
1F
100
AcDbEntity
  8
默认
 62
    96
420
    32512
100
AcDbCircle
 10
264.5751809763151
 20
2.687203466805848
 30
1.499999988389792
 40
0.5000000000001075
100
AcDbArc
 50
180.0000000000073
 51
269.999999999987
  0
LINE
  5
3A4
102
{ACAD_REACTORS
330
749
102
}
330
1F
100
AcDbEntity
  8
默认
 62
    96
420
    32512
100
AcDbLine
 10
264.5751809763151
 20
2.187203466805848
 30
1.499999988389792
 11
279.9564309763146
 21
2.187203466805848
 31
1.499999988389792
  0
ARC
  5
3A5
102
{ACAD_REACTORS
330
749
102
}
330
1F
100
AcDbEntity
  8
默认
 62
    96
420
    32512
100
AcDbCircle
 10
279.956430976315
 20
2.68720346680562
 30
1.499999988389792
 40
0.4999999999998371
100
AcDbArc
 50
269.9999999999804
 51
0.0000000000188289
  0
LINE
  5
3A6
102
{ACAD_REACTORS
330
749
102
}
330
1F
100
AcDbEntity
  8
默认
 62
    96
420
    32512
100
AcDbLine
 10
280.456430976315
 20
2.687203466805848
 30
1.499999988389792
 11
280.4564309763146
 21
15.68720346680585
 31
1.499999988389792
  0
ARC
  5
3A7
102
{ACAD_REACTORS
330
749
102
}
330
1F
100
AcDbEntity
  8
默认
 62
    96
420
    32512
100
AcDbCircle
 10
279.9564309763146
 20
15.68720346680585
 30
1.499999988389792
 40
0.4999999999999768
100
AcDbArc
 50
359.9999999999959
 51
90.0
  0
LINE
  5
3A8
102
{ACAD_REACTORS
330
749
102
}
330
1F
100
AcDbEntity
  8
默认
 62
    96
420
    32512
100
AcDbLine
 10
279.9564309763146
 20
16.18720346680585
 30
1.499999988389792
 11
264.5751809763146
 21
16.18720346680585
 31
1.499999988389792
  0
ARC
  5
3A9
102
{ACAD_REACTORS
330
749
102
}
330
1F
100
AcDbEntity
  8
默认
 62
    96
420
    32512
100
AcDbCircle
 10
264.5751809763146
 20
15.68720346680585
 30
1.499999988389792
 40
0.4999999999998806
100
AcDbArc
 50
89.99999999998046
 51
180.0000000000138
  0
ARC
  5
3AA
102
{ACAD_REACTORS
330
749
102
}
330
1F
100
AcDbEntity
  8
默认
 62
    96
420
    32512
100
AcDbCircle
 10
207.4251809763146
 20
40.78720346680576
 30
1.499999988389792
 40
0.4999999999999573
100
AcDbArc
 50
179.9999999999951
 51
269.9999999999968
  0
LINE
  5
3AB
102
{ACAD_REACTORS
330
749
102
}
330
1F
100
AcDbEntity
  8
默认
 62
    96
420
    32512
100
AcDbLine
 10
207.4251809763146
 20
40.28720346680576
 30
1.499999988389792
 11
220.425180976315
 21
40.28720346680576
 31
1.499999988389792
  0
ARC
  5
3AC
102
{ACAD_REACTORS
330
749
102
}
330
1F
100
AcDbEntity
  8
默认
 62
    96
420
    32512
100
AcDbCircle
 10
220.425180976315
 20
40.78720346680576
 30
1.499999988389792
 40
0.4999999999999951
100
AcDbArc
 50
270.0
 51
0.0
  0
LINE
  5
3AD
102
{ACAD_REACTORS
330
749
102
}
330
1F
100
AcDbEntity
  8
默认
 62
    96
420
    32512
100
AcDbLine
 10
220.925180976315
 20
40.78720346680576
 30
1.499999988389792
 11
220.925180976315
 21
53.78720346680587
 31
1.499999988389792
  0
ARC
  5
3AE
102
{ACAD_REACTORS
330
749
102
}
330
1F
100
AcDbEntity
  8
默认
 62
    96
420
    32512
100
AcDbCircle
 10
220.4251809763146
 20
53.78720346680576
 30
1.499999988389792
 40
0.5000000000001066
100
AcDbArc
 50
0.0000000000097707
 51
89.99999999998697
  0
LINE
  5
3AF
102
{ACAD_REACTORS
330
749
102
}
330
1F
100
AcDbEntity
  8
默认
 62
    96
420
    32512
100
AcDbLine
 10
220.4251809763146
 20
54.28720346680587
 30
1.499999988389792
 11
207.425180976315
 21
54.28720346680598
 31
1.499999988389792
  0
ARC
  5
3B0
102
{ACAD_REACTORS
330
749
102
}
330
1F
100
AcDbEntity
  8
默认
 62
    96
420
    32512
100
AcDbCircle
 10
207.425180976315
 20
53.78720346680587
 30
1.499999988389792
 40
0.5000000000000778
100
AcDbArc
 50
90.00000000000978
 51
179.9999999999902
  0
LINE
  5
3B1
102
{ACAD_REACTORS
330
749
102
}
330
1F
100
AcDbEntity
  8
默认
 62
    96
420
    32512
100
AcDbLine
 10
206.925180976315
 20
53.78720346680598
 30
1.499999988389792
 11
206.9251809763146
 21
40.78720346680576
 31
1.499999988389792
  0
ARC
  5
3B2
102
{ACAD_REACTORS
330
749
102
}
330
1F
100
AcDbEntity
  8
默认
 62
    96
420
    32512
100
AcDbCircle
 10
231.237680976315
 20
78.88720346680577
 30
1.499999988389792
 40
0.4999999999999757
100
AcDbArc
 50
179.9999999999967
 51
270.0000000000065
  0
LINE
  5
3B3
102
{ACAD_REACTORS
330
749
102
}
330
1F
100
AcDbEntity
  8
默认
 62
    96
420
    32512
100
AcDbLine
 10
231.237680976315
 20
78.38720346680577
 30
1.499999988389792
 11
244.237680976315
 21
78.38720346680577
 31
1.499999988389792
  0
ARC
  5
3B4
102
{ACAD_REACTORS
330
749
102
}
330
1F
100
AcDbEntity
  8
默认
 62
    96
420
    32512
100
AcDbCircle
 10
244.2376809763146
 20
78.88720346680589
 30
1.499999988389792
 40
0.5000000000000436
100
AcDbArc
 50
270.0000000000065
 51
359.9999999999951
  0
LINE
  5
3B5
102
{ACAD_REACTORS
330
749
102
}
330
1F
100
AcDbEntity
  8
默认
 62
    96
420
    32512
100
AcDbLine
 10
244.7376809763146
 20
78.88720346680589
 30
1.499999988389792
 11
244.7376809763146
 21
91.88720346680577
 31
1.499999988389792
  0
ARC
  5
3B6
102
{ACAD_REACTORS
330
749
102
}
330
1F
100
AcDbEntity
  8
默认
 62
    96
420
    32512
100
AcDbCircle
 10
244.2376809763146
 20
91.88720346680577
 30
1.499999988389792
 40
0.5000000000000488
100
AcDbArc
 50
0.0000000000048853
 51
89.99999999998697
  0
LINE
  5
3B7
102
{ACAD_REACTORS
330
749
102
}
330
1F
100
AcDbEntity
  8
默认
 62
    96
420
    32512
100
AcDbLine
 10
244.2376809763146
 20
92.38720346680577
 30
1.499999988389792
 11
231.2376809763146
 21
92.38720346680577
 31
1.499999988389792
  0
ARC
  5
3B8
102
{ACAD_REACTORS
330
749
102
}
330
1F
100
AcDbEntity
  8
默认
 62
    96
420
    32512
100
AcDbCircle
 10
231.2376809763146
 20
91.88720346680589
 30
1.499999988389792
 40
0.4999999999998713
100
AcDbArc
 50
89.99999999999349
 51
180.0000000000147
  0
LINE
  5
3B9
102
{ACAD_REACTORS
330
749
102
}
330
1F
100
AcDbEntity
  8
默认
 62
    96
420
    32512
100
AcDbLine
 10
230.7376809763146
 20
91.88720346680566
 30
1.499999988389792
 11
230.737680976315
 21
78.88720346680577
 31
1.499999988389792
  0
ARC
  5
3BA
102
{ACAD_REACTORS
330
749
102
}
330
1F
100
AcDbEntity
  8
默认
 62
    96
420
    32512
100
AcDbCircle
 10
245.5394403739742
 20
53.78720346680598
 30
1.499999988389792
 40
0.5000000000001086
100
AcDbArc
 50
90.00000000001303
 51
179.9999999999886
  0
LINE
  5
3BB
102
{ACAD_REACTORS
330
749
102
}
330
1F
100
AcDbEntity
  8
默认
 62
    96
420
    32512
100
AcDbLine
 10
245.0394403739742
 20
53.7872034668061
 30
1.499999988389792
 11
245.0394403739742
 21
40.78720346680621
 31
1.499999988389792
  0
ARC
  5
3BC
102
{ACAD_REACTORS
330
749
102
}
330
1F
100
AcDbEntity
  8
默认
 62
    96
420
    32512
100
AcDbCircle
 10
245.5394403739742
 20
40.78720346680621
 30
1.499999988389792
 40
0.499999999999962
100
AcDbArc
 50
179.999999999991
 51
270.0000000000065
  0
POLYLINE
  5
3BD
102
{ACAD_REACTORS
330
749
102
}
330
1F
100
AcDbEntity
  8
默认
 62
    96
420
    32512
100
AcDb2dPolyline
 66
     1
 10
0.0
 20
0.0
 30
1.499999988389792
  0
VERTEX
  5
3BE
330
3BD
100
AcDbEntity
  8
默认
 62
    96
420
    32512
100
AcDbVertex
100
AcDb2dVertex
 10
245.5394403739742
 20
40.28720346680621
 30
1.499999988389792
  0
VERTEX
  5
3BF
330
3BD
100
AcDbEntity
  8
默认
 62
    96
420
    32512
100
AcDbVertex
100
AcDb2dVertex
 10
248.5076903739746
 20
40.28720346680621
 30
1.499999988389792
  0
VERTEX
  5
3C0
330
3BD
100
AcDbEntity
  8
默认
 62
    96
420
    32512
100
AcDbVertex
100
AcDb2dVertex
 10
248.5076903739741
 20
38.78720346680576
 30
1.499999988389792
  0
SEQEND
  5
3C1
330
3BD
100
AcDbEntity
  8
默认
 62
    96
420
    32512
  0
ARC
  5
3C2
102
{ACAD_REACTORS
330
749
102
}
330
1F
100
AcDbEntity
  8
默认
 62
    96
420
    32512
100
AcDbCircle
 10
249.0076903739741
 20
38.78720346680576
 30
1.499999988389792
 40
0.4999999999999656
100
AcDbArc
 50
179.9999999999894
 51
270.0
  0
LINE
  5
3C3
102
{ACAD_REACTORS
330
749
102
}
330
1F
100
AcDbEntity
  8
默认
 62
    96
420
    32512
100
AcDbLine
 10
249.0076903739741
 20
38.28720346680576
 30
1.499999988389792
 11
255.0076903739746
 21
38.28720346680576
 31
1.499999988389792
  0
ARC
  5
3C4
102
{ACAD_REACTORS
330
749
102
}
330
1F
100
AcDbEntity
  8
默认
 62
    96
420
    32512
100
AcDbCircle
 10
255.0076903739746
 20
38.78720346680576
 30
1.499999988389792
 40
0.4999999999998965
100
AcDbArc
 50
269.9999999999935
 51
0.0000000000113991
  0
POLYLINE
  5
3C5
102
{ACAD_REACTORS
330
749
102
}
330
1F
100
AcDbEntity
  8
默认
 62
    96
420
    32512
100
AcDb2dPolyline
 66
     1
 10
0.0
 20
0.0
 30
1.499999988389792
  0
VERTEX
  5
3C6
330
3C5
100
AcDbEntity
  8
默认
 62
    96
420
    32512
100
AcDbVertex
100
AcDb2dVertex
 10
255.5076903739746
 20
38.78720346680576
 30
1.499999988389792
  0
VERTEX
  5
3C7
330
3C5
100
AcDbEntity
  8
默认
 62
    96
420
    32512
100
AcDbVertex
100
AcDb2dVertex
 10
255.5076903739746
 20
40.28720346680576
 30
1.499999988389792
  0
VERTEX
  5
3C8
330
3C5
100
AcDbEntity
  8
默认
 62
    96
420
    32512
100
AcDbVertex
100
AcDb2dVertex
 10
270.4456903739742
 20
40.28720346680598
 30
1.499999988389792
  0
SEQEND
  5
3C9
330
3C5
100
AcDbEntity
  8
默认
 62
    96
420
    32512
  0
ARC
  5
3CA
102
{ACAD_REACTORS
330
749
102
}
330
1F
100
AcDbEntity
  8
默认
 62
    96
420
    32512
100
AcDbCircle
 10
270.4456903739742
 20
40.78720346680598
 30
1.499999988389792
 40
0.500000000000046
100
AcDbArc
 50
270.0000000000065
 51
359.9999999999943
  0
POLYLINE
  5
3CB
102
{ACAD_REACTORS
330
749
102
}
330
1F
100
AcDbEntity
  8
默认
 62
    96
420
    32512
100
AcDb2dPolyline
 66
     1
 10
0.0
 20
0.0
 30
1.499999988389792
  0
VERTEX
  5
3CC
330
3CB
100
AcDbEntity
  8
默认
 62
    96
420
    32512
100
AcDbVertex
100
AcDb2dVertex
 10
270.9456903739742
 20
40.78720346680598
 30
1.499999988389792
  0
VERTEX
  5
3CD
330
3CB
100
AcDbEntity
  8
默认
 62
    96
420
    32512
100
AcDbVertex
100
AcDb2dVertex
 10
270.9456903739747
 20
41.37420346680575
 30
1.499999988389792
  0
VERTEX
  5
3CE
330
3CB
100
AcDbEntity
  8
默认
 62
    96
420
    32512
100
AcDbVertex
100
AcDb2dVertex
 10
272.3836903739743
 20
41.37420346680575
 30
1.499999988389792
  0
VERTEX
  5
3CF
330
3CB
100
AcDbEntity
  8
默认
 62
    96
420
    32512
100
AcDbVertex
100
AcDb2dVertex
 10
272.3836903739743
 20
38.78720346680598
 30
1.499999988389792
  0
SEQEND
  5
3D0
330
3CB
100
AcDbEntity
  8
默认
 62
    96
420
    32512
  0
ARC
  5
3D1
102
{ACAD_REACTORS
330
749
102
}
330
1F
100
AcDbEntity
  8
默认
 62
    96
420
    32512
100
AcDbCircle
 10
272.8836903739743
 20
38.78720346680598
 30
1.499999988389792
 40
0.5000000000000484
100
AcDbArc
 50
180.0000000000049
 51
269.9999999999935
  0
LINE
  5
3D2
102
{ACAD_REACTORS
330
749
102
}
330
1F
100
AcDbEntity
  8
默认
 62
    96
420
    32512
100
AcDbLine
 10
272.8836903739743
 20
38.28720346680598
 30
1.499999988389792
 11
278.8836903739743
 21
38.28720346680576
 31
1.499999988389792
  0
ARC
  5
3D3
102
{ACAD_REACTORS
330
749
102
}
330
1F
100
AcDbEntity
  8
默认
 62
    96
420
    32512
100
AcDbCircle
 10
278.8836903739743
 20
38.78720346680576
 30
1.499999988389792
 40
0.4999999999999499
100
AcDbArc
 50
269.9999999999935
 51
0.0000000000056996
  0
POLYLINE
  5
3D4
102
{ACAD_REACTORS
330
749
102
}
330
1F
100
AcDbEntity
  8
默认
 62
    96
420
    32512
100
AcDb2dPolyline
 66
     1
 10
0.0
 20
0.0
 30
1.499999988389792
  0
VERTEX
  5
3D5
330
3D4
100
AcDbEntity
  8
默认
 62
    96
420
    32512
100
AcDbVertex
100
AcDb2dVertex
 10
279.3836903739743
 20
38.78720346680598
 30
1.499999988389792
  0
VERTEX
  5
3D6
330
3D4
100
AcDbEntity
  8
默认
 62
    96
420
    32512
100
AcDbVertex
100
AcDb2dVertex
 10
279.3836903739743
 20
41.37420346680575
 30
1.499999988389792
  0
VERTEX
  5
3D7
330
3D4
100
AcDbEntity
  8
默认
 62
    96
420
    32512
100
AcDbVertex
100
AcDb2dVertex
 10
281.9706903739743
 20
41.37420346680575
 30
1.499999988389792
  0
SEQEND
  5
3D8
330
3D4
100
AcDbEntity
  8
默认
 62
    96
420
    32512
  0
ARC
  5
3D9
102
{ACAD_REACTORS
330
749
102
}
330
1F
100
AcDbEntity
  8
默认
 62
    96
420
    32512
100
AcDbCircle
 10
281.9706903739748
 20
41.87420346680575
 30
1.499999988389792
 40
0.4999999999997625
100
AcDbArc
 50
269.9999999999674
 51
0.0000000000260551
  0
LINE
  5
3DA
102
{ACAD_REACTORS
330
749
102
}
330
1F
100
AcDbEntity
  8
默认
 62
    96
420
    32512
100
AcDbLine
 10
282.4706903739743
 20
41.87420346680597
 30
1.499999988389792
 11
282.4706903739743
 21
47.87420346680575
 31
1.499999988389792
  0
ARC
  5
3DB
102
{ACAD_REACTORS
330
749
102
}
330
1F
100
AcDbEntity
  8
默认
 62
    96
420
    32512
100
AcDbCircle
 10
281.9706903739743
 20
47.87420346680597
 30
1.499999988389792
 40
0.4999999999999574
100
AcDbArc
 50
359.9999999999919
 51
90.0
  0
POLYLINE
  5
3DC
102
{ACAD_REACTORS
330
749
102
}
330
1F
100
AcDbEntity
  8
默认
 62
    96
420
    32512
100
AcDb2dPolyline
 66
     1
 10
0.0
 20
0.0
 30
1.499999988389792
  0
VERTEX
  5
3DD
330
3DC
100
AcDbEntity
  8
默认
 62
    96
420
    32512
100
AcDbVertex
100
AcDb2dVertex
 10
281.9706903739743
 20
48.37420346680597
 30
1.499999988389792
  0
VERTEX
  5
3DE
330
3DC
100
AcDbEntity
  8
默认
 62
    96
420
    32512
100
AcDbVertex
100
AcDb2dVertex
 10
279.3836903739743
 20
48.37420346680575
 30
1.499999988389792
  0
VERTEX
  5
3DF
330
3DC
100
AcDbEntity
  8
默认
 62
    96
420
    32512
100
AcDbVertex
100
AcDb2dVertex
 10
279.3836903739743
 20
49.81220346680585
 30
1.499999988389792
  0
VERTEX
  5
3E0
330
3DC
100
AcDbEntity
  8
默认
 62
    96
420
    32512
100
AcDbVertex
100
AcDb2dVertex
 10
279.9706903739743
 20
49.81220346680585
 30
1.499999988389792
  0
SEQEND
  5
3E1
330
3DC
100
AcDbEntity
  8
默认
 62
    96
420
    32512
  0
ARC
  5
3E2
102
{ACAD_REACTORS
330
749
102
}
330
1F
100
AcDbEntity
  8
默认
 62
    96
420
    32512
100
AcDbCircle
 10
279.9706903739743
 20
50.31220346680562
 30
1.499999988389792
 40
0.4999999999998713
100
AcDbArc
 50
269.9999999999935
 51
0.000000000014656
  0
LINE
  5
3E3
102
{ACAD_REACTORS
330
749
102
}
330
1F
100
AcDbEntity
  8
默认
 62
    96
420
    32512
100
AcDbLine
 10
280.4706903739743
 20
50.31220346680585
 30
1.499999988389792
 11
280.4706903739743
 21
63.31220346680573
 31
1.499999988389792
  0
ARC
  5
3E4
102
{ACAD_REACTORS
330
749
102
}
330
1F
100
AcDbEntity
  8
默认
 62
    96
420
    32512
100
AcDbCircle
 10
279.9706903739743
 20
63.31220346680585
 30
1.499999988389792
 40
0.4999999999998234
100
AcDbArc
 50
359.9999999999837
 51
90.00000000001954
  0
POLYLINE
  5
3E5
102
{ACAD_REACTORS
330
749
102
}
330
1F
100
AcDbEntity
  8
默认
 62
    96
420
    32512
100
AcDb2dPolyline
 66
     1
 10
0.0
 20
0.0
 30
1.499999988389792
  0
VERTEX
  5
3E6
330
3E5
100
AcDbEntity
  8
默认
 62
    96
420
    32512
100
AcDbVertex
100
AcDb2dVertex
 10
279.9706903739739
 20
63.81220346680562
 30
1.499999988389792
  0
VERTEX
  5
3E7
330
3E5
100
AcDbEntity
  8
默认
 62
    96
420
    32512
100
AcDbVertex
100
AcDb2dVertex
 10
278.0751809763146
 20
63.81220346680573
 30
1.499999988389792
  0
VERTEX
  5
3E8
330
3E5
100
AcDbEntity
  8
默认
 62
    96
420
    32512
100
AcDbVertex
100
AcDb2dVertex
 10
278.0751809763146
 20
65.25020346680583
 30
1.499999988389792
  0
VERTEX
  5
3E9
330
3E5
100
AcDbEntity
  8
默认
 62
    96
420
    32512
100
AcDbVertex
100
AcDb2dVertex
 10
281.9706903739743
 20
65.25020346680583
 30
1.499999988389792
  0
SEQEND
  5
3EA
330
3E5
100
AcDbEntity
  8
默认
 62
    96
420
    32512
  0
ARC
  5
3EB
102
{ACAD_REACTORS
330
749
102
}
330
1F
100
AcDbEntity
  8
默认
 62
    96
420
    32512
100
AcDbCircle
 10
281.9706903739748
 20
65.7502034668056
 30
1.499999988389792
 40
0.4999999999997726
100
AcDbArc
 50
269.999999999974
 51
0.0000000000260551
  0
LINE
  5
3EC
102
{ACAD_REACTORS
330
749
102
}
330
1F
100
AcDbEntity
  8
默认
 62
    96
420
    32512
100
AcDbLine
 10
282.4706903739743
 20
65.75020346680583
 30
1.499999988389792
 11
282.4706903739743
 21
71.75020346680583
 31
1.499999988389792
  0
ARC
  5
3ED
102
{ACAD_REACTORS
330
749
102
}
330
1F
100
AcDbEntity
  8
默认
 62
    96
420
    32512
100
AcDbCircle
 10
281.9706903739743
 20
71.75020346680583
 30
1.499999988389792
 40
0.49999999999998
100
AcDbArc
 50
359.9999999999984
 51
90.00000000000651
  0
POLYLINE
  5
3EE
102
{ACAD_REACTORS
330
749
102
}
330
1F
100
AcDbEntity
  8
默认
 62
    96
420
    32512
100
AcDb2dPolyline
 66
     1
 10
0.0
 20
0.0
 30
1.499999988389792
  0
VERTEX
  5
3EF
330
3EE
100
AcDbEntity
  8
默认
 62
    96
420
    32512
100
AcDbVertex
100
AcDb2dVertex
 10
281.9706903739743
 20
72.25020346680583
 30
1.499999988389792
  0
VERTEX
  5
3F0
330
3EE
100
AcDbEntity
  8
默认
 62
    96
420
    32512
100
AcDbVertex
100
AcDb2dVertex
 10
278.0894403739744
 20
72.25020346680583
 30
1.499999988389792
  0
VERTEX
  5
3F1
330
3EE
100
AcDbEntity
  8
默认
 62
    96
420
    32512
100
AcDbVertex
100
AcDb2dVertex
 10
278.0894403739744
 20
72.83720346680582
 30
1.499999988389792
  0
SEQEND
  5
3F2
330
3EE
100
AcDbEntity
  8
默认
 62
    96
420
    32512
  0
ARC
  5
3F3
102
{ACAD_REACTORS
330
749
102
}
330
1F
100
AcDbEntity
  8
默认
 62
    96
420
    32512
100
AcDbCircle
 10
277.5894403739744
 20
72.83720346680582
 30
1.499999988389792
 40
0.49999999999998
100
AcDbArc
 50
359.9999999999984
 51
90.00000000000651
  0
LINE
  5
3F4
102
{ACAD_REACTORS
330
749
102
}
330
1F
100
AcDbEntity
  8
默认
 62
    96
420
    32512
100
AcDbLine
 10
277.5894403739744
 20
73.33720346680582
 30
1.499999988389792
 11
264.5751809763146
 21
73.33720346680582
 31
1.499999988389792
  0
ARC
  5
3F5
102
{ACAD_REACTORS
330
749
102
}
330
1F
100
AcDbEntity
  8
默认
 62
    96
420
    32512
100
AcDbCircle
 10
264.5751809763146
 20
72.8372034668057
 30
1.499999988389792
 40
0.5000000000001338
100
AcDbArc
 50
90.00000000000651
 51
179.9999999999837
  0
LINE
  5
3F6
102
{ACAD_REACTORS
330
749
102
}
330
1F
100
AcDbEntity
  8
默认
 62
    96
420
    32512
100
AcDbLine
 10
264.0751809763146
 20
72.83720346680582
 30
1.499999988389792
 11
264.0751809763146
 21
59.83720346680582
 31
1.499999988389792
  0
ARC
  5
3F7
102
{ACAD_REACTORS
330
749
102
}
330
1F
100
AcDbEntity
  8
默认
 62
    96
420
    32512
100
AcDbCircle
 10
264.5751809763146
 20
59.83720346680594
 30
1.499999988389792
 40
0.5000000000000359
100
AcDbArc
 50
180.0000000000097
 51
269.9999999999804
  0
POLYLINE
  5
3F8
102
{ACAD_REACTORS
330
749
102
}
330
1F
100
AcDbEntity
  8
默认
 62
    96
420
    32512
100
AcDb2dPolyline
 66
     1
 10
0.0
 20
0.0
 30
1.499999988389792
  0
VERTEX
  5
3F9
330
3F8
100
AcDbEntity
  8
默认
 62
    96
420
    32512
100
AcDbVertex
100
AcDb2dVertex
 10
264.5751809763146
 20
59.33720346680594
 30
1.499999988389792
  0
VERTEX
  5
3FA
330
3F8
100
AcDbEntity
  8
默认
 62
    96
420
    32512
100
AcDbVertex
100
AcDb2dVertex
 10
266.4706903739743
 20
59.33720346680582
 30
1.499999988389792
  0
VERTEX
  5
3FB
330
3F8
100
AcDbEntity
  8
默认
 62
    96
420
    32512
100
AcDbVertex
100
AcDb2dVertex
 10
266.4706903739743
 20
54.28720346680587
 30
1.499999988389792
  0
VERTEX
  5
3FC
330
3F8
100
AcDbEntity
  8
默认
 62
    96
420
    32512
100
AcDbVertex
100
AcDb2dVertex
 10
245.5394403739742
 20
54.2872034668061
 30
1.499999988389792
  0
SEQEND
  5
3FD
330
3F8
100
AcDbEntity
  8
默认
 62
    96
420
    32512
  0
ARC
  5
3FE
102
{ACAD_REACTORS
330
749
102
}
330
1F
100
AcDbEntity
  8
默认
 62
    96
420
    32512
100
AcDbCircle
 10
245.5394403739742
 20
53.78720346680598
 30
1.499999988389792
 40
0.5000000000001086
100
AcDbArc
 50
90.00000000001303
 51
179.9999999999886
  0
LINE
  5
3FF
102
{ACAD_REACTORS
330
749
102
}
330
1F
100
AcDbEntity
  8
默认
 62
    96
420
    32512
100
AcDbLine
 10
245.0394403739742
 20
53.7872034668061
 30
1.499999988389792
 11
245.0394403739742
 21
40.78720346680621
 31
1.499999988389792
  0
ARC
  5
400
102
{ACAD_REACTORS
330
749
102
}
330
1F
100
AcDbEntity
  8
默认
 62
    96
420
    32512
100
AcDbCircle
 10
245.5394403739742
 20
40.78720346680621
 30
1.499999988389792
 40
0.499999999999962
100
AcDbArc
 50
179.999999999991
 51
270.0000000000065
  0
POLYLINE
  5
401
102
{ACAD_REACTORS
330
749
102
}
330
1F
100
AcDbEntity
  8
默认
 62
    96
420
    32512
100
AcDb2dPolyline
 66
     1
 10
0.0
 20
0.0
 30
1.499999988389792
  0
VERTEX
  5
402
330
401
100
AcDbEntity
  8
默认
 62
    96
420
    32512
100
AcDbVertex
100
AcDb2dVertex
 10
245.5394403739742
 20
40.28720346680621
 30
1.499999988389792
  0
VERTEX
  5
403
330
401
100
AcDbEntity
  8
默认
 62
    96
420
    32512
100
AcDbVertex
100
AcDb2dVertex
 10
248.5076903739746
 20
40.28720346680621
 30
1.499999988389792
  0
VERTEX
  5
404
330
401
100
AcDbEntity
  8
默认
 62
    96
420
    32512
100
AcDbVertex
100
AcDb2dVertex
 10
248.5076903739741
 20
38.78720346680576
 30
1.499999988389792
  0
SEQEND
  5
405
330
401
100
AcDbEntity
  8
默认
 62
    96
420
    32512
  0
ARC
  5
406
102
{ACAD_REACTORS
330
749
102
}
330
1F
100
AcDbEntity
  8
默认
 62
    96
420
    32512
100
AcDbCircle
 10
249.0076903739741
 20
38.78720346680576
 30
1.499999988389792
 40
0.4999999999999656
100
AcDbArc
 50
179.9999999999894
 51
270.0
  0
LINE
  5
407
102
{ACAD_REACTORS
330
749
102
}
330
1F
100
AcDbEntity
  8
默认
 62
    96
420
    32512
100
AcDbLine
 10
249.0076903739741
 20
38.28720346680576
 30
1.499999988389792
 11
255.0076903739746
 21
38.28720346680576
 31
1.499999988389792
  0
ARC
  5
408
102
{ACAD_REACTORS
330
749
102
}
330
1F
100
AcDbEntity
  8
默认
 62
    96
420
    32512
100
AcDbCircle
 10
255.0076903739746
 20
38.78720346680576
 30
1.499999988389792
 40
0.4999999999998965
100
AcDbArc
 50
269.9999999999935
 51
0.0000000000113991
  0
POLYLINE
  5
409
102
{ACAD_REACTORS
330
749
102
}
330
1F
100
AcDbEntity
  8
默认
 62
    96
420
    32512
100
AcDb2dPolyline
 66
     1
 10
0.0
 20
0.0
 30
1.499999988389792
  0
VERTEX
  5
40A
330
409
100
AcDbEntity
  8
默认
 62
    96
420
    32512
100
AcDbVertex
100
AcDb2dVertex
 10
255.5076903739746
 20
38.78720346680576
 30
1.499999988389792
  0
VERTEX
  5
40B
330
409
100
AcDbEntity
  8
默认
 62
    96
420
    32512
100
AcDbVertex
100
AcDb2dVertex
 10
255.5076903739746
 20
40.28720346680576
 30
1.499999988389792
  0
VERTEX
  5
40C
330
409
100
AcDbEntity
  8
默认
 62
    96
420
    32512
100
AcDbVertex
100
AcDb2dVertex
 10
270.4456903739742
 20
40.28720346680598
 30
1.499999988389792
  0
SEQEND
  5
40D
330
409
100
AcDbEntity
  8
默认
 62
    96
420
    32512
  0
ARC
  5
40E
102
{ACAD_REACTORS
330
749
102
}
330
1F
100
AcDbEntity
  8
默认
 62
    96
420
    32512
100
AcDbCircle
 10
270.4456903739742
 20
40.78720346680598
 30
1.499999988389792
 40
0.500000000000046
100
AcDbArc
 50
270.0000000000065
 51
359.9999999999943
  0
POLYLINE
  5
40F
102
{ACAD_REACTORS
330
749
102
}
330
1F
100
AcDbEntity
  8
默认
 62
    96
420
    32512
100
AcDb2dPolyline
 66
     1
 10
0.0
 20
0.0
 30
1.499999988389792
  0
VERTEX
  5
410
330
40F
100
AcDbEntity
  8
默认
 62
    96
420
    32512
100
AcDbVertex
100
AcDb2dVertex
 10
270.9456903739742
 20
40.78720346680598
 30
1.499999988389792
  0
VERTEX
  5
411
330
40F
100
AcDbEntity
  8
默认
 62
    96
420
    32512
100
AcDbVertex
100
AcDb2dVertex
 10
270.9456903739747
 20
41.37420346680575
 30
1.499999988389792
  0
VERTEX
  5
412
330
40F
100
AcDbEntity
  8
默认
 62
    96
420
    32512
100
AcDbVertex
100
AcDb2dVertex
 10
272.3836903739743
 20
41.37420346680575
 30
1.499999988389792
  0
VERTEX
  5
413
330
40F
100
AcDbEntity
  8
默认
 62
    96
420
    32512
100
AcDbVertex
100
AcDb2dVertex
 10
272.3836903739743
 20
38.78720346680598
 30
1.499999988389792
  0
SEQEND
  5
414
330
40F
100
AcDbEntity
  8
默认
 62
    96
420
    32512
  0
ARC
  5
415
102
{ACAD_REACTORS
330
749
102
}
330
1F
100
AcDbEntity
  8
默认
 62
    96
420
    32512
100
AcDbCircle
 10
272.8836903739743
 20
38.78720346680598
 30
1.499999988389792
 40
0.5000000000000484
100
AcDbArc
 50
180.0000000000049
 51
269.9999999999935
  0
LINE
  5
416
102
{ACAD_REACTORS
330
749
102
}
330
1F
100
AcDbEntity
  8
默认
 62
    96
420
    32512
100
AcDbLine
 10
272.8836903739743
 20
38.28720346680598
 30
1.499999988389792
 11
278.8836903739743
 21
38.28720346680576
 31
1.499999988389792
  0
ARC
  5
417
102
{ACAD_REACTORS
330
749
102
}
330
1F
100
AcDbEntity
  8
默认
 62
    96
420
    32512
100
AcDbCircle
 10
278.8836903739743
 20
38.78720346680576
 30
1.499999988389792
 40
0.4999999999999499
100
AcDbArc
 50
269.9999999999935
 51
0.0000000000056996
  0
POLYLINE
  5
418
102
{ACAD_REACTORS
330
749
102
}
330
1F
100
AcDbEntity
  8
默认
 62
    96
420
    32512
100
AcDb2dPolyline
 66
     1
 10
0.0
 20
0.0
 30
1.499999988389792
  0
VERTEX
  5
419
330
418
100
AcDbEntity
  8
默认
 62
    96
420
    32512
100
AcDbVertex
100
AcDb2dVertex
 10
279.3836903739743
 20
38.78720346680598
 30
1.499999988389792
  0
VERTEX
  5
41A
330
418
100
AcDbEntity
  8
默认
 62
    96
420
    32512
100
AcDbVertex
100
AcDb2dVertex
 10
279.3836903739743
 20
41.37420346680575
 30
1.499999988389792
  0
VERTEX
  5
41B
330
418
100
AcDbEntity
  8
默认
 62
    96
420
    32512
100
AcDbVertex
100
AcDb2dVertex
 10
281.9706903739743
 20
41.37420346680575
 30
1.499999988389792
  0
SEQEND
  5
41C
330
418
100
AcDbEntity
  8
默认
 62
    96
420
    32512
  0
ARC
  5
41D
102
{ACAD_REACTORS
330
749
102
}
330
1F
100
AcDbEntity
  8
默认
 62
    96
420
    32512
100
AcDbCircle
 10
281.9706903739748
 20
41.87420346680575
 30
1.499999988389792
 40
0.4999999999997625
100
AcDbArc
 50
269.9999999999674
 51
0.0000000000260551
  0
LINE
  5
41E
102
{ACAD_REACTORS
330
749
102
}
330
1F
100
AcDbEntity
  8
默认
 62
    96
420
    32512
100
AcDbLine
 10
282.4706903739743
 20
41.87420346680597
 30
1.499999988389792
 11
282.4706903739743
 21
47.87420346680575
 31
1.499999988389792
  0
ARC
  5
41F
102
{ACAD_REACTORS
330
749
102
}
330
1F
100
AcDbEntity
  8
默认
 62
    96
420
    32512
100
AcDbCircle
 10
281.9706903739743
 20
47.87420346680597
 30
1.499999988389792
 40
0.4999999999999574
100
AcDbArc
 50
359.9999999999919
 51
90.0
  0
POLYLINE
  5
420
102
{ACAD_REACTORS
330
749
102
}
330
1F
100
AcDbEntity
  8
默认
 62
    96
420
    32512
100
AcDb2dPolyline
 66
     1
 10
0.0
 20
0.0
 30
1.499999988389792
  0
VERTEX
  5
421
330
420
100
AcDbEntity
  8
默认
 62
    96
420
    32512
100
AcDbVertex
100
AcDb2dVertex
 10
281.9706903739743
 20
48.37420346680597
 30
1.499999988389792
  0
VERTEX
  5
422
330
420
100
AcDbEntity
  8
默认
 62
    96
420
    32512
100
AcDbVertex
100
AcDb2dVertex
 10
279.3836903739743
 20
48.37420346680575
 30
1.499999988389792
  0
VERTEX
  5
423
330
420
100
AcDbEntity
  8
默认
 62
    96
420
    32512
100
AcDbVertex
100
AcDb2dVertex
 10
279.3836903739743
 20
49.81220346680585
 30
1.499999988389792
  0
VERTEX
  5
424
330
420
100
AcDbEntity
  8
默认
 62
    96
420
    32512
100
AcDbVertex
100
AcDb2dVertex
 10
279.9706903739743
 20
49.81220346680585
 30
1.499999988389792
  0
SEQEND
  5
425
330
420
100
AcDbEntity
  8
默认
 62
    96
420
    32512
  0
ARC
  5
426
102
{ACAD_REACTORS
330
749
102
}
330
1F
100
AcDbEntity
  8
默认
 62
    96
420
    32512
100
AcDbCircle
 10
279.9706903739743
 20
50.31220346680562
 30
1.499999988389792
 40
0.4999999999998713
100
AcDbArc
 50
269.9999999999935
 51
0.000000000014656
  0
LINE
  5
427
102
{ACAD_REACTORS
330
749
102
}
330
1F
100
AcDbEntity
  8
默认
 62
    96
420
    32512
100
AcDbLine
 10
280.4706903739743
 20
50.31220346680585
 30
1.499999988389792
 11
280.4706903739743
 21
63.31220346680573
 31
1.499999988389792
  0
ARC
  5
428
102
{ACAD_REACTORS
330
749
102
}
330
1F
100
AcDbEntity
  8
默认
 62
    96
420
    32512
100
AcDbCircle
 10
279.9706903739743
 20
63.31220346680585
 30
1.499999988389792
 40
0.4999999999998234
100
AcDbArc
 50
359.9999999999837
 51
90.00000000001954
  0
POLYLINE
  5
429
102
{ACAD_REACTORS
330
749
102
}
330
1F
100
AcDbEntity
  8
默认
 62
    96
420
    32512
100
AcDb2dPolyline
 66
     1
 10
0.0
 20
0.0
 30
1.499999988389792
  0
VERTEX
  5
42A
330
429
100
AcDbEntity
  8
默认
 62
    96
420
    32512
100
AcDbVertex
100
AcDb2dVertex
 10
279.9706903739739
 20
63.81220346680562
 30
1.499999988389792
  0
VERTEX
  5
42B
330
429
100
AcDbEntity
  8
默认
 62
    96
420
    32512
100
AcDbVertex
100
AcDb2dVertex
 10
278.0751809763146
 20
63.81220346680573
 30
1.499999988389792
  0
VERTEX
  5
42C
330
429
100
AcDbEntity
  8
默认
 62
    96
420
    32512
100
AcDbVertex
100
AcDb2dVertex
 10
278.0751809763146
 20
65.25020346680583
 30
1.499999988389792
  0
VERTEX
  5
42D
330
429
100
AcDbEntity
  8
默认
 62
    96
420
    32512
100
AcDbVertex
100
AcDb2dVertex
 10
281.9706903739743
 20
65.25020346680583
 30
1.499999988389792
  0
SEQEND
  5
42E
330
429
100
AcDbEntity
  8
默认
 62
    96
420
    32512
  0
ARC
  5
42F
102
{ACAD_REACTORS
330
749
102
}
330
1F
100
AcDbEntity
  8
默认
 62
    96
420
    32512
100
AcDbCircle
 10
281.9706903739748
 20
65.7502034668056
 30
1.499999988389792
 40
0.4999999999997726
100
AcDbArc
 50
269.999999999974
 51
0.0000000000260551
  0
LINE
  5
430
102
{ACAD_REACTORS
330
749
102
}
330
1F
100
AcDbEntity
  8
默认
 62
    96
420
    32512
100
AcDbLine
 10
282.4706903739743
 20
65.75020346680583
 30
1.499999988389792
 11
282.4706903739743
 21
71.75020346680583
 31
1.499999988389792
  0
ARC
  5
431
102
{ACAD_REACTORS
330
749
102
}
330
1F
100
AcDbEntity
  8
默认
 62
    96
420
    32512
100
AcDbCircle
 10
281.9706903739743
 20
71.75020346680583
 30
1.499999988389792
 40
0.49999999999998
100
AcDbArc
 50
359.9999999999984
 51
90.00000000000651
  0
POLYLINE
  5
432
102
{ACAD_REACTORS
330
749
102
}
330
1F
100
AcDbEntity
  8
默认
 62
    96
420
    32512
100
AcDb2dPolyline
 66
     1
 10
0.0
 20
0.0
 30
1.499999988389792
  0
VERTEX
  5
433
330
432
100
AcDbEntity
  8
默认
 62
    96
420
    32512
100
AcDbVertex
100
AcDb2dVertex
 10
281.9706903739743
 20
72.25020346680583
 30
1.499999988389792
  0
VERTEX
  5
434
330
432
100
AcDbEntity
  8
默认
 62
    96
420
    32512
100
AcDbVertex
100
AcDb2dVertex
 10
278.0894403739744
 20
72.25020346680583
 30
1.499999988389792
  0
VERTEX
  5
435
330
432
100
AcDbEntity
  8
默认
 62
    96
420
    32512
100
AcDbVertex
100
AcDb2dVertex
 10
278.0894403739744
 20
72.83720346680582
 30
1.499999988389792
  0
SEQEND
  5
436
330
432
100
AcDbEntity
  8
默认
 62
    96
420
    32512
  0
ARC
  5
437
102
{ACAD_REACTORS
330
749
102
}
330
1F
100
AcDbEntity
  8
默认
 62
    96
420
    32512
100
AcDbCircle
 10
277.5894403739744
 20
72.83720346680582
 30
1.499999988389792
 40
0.49999999999998
100
AcDbArc
 50
359.9999999999984
 51
90.00000000000651
  0
LINE
  5
438
102
{ACAD_REACTORS
330
749
102
}
330
1F
100
AcDbEntity
  8
默认
 62
    96
420
    32512
100
AcDbLine
 10
277.5894403739744
 20
73.33720346680582
 30
1.499999988389792
 11
264.5751809763146
 21
73.33720346680582
 31
1.499999988389792
  0
ARC
  5
439
102
{ACAD_REACTORS
330
749
102
}
330
1F
100
AcDbEntity
  8
默认
 62
    96
420
    32512
100
AcDbCircle
 10
264.5751809763146
 20
72.8372034668057
 30
1.499999988389792
 40
0.5000000000001338
100
AcDbArc
 50
90.00000000000651
 51
179.9999999999837
  0
LINE
  5
43A
102
{ACAD_REACTORS
330
749
102
}
330
1F
100
AcDbEntity
  8
默认
 62
    96
420
    32512
100
AcDbLine
 10
264.0751809763146
 20
72.83720346680582
 30
1.499999988389792
 11
264.0751809763146
 21
59.83720346680582
 31
1.499999988389792
  0
ARC
  5
43B
102
{ACAD_REACTORS
330
749
102
}
330
1F
100
AcDbEntity
  8
默认
 62
    96
420
    32512
100
AcDbCircle
 10
264.5751809763146
 20
59.83720346680594
 30
1.499999988389792
 40
0.5000000000000359
100
AcDbArc
 50
180.0000000000097
 51
269.9999999999804
  0
POLYLINE
  5
43C
102
{ACAD_REACTORS
330
749
102
}
330
1F
100
AcDbEntity
  8
默认
 62
    96
420
    32512
100
AcDb2dPolyline
 66
     1
 10
0.0
 20
0.0
 30
1.499999988389792
  0
VERTEX
  5
43D
330
43C
100
AcDbEntity
  8
默认
 62
    96
420
    32512
100
AcDbVertex
100
AcDb2dVertex
 10
264.5751809763146
 20
59.33720346680594
 30
1.499999988389792
  0
VERTEX
  5
43E
330
43C
100
AcDbEntity
  8
默认
 62
    96
420
    32512
100
AcDbVertex
100
AcDb2dVertex
 10
266.4706903739743
 20
59.33720346680582
 30
1.499999988389792
  0
VERTEX
  5
43F
330
43C
100
AcDbEntity
  8
默认
 62
    96
420
    32512
100
AcDbVertex
100
AcDb2dVertex
 10
266.4706903739743
 20
54.28720346680587
 30
1.499999988389792
  0
VERTEX
  5
440
330
43C
100
AcDbEntity
  8
默认
 62
    96
420
    32512
100
AcDbVertex
100
AcDb2dVertex
 10
245.5394403739742
 20
54.2872034668061
 30
1.499999988389792
  0
SEQEND
  5
441
330
43C
100
AcDbEntity
  8
默认
 62
    96
420
    32512
  0
ARC
  5
442
102
{ACAD_REACTORS
330
749
102
}
330
1F
100
AcDbEntity
  8
默认
 62
    96
420
    32512
100
AcDbCircle
 10
231.237680976315
 20
78.88720346680577
 30
1.499999988389792
 40
0.4999999999999757
100
AcDbArc
 50
179.9999999999967
 51
270.0000000000065
  0
LINE
  5
443
102
{ACAD_REACTORS
330
749
102
}
330
1F
100
AcDbEntity
  8
默认
 62
    96
420
    32512
100
AcDbLine
 10
231.237680976315
 20
78.38720346680577
 30
1.499999988389792
 11
244.237680976315
 21
78.38720346680577
 31
1.499999988389792
  0
ARC
  5
444
102
{ACAD_REACTORS
330
749
102
}
330
1F
100
AcDbEntity
  8
默认
 62
    96
420
    32512
100
AcDbCircle
 10
244.2376809763146
 20
78.88720346680589
 30
1.499999988389792
 40
0.5000000000000436
100
AcDbArc
 50
270.0000000000065
 51
359.9999999999951
  0
LINE
  5
445
102
{ACAD_REACTORS
330
749
102
}
330
1F
100
AcDbEntity
  8
默认
 62
    96
420
    32512
100
AcDbLine
 10
244.7376809763146
 20
78.88720346680589
 30
1.499999988389792
 11
244.7376809763146
 21
91.88720346680577
 31
1.499999988389792
  0
ARC
  5
446
102
{ACAD_REACTORS
330
749
102
}
330
1F
100
AcDbEntity
  8
默认
 62
    96
420
    32512
100
AcDbCircle
 10
244.2376809763146
 20
91.88720346680577
 30
1.499999988389792
 40
0.5000000000000488
100
AcDbArc
 50
0.0000000000048853
 51
89.99999999998697
  0
LINE
  5
447
102
{ACAD_REACTORS
330
749
102
}
330
1F
100
AcDbEntity
  8
默认
 62
    96
420
    32512
100
AcDbLine
 10
244.2376809763146
 20
92.38720346680577
 30
1.499999988389792
 11
231.2376809763146
 21
92.38720346680577
 31
1.499999988389792
  0
ARC
  5
448
102
{ACAD_REACTORS
330
749
102
}
330
1F
100
AcDbEntity
  8
默认
 62
    96
420
    32512
100
AcDbCircle
 10
231.2376809763146
 20
91.88720346680589
 30
1.499999988389792
 40
0.4999999999998713
100
AcDbArc
 50
89.99999999999349
 51
180.0000000000147
  0
LINE
  5
449
102
{ACAD_REACTORS
330
749
102
}
330
1F
100
AcDbEntity
  8
默认
 62
    96
420
    32512
100
AcDbLine
 10
230.7376809763146
 20
91.88720346680566
 30
1.499999988389792
 11
230.737680976315
 21
78.88720346680577
 31
1.499999988389792
  0
ARC
  5
44A
102
{ACAD_REACTORS
330
749
102
}
330
1F
100
AcDbEntity
  8
默认
 62
    96
420
    32512
100
AcDbCircle
 10
207.4251809763146
 20
40.78720346680576
 30
1.499999988389792
 40
0.4999999999999573
100
AcDbArc
 50
179.9999999999951
 51
269.9999999999968
  0
LINE
  5
44B
102
{ACAD_REACTORS
330
749
102
}
330
1F
100
AcDbEntity
  8
默认
 62
    96
420
    32512
100
AcDbLine
 10
207.4251809763146
 20
40.28720346680576
 30
1.499999988389792
 11
220.425180976315
 21
40.28720346680576
 31
1.499999988389792
  0
ARC
  5
44C
102
{ACAD_REACTORS
330
749
102
}
330
1F
100
AcDbEntity
  8
默认
 62
    96
420
    32512
100
AcDbCircle
 10
220.425180976315
 20
40.78720346680576
 30
1.499999988389792
 40
0.4999999999999951
100
AcDbArc
 50
270.0
 51
0.0
  0
LINE
  5
44D
102
{ACAD_REACTORS
330
749
102
}
330
1F
100
AcDbEntity
  8
默认
 62
    96
420
    32512
100
AcDbLine
 10
220.925180976315
 20
40.78720346680576
 30
1.499999988389792
 11
220.925180976315
 21
53.78720346680587
 31
1.499999988389792
  0
ARC
  5
44E
102
{ACAD_REACTORS
330
749
102
}
330
1F
100
AcDbEntity
  8
默认
 62
    96
420
    32512
100
AcDbCircle
 10
220.4251809763146
 20
53.78720346680576
 30
1.499999988389792
 40
0.5000000000001066
100
AcDbArc
 50
0.0000000000097707
 51
89.99999999998697
  0
LINE
  5
44F
102
{ACAD_REACTORS
330
749
102
}
330
1F
100
AcDbEntity
  8
默认
 62
    96
420
    32512
100
AcDbLine
 10
220.4251809763146
 20
54.28720346680587
 30
1.499999988389792
 11
207.425180976315
 21
54.28720346680598
 31
1.499999988389792
  0
ARC
  5
450
102
{ACAD_REACTORS
330
749
102
}
330
1F
100
AcDbEntity
  8
默认
 62
    96
420
    32512
100
AcDbCircle
 10
207.425180976315
 20
53.78720346680587
 30
1.499999988389792
 40
0.5000000000000778
100
AcDbArc
 50
90.00000000000978
 51
179.9999999999902
  0
LINE
  5
451
102
{ACAD_REACTORS
330
749
102
}
330
1F
100
AcDbEntity
  8
默认
 62
    96
420
    32512
100
AcDbLine
 10
206.925180976315
 20
53.78720346680598
 30
1.499999988389792
 11
206.9251809763146
 21
40.78720346680576
 31
1.499999988389792
  0
LINE
  5
452
102
{ACAD_REACTORS
330
749
102
}
330
1F
100
AcDbEntity
  8
默认
 62
    96
420
    32512
100
AcDbLine
 10
264.0751809763146
 20
15.68720346680562
 30
1.499999988389792
 11
264.0751809763151
 21
2.687203466805848
 31
1.499999988389792
  0
ARC
  5
453
102
{ACAD_REACTORS
330
749
102
}
330
1F
100
AcDbEntity
  8
默认
 62
    96
420
    32512
100
AcDbCircle
 10
264.5751809763151
 20
2.687203466805848
 30
1.499999988389792
 40
0.5000000000001075
100
AcDbArc
 50
180.0000000000073
 51
269.999999999987
  0
LINE
  5
454
102
{ACAD_REACTORS
330
749
102
}
330
1F
100
AcDbEntity
  8
默认
 62
    96
420
    32512
100
AcDbLine
 10
264.5751809763151
 20
2.187203466805848
 30
1.499999988389792
 11
279.9564309763146
 21
2.187203466805848
 31
1.499999988389792
  0
ARC
  5
455
102
{ACAD_REACTORS
330
749
102
}
330
1F
100
AcDbEntity
  8
默认
 62
    96
420
    32512
100
AcDbCircle
 10
279.956430976315
 20
2.68720346680562
 30
1.499999988389792
 40
0.4999999999998371
100
AcDbArc
 50
269.9999999999804
 51
0.0000000000188289
  0
LINE
  5
456
102
{ACAD_REACTORS
330
749
102
}
330
1F
100
AcDbEntity
  8
默认
 62
    96
420
    32512
100
AcDbLine
 10
280.456430976315
 20
2.687203466805848
 30
1.499999988389792
 11
280.4564309763146
 21
15.68720346680585
 31
1.499999988389792
  0
ARC
  5
457
102
{ACAD_REACTORS
330
749
102
}
330
1F
100
AcDbEntity
  8
默认
 62
    96
420
    32512
100
AcDbCircle
 10
279.9564309763146
 20
15.68720346680585
 30
1.499999988389792
 40
0.4999999999999768
100
AcDbArc
 50
359.9999999999959
 51
90.0
  0
LINE
  5
458
102
{ACAD_REACTORS
330
749
102
}
330
1F
100
AcDbEntity
  8
默认
 62
    96
420
    32512
100
AcDbLine
 10
279.9564309763146
 20
16.18720346680585
 30
1.499999988389792
 11
264.5751809763146
 21
16.18720346680585
 31
1.499999988389792
  0
ARC
  5
459
102
{ACAD_REACTORS
330
749
102
}
330
1F
100
AcDbEntity
  8
默认
 62
    96
420
    32512
100
AcDbCircle
 10
264.5751809763146
 20
15.68720346680585
 30
1.499999988389792
 40
0.4999999999998806
100
AcDbArc
 50
89.99999999998046
 51
180.0000000000138
  0
ARC
  5
45A
102
{ACAD_REACTORS
330
749
102
}
330
1F
100
AcDbEntity
  8
默认
 62
    96
420
    32512
100
AcDbCircle
 10
159.800180976315
 20
21.73720346680603
 30
1.499999988389792
 40
0.5000000000001644
100
AcDbArc
 50
180.0000000000188
 51
269.9999999999804
  0
LINE
  5
45B
102
{ACAD_REACTORS
330
749
102
}
330
1F
100
AcDbEntity
  8
默认
 62
    96
420
    32512
100
AcDbLine
 10
159.8001809763146
 20
21.2372034668058
 30
1.499999988389792
 11
172.800180976315
 21
21.23720346680557
 31
1.499999988389792
  0
ARC
  5
45C
102
{ACAD_REACTORS
330
749
102
}
330
1F
100
AcDbEntity
  8
默认
 62
    96
420
    32512
100
AcDbCircle
 10
172.8001809763146
 20
21.73720346680603
 30
1.499999988389792
 40
0.5000000000002175
100
AcDbArc
 50
270.000000000026
 51
359.9999999999756
  0
LINE
  5
45D
102
{ACAD_REACTORS
330
749
102
}
330
1F
100
AcDbEntity
  8
默认
 62
    96
420
    32512
100
AcDbLine
 10
173.3001809763146
 20
21.73720346680557
 30
1.499999988389792
 11
173.300180976315
 21
34.7372034668058
 31
1.499999988389792
  0
ARC
  5
45E
102
{ACAD_REACTORS
330
749
102
}
330
1F
100
AcDbEntity
  8
默认
 62
    96
420
    32512
100
AcDbCircle
 10
172.800180976315
 20
34.7372034668058
 30
1.499999988389792
 40
0.4999999999999609
100
AcDbArc
 50
359.9999999999943
 51
90.00000000000325
  0
LINE
  5
45F
102
{ACAD_REACTORS
330
749
102
}
330
1F
100
AcDbEntity
  8
默认
 62
    96
420
    32512
100
AcDbLine
 10
172.8001809763146
 20
35.23720346680557
 30
1.499999988389792
 11
159.8001809763146
 21
35.23720346680557
 31
1.499999988389792
  0
ARC
  5
460
102
{ACAD_REACTORS
330
749
102
}
330
1F
100
AcDbEntity
  8
默认
 62
    96
420
    32512
100
AcDbCircle
 10
159.8001809763146
 20
34.7372034668058
 30
1.499999988389792
 40
0.4999999999998906
100
AcDbArc
 50
89.99999999998697
 51
180.000000000013
  0
LINE
  5
461
102
{ACAD_REACTORS
330
749
102
}
330
1F
100
AcDbEntity
  8
默认
 62
    96
420
    32512
100
AcDbLine
 10
159.3001809763146
 20
34.73720346680557
 30
1.499999988389792
 11
159.300180976315
 21
21.7372034668058
 31
1.499999988389792
  0
ARC
  5
462
102
{ACAD_REACTORS
330
749
102
}
330
1F
100
AcDbEntity
  8
默认
 62
    96
420
    32512
100
AcDbCircle
 10
268.1211903739745
 20
33.73720346680557
 30
1.499999988389792
 40
0.4999999999999866
100
AcDbArc
 50
90.0
 51
180.0000000000016
  0
LINE
  5
463
102
{ACAD_REACTORS
330
749
102
}
330
1F
100
AcDbEntity
  8
默认
 62
    96
420
    32512
100
AcDbLine
 10
267.6211903739745
 20
33.73720346680557
 30
1.499999988389792
 11
267.6211903739741
 21
19.73720346680557
 31
1.499999988389792
  0
ARC
  5
464
102
{ACAD_REACTORS
330
749
102
}
330
1F
100
AcDbEntity
  8
默认
 62
    96
420
    32512
100
AcDbCircle
 10
268.1211903739745
 20
19.73720346680603
 30
1.499999988389792
 40
0.5000000000002385
100
AcDbArc
 50
180.0000000000293
 51
269.9999999999674
  0
LINE
  5
465
102
{ACAD_REACTORS
330
749
102
}
330
1F
100
AcDbEntity
  8
默认
 62
    96
420
    32512
100
AcDbLine
 10
268.1211903739745
 20
19.23720346680557
 30
1.499999988389792
 11
274.1211903739741
 21
19.23720346680557
 31
1.499999988389792
  0
ARC
  5
466
102
{ACAD_REACTORS
330
749
102
}
330
1F
100
AcDbEntity
  8
默认
 62
    96
420
    32512
100
AcDbCircle
 10
274.1211903739741
 20
19.7372034668058
 30
1.499999988389792
 40
0.5000000000001222
100
AcDbArc
 50
270.0000000000196
 51
359.9999999999862
  0
POLYLINE
  5
467
102
{ACAD_REACTORS
330
749
102
}
330
1F
100
AcDbEntity
  8
默认
 62
    96
420
    32512
100
AcDb2dPolyline
 66
     1
 10
0.0
 20
0.0
 30
1.499999988389792
  0
VERTEX
  5
468
330
467
100
AcDbEntity
  8
默认
 62
    96
420
    32512
100
AcDbVertex
100
AcDb2dVertex
 10
274.6211903739741
 20
19.73720346680557
 30
1.499999988389792
  0
VERTEX
  5
469
330
467
100
AcDbEntity
  8
默认
 62
    96
420
    32512
100
AcDbVertex
100
AcDb2dVertex
 10
274.6211903739745
 20
21.23720346680557
 30
1.499999988389792
  0
VERTEX
  5
46A
330
467
100
AcDbEntity
  8
默认
 62
    96
420
    32512
100
AcDbVertex
100
AcDb2dVertex
 10
282.3519403739747
 20
21.23720346680557
 30
1.499999988389792
  0
SEQEND
  5
46B
330
467
100
AcDbEntity
  8
默认
 62
    96
420
    32512
  0
ARC
  5
46C
102
{ACAD_REACTORS
330
749
102
}
330
1F
100
AcDbEntity
  8
默认
 62
    96
420
    32512
100
AcDbCircle
 10
282.3519403739742
 20
21.73720346680603
 30
1.499999988389792
 40
0.5000000000002175
100
AcDbArc
 50
270.000000000026
 51
359.9999999999756
  0
LINE
  5
46D
102
{ACAD_REACTORS
330
749
102
}
330
1F
100
AcDbEntity
  8
默认
 62
    96
420
    32512
100
AcDbLine
 10
282.8519403739742
 20
21.73720346680557
 30
1.499999988389792
 11
282.8519403739747
 21
34.7372034668058
 31
1.499999988389792
  0
ARC
  5
46E
102
{ACAD_REACTORS
330
749
102
}
330
1F
100
AcDbEntity
  8
默认
 62
    96
420
    32512
100
AcDbCircle
 10
282.3519403739747
 20
34.7372034668058
 30
1.499999988389792
 40
0.4999999999999244
100
AcDbArc
 50
359.9999999999959
 51
90.00000000000651
  0
LINE
  5
46F
102
{ACAD_REACTORS
330
749
102
}
330
1F
100
AcDbEntity
  8
默认
 62
    96
420
    32512
100
AcDbLine
 10
282.3519403739747
 20
35.23720346680557
 30
1.499999988389792
 11
269.3519403739742
 21
35.23720346680557
 31
1.499999988389792
  0
ARC
  5
470
102
{ACAD_REACTORS
330
749
102
}
330
1F
100
AcDbEntity
  8
默认
 62
    96
420
    32512
100
AcDbCircle
 10
269.3519403739742
 20
34.73720346680603
 30
1.499999988389792
 40
0.4999999999997852
100
AcDbArc
 50
89.99999999997394
 51
180.0000000000244
  0
POLYLINE
  5
471
102
{ACAD_REACTORS
330
749
102
}
330
1F
100
AcDbEntity
  8
默认
 62
    96
420
    32512
100
AcDb2dPolyline
 66
     1
 10
0.0
 20
0.0
 30
1.499999988389792
  0
VERTEX
  5
472
330
471
100
AcDbEntity
  8
默认
 62
    96
420
    32512
100
AcDbVertex
100
AcDb2dVertex
 10
268.8519403739742
 20
34.73720346680557
 30
1.499999988389792
  0
VERTEX
  5
473
330
471
100
AcDbEntity
  8
默认
 62
    96
420
    32512
100
AcDbVertex
100
AcDb2dVertex
 10
268.8519403739747
 20
34.23720346680557
 30
1.499999988389792
  0
VERTEX
  5
474
330
471
100
AcDbEntity
  8
默认
 62
    96
420
    32512
100
AcDbVertex
100
AcDb2dVertex
 10
268.1211903739745
 20
34.23720346680557
 30
1.499999988389792
  0
SEQEND
  5
475
330
471
100
AcDbEntity
  8
默认
 62
    96
420
    32512
  0
ARC
  5
476
102
{ACAD_REACTORS
330
749
102
}
330
1F
100
AcDbEntity
  8
默认
 62
    96
420
    32512
100
AcDbCircle
 10
183.6126809763146
 20
59.83720346680571
 30
1.499999988389792
 40
0.4999999999999086
100
AcDbArc
 50
179.9999999999902
 51
270.0000000000098
  0
LINE
  5
477
102
{ACAD_REACTORS
330
749
102
}
330
1F
100
AcDbEntity
  8
默认
 62
    96
420
    32512
100
AcDbLine
 10
183.6126809763146
 20
59.33720346680582
 30
1.499999988389792
 11
196.612680976315
 21
59.33720346680582
 31
1.499999988389792
  0
ARC
  5
478
102
{ACAD_REACTORS
330
749
102
}
330
1F
100
AcDbEntity
  8
默认
 62
    96
420
    32512
100
AcDbCircle
 10
196.612680976315
 20
59.83720346680582
 30
1.499999988389792
 40
0.4999999999999658
100
AcDbArc
 50
270.0
 51
0.0000000000048853
  0
LINE
  5
479
102
{ACAD_REACTORS
330
749
102
}
330
1F
100
AcDbEntity
  8
默认
 62
    96
420
    32512
100
AcDbLine
 10
197.1126809763146
 20
59.83720346680582
 30
1.499999988389792
 11
197.1126809763146
 21
72.83720346680582
 31
1.499999988389792
  0
ARC
  5
47A
102
{ACAD_REACTORS
330
749
102
}
330
1F
100
AcDbEntity
  8
默认
 62
    96
420
    32512
100
AcDbCircle
 10
196.6126809763146
 20
72.83720346680582
 30
1.499999988389792
 40
0.5000000000000405
100
AcDbArc
 50
0.0000000000048853
 51
89.99999999999349
  0
LINE
  5
47B
102
{ACAD_REACTORS
330
749
102
}
330
1F
100
AcDbEntity
  8
默认
 62
    96
420
    32512
100
AcDbLine
 10
196.6126809763146
 20
73.33720346680582
 30
1.499999988389792
 11
183.612680976315
 21
73.33720346680593
 31
1.499999988389792
  0
ARC
  5
47C
102
{ACAD_REACTORS
330
749
102
}
330
1F
100
AcDbEntity
  8
默认
 62
    96
420
    32512
100
AcDbCircle
 10
183.612680976315
 20
72.83720346680593
 30
1.499999988389792
 40
0.4999999999999658
100
AcDbArc
 50
90.0
 51
180.0000000000049
  0
LINE
  5
47D
102
{ACAD_REACTORS
330
749
102
}
330
1F
100
AcDbEntity
  8
默认
 62
    96
420
    32512
100
AcDbLine
 10
183.112680976315
 20
72.83720346680593
 30
1.499999988389792
 11
183.1126809763146
 21
59.83720346680582
 31
1.499999988389792
  0
ARC
  5
47E
102
{ACAD_REACTORS
330
749
102
}
330
1F
100
AcDbEntity
  8
默认
 62
    96
420
    32512
100
AcDbCircle
 10
197.9001809763149
 20
21.7372034668058
 30
1.499999988389792
 40
0.500000000000065
100
AcDbArc
 50
180.0000000000073
 51
269.9999999999902
  0
LINE
  5
47F
102
{ACAD_REACTORS
330
749
102
}
330
1F
100
AcDbEntity
  8
默认
 62
    96
420
    32512
100
AcDbLine
 10
197.9001809763149
 20
21.23720346680557
 30
1.499999988389792
 11
210.9001809763149
 21
21.23720346680557
 31
1.499999988389792
  0
ARC
  5
480
102
{ACAD_REACTORS
330
749
102
}
330
1F
100
AcDbEntity
  8
默认
 62
    96
420
    32512
100
AcDbCircle
 10
210.9001809763145
 20
21.73720346680603
 30
1.499999988389792
 40
0.5000000000001421
100
AcDbArc
 50
270.0000000000163
 51
359.9999999999837
  0
LINE
  5
481
102
{ACAD_REACTORS
330
749
102
}
330
1F
100
AcDbEntity
  8
默认
 62
    96
420
    32512
100
AcDbLine
 10
211.4001809763145
 20
21.73720346680557
 30
1.499999988389792
 11
211.4001809763149
 21
34.7372034668058
 31
1.499999988389792
  0
ARC
  5
482
102
{ACAD_REACTORS
330
749
102
}
330
1F
100
AcDbEntity
  8
默认
 62
    96
420
    32512
100
AcDbCircle
 10
210.9001809763149
 20
34.73720346680603
 30
1.499999988389792
 40
0.499999999999867
100
AcDbArc
 50
359.9999999999829
 51
90.00000000001629
  0
LINE
  5
483
102
{ACAD_REACTORS
330
749
102
}
330
1F
100
AcDbEntity
  8
默认
 62
    96
420
    32512
100
AcDbLine
 10
210.9001809763145
 20
35.2372034668058
 30
1.499999988389792
 11
197.9001809763149
 21
35.2372034668058
 31
1.499999988389792
  0
ARC
  5
484
102
{ACAD_REACTORS
330
749
102
}
330
1F
100
AcDbEntity
  8
默认
 62
    96
420
    32512
100
AcDbCircle
 10
197.9001809763149
 20
34.7372034668058
 30
1.499999988389792
 40
0.4999999999999499
100
AcDbArc
 50
90.0
 51
180.0000000000057
  0
LINE
  5
485
102
{ACAD_REACTORS
330
749
102
}
330
1F
100
AcDbEntity
  8
默认
 62
    96
420
    32512
100
AcDbLine
 10
197.4001809763149
 20
34.7372034668058
 30
1.499999988389792
 11
197.4001809763149
 21
21.73720346680557
 31
1.499999988389792
  0
ARC
  5
486
102
{ACAD_REACTORS
330
749
102
}
330
1F
100
AcDbEntity
  8
默认
 62
    96
420
    32512
100
AcDbCircle
 10
-280.9839039896042
 20
90.56493777149592
 30
-1.499999988389792
 40
4.000000000004155
210
0.0
220
0.0
230
-1.0
100
AcDbArc
 50
90.00000000000082
 51
179.999999999999
  0
LINE
  5
487
102
{ACAD_REACTORS
330
749
102
}
330
1F
100
AcDbEntity
  8
默认
 62
    96
420
    32512
100
AcDbLine
 10
284.9839039896083
 20
90.56493777149592
 30
1.499999988389792
 11
284.9839039867466
 21
40.90522242981297
 31
1.499999988389792
  0
ARC
  5
488
102
{ACAD_REACTORS
330
749
102
}
330
1F
100
AcDbEntity
  8
默认
 62
    96
420
    32512
100
AcDbCircle
 10
-284.4839039867461
 20
40.90522242984208
 30
-1.499999988389792
 40
0.500000000000337
210
0.0
220
0.0
230
-1.0
100
AcDbArc
 50
180.0000000033464
 51
270.0000004160349
  0
LINE
  5
489
102
{ACAD_REACTORS
330
749
102
}
330
1F
100
AcDbEntity
  8
默认
 62
    96
420
    32512
100
AcDbLine
 10
284.4839039831154
 20
40.40522242984162
 30
1.499999988389792
 11
282.0664113423636
 21
40.40522244739669
 31
1.499999988389792
  0
ARC
  5
48A
102
{ACAD_REACTORS
330
749
102
}
330
1F
100
AcDbEntity
  8
默认
 62
    96
420
    32512
100
AcDbCircle
 10
282.0664113423636
 20
38.10522244739651
 30
1.499999988389792
 40
2.300000000000011
100
AcDbArc
 50
90.00000000000284
 51
269.9999999999986
  0
LINE
  5
48B
102
{ACAD_REACTORS
330
749
102
}
330
1F
100
AcDbEntity
  8
默认
 62
    96
420
    32512
100
AcDbLine
 10
282.0664113423636
 20
35.80522244739678
 30
1.499999988389792
 11
284.4839039875742
 21
35.80522244347572
 31
1.499999988389792
  0
ARC
  5
48C
102
{ACAD_REACTORS
330
749
102
}
330
1F
100
AcDbEntity
  8
默认
 62
    96
420
    32512
100
AcDbCircle
 10
-284.4839039867629
 20
35.30522244347549
 30
-1.499999988389792
 40
0.5000000000001752
210
0.0
220
0.0
230
-1.0
100
AcDbArc
 50
90.00000009296461
 51
179.9999999947955
  0
LINE
  5
48D
102
{ACAD_REACTORS
330
749
102
}
330
1F
100
AcDbEntity
  8
默认
 62
    96
420
    32512
100
AcDbLine
 10
284.9839039867629
 20
35.30522244352097
 30
1.499999988389792
 11
284.9839039896083
 21
4.0000000000041
 31
1.499999988389792
  0
ARC
  5
48E
102
{ACAD_REACTORS
330
749
102
}
330
1F
100
AcDbEntity
  8
默认
 62
    96
420
    32512
100
AcDbCircle
 10
-280.9839039896042
 20
4.0000000000041
 30
-1.499999988389792
 40
4.000000000004069
210
0.0
220
0.0
230
-1.0
100
AcDbArc
 50
179.9999999999993
 51
269.9999999999992
  0
LINE
  5
48F
102
{ACAD_REACTORS
330
749
102
}
330
1F
100
AcDbEntity
  8
默认
 62
    96
420
    32512
100
AcDbLine
 10
280.9839039896042
 20
0.0000000000000071
 30
1.499999988389792
 11
4.000000000100044
 21
0.0000000000000071
 31
1.499999988389792
  0
ARC
  5
490
102
{ACAD_REACTORS
330
749
102
}
330
1F
100
AcDbEntity
  8
默认
 62
    96
420
    32512
100
AcDbCircle
 10
-4.000000000100044
 20
4.0000000000041
 30
-1.499999988389792
 40
4.000000000004099
210
0.0
220
0.0
230
-1.0
100
AcDbArc
 50
270.0000000000001
 51
359.9999999999998
  0
LINE
  5
491
102
{ACAD_REACTORS
330
749
102
}
330
1F
100
AcDbEntity
  8
默认
 62
    96
420
    32512
100
AcDbLine
 10
0.0000000000959517
 20
4.0000000000041
 30
1.499999988389792
 11
0.0000000000004547
 21
35.28654389565282
 31
1.499999988389792
  0
ARC
  5
492
102
{ACAD_REACTORS
330
749
102
}
330
1F
100
AcDbEntity
  8
默认
 62
    96
420
    32512
100
AcDbCircle
 10
-0.5000000000009095
 20
35.28654389565418
 30
-1.499999988389792
 40
0.5000000000001705
210
0.0
220
0.0
230
-1.0
100
AcDbArc
 50
359.9999999998371
 51
89.99999999938117
  0
LINE
  5
493
102
{ACAD_REACTORS
330
749
102
}
330
1F
100
AcDbEntity
  8
默认
 62
    96
420
    32512
100
AcDbLine
 10
0.4999999999954525
 20
35.78654389565441
 30
1.499999988389792
 11
3.416411413720198
 21
35.7865438956842
 31
1.499999988389792
  0
ARC
  5
494
102
{ACAD_REACTORS
330
749
102
}
330
1F
100
AcDbEntity
  8
默认
 62
    96
420
    32512
100
AcDbCircle
 10
3.416411413720198
 20
38.08654389568438
 30
1.499999988389792
 40
2.299999999999961
100
AcDbArc
 50
269.9999999999989
 51
90.00000000000126
  0
LINE
  5
495
102
{ACAD_REACTORS
330
749
102
}
330
1F
100
AcDbEntity
  8
默认
 62
    96
420
    32512
100
AcDbLine
 10
3.416411413720198
 20
40.38654389568411
 30
1.499999988389792
 11
0.5000000000150067
 21
40.38654389559679
 31
1.499999988389792
  0
ARC
  5
496
102
{ACAD_REACTORS
330
749
102
}
330
1F
100
AcDbEntity
  8
默认
 62
    96
420
    32512
100
AcDbCircle
 10
-0.5
 20
40.88654389559679
 30
-1.499999988389792
 40
0.4999999999999909
210
0.0
220
0.0
230
-1.0
100
AcDbArc
 50
269.9999999982795
 51
0.0000000001058489
  0
LINE
  5
497
102
{ACAD_REACTORS
330
749
102
}
330
1F
100
AcDbEntity
  8
默认
 62
    96
420
    32512
100
AcDbLine
 10
0.0
 20
40.8865438955977
 30
1.499999988389792
 11
0.0000000000959517
 21
90.56493777149603
 31
1.499999988389792
  0
ARC
  5
498
102
{ACAD_REACTORS
330
749
102
}
330
1F
100
AcDbEntity
  8
默认
 62
    96
420
    32512
100
AcDbCircle
 10
-4.000000000100044
 20
90.56493777149603
 30
-1.499999988389792
 40
4.00000000000405
210
0.0
220
0.0
230
-1.0
100
AcDbArc
 50
359.9999999999992
 51
90.00000000000058
  0
LINE
  5
499
102
{ACAD_REACTORS
330
749
102
}
330
1F
100
AcDbEntity
  8
默认
 62
    96
420
    32512
100
AcDbLine
 10
4.000000000100044
 20
94.56493777150013
 30
1.499999988389792
 11
280.9839039896042
 21
94.56493777150013
 31
1.499999988389792
  0
ARC
  5
49A
102
{ACAD_REACTORS
330
749
102
}
330
1F
100
AcDbEntity
  8
默认
 62
    96
420
    32512
100
AcDbCircle
 10
135.9876809763146
 20
78.88720346680577
 30
1.499999988389792
 40
0.4999999999999716
100
AcDbArc
 50
179.9999999999967
 51
270.0000000000032
  0
LINE
  5
49B
102
{ACAD_REACTORS
330
749
102
}
330
1F
100
AcDbEntity
  8
默认
 62
    96
420
    32512
100
AcDbLine
 10
135.9876809763146
 20
78.38720346680577
 30
1.499999988389792
 11
148.987680976315
 21
78.38720346680577
 31
1.499999988389792
  0
ARC
  5
49C
102
{ACAD_REACTORS
330
749
102
}
330
1F
100
AcDbEntity
  8
默认
 62
    96
420
    32512
100
AcDbCircle
 10
148.9876809763146
 20
78.88720346680589
 30
1.499999988389792
 40
0.5000000000000293
100
AcDbArc
 50
270.0000000000032
 51
359.9999999999968
  0
LINE
  5
49D
102
{ACAD_REACTORS
330
749
102
}
330
1F
100
AcDbEntity
  8
默认
 62
    96
420
    32512
100
AcDbLine
 10
149.4876809763146
 20
78.88720346680589
 30
1.499999988389792
 11
149.487680976315
 21
91.88720346680589
 31
1.499999988389792
  0
ARC
  5
49E
102
{ACAD_REACTORS
330
749
102
}
330
1F
100
AcDbEntity
  8
默认
 62
    96
420
    32512
100
AcDbCircle
 10
148.987680976315
 20
91.88720346680589
 30
1.499999988389792
 40
0.4999999999999887
100
AcDbArc
 50
359.9999999999935
 51
90.0
  0
LINE
  5
49F
102
{ACAD_REACTORS
330
749
102
}
330
1F
100
AcDbEntity
  8
默认
 62
    96
420
    32512
100
AcDbLine
 10
148.987680976315
 20
92.38720346680589
 30
1.499999988389792
 11
135.9876809763146
 21
92.38720346680577
 31
1.499999988389792
  0
ARC
  5
4A0
102
{ACAD_REACTORS
330
749
102
}
330
1F
100
AcDbEntity
  8
默认
 62
    96
420
    32512
100
AcDbCircle
 10
135.9876809763146
 20
91.88720346680589
 30
1.499999988389792
 40
0.4999999999999189
100
AcDbArc
 50
89.99999999999022
 51
180.0000000000082
  0
LINE
  5
4A1
102
{ACAD_REACTORS
330
749
102
}
330
1F
100
AcDbEntity
  8
默认
 62
    96
420
    32512
100
AcDbLine
 10
135.4876809763146
 20
91.88720346680589
 30
1.499999988389792
 11
135.4876809763146
 21
78.88720346680577
 31
1.499999988389792
  0
ARC
  5
4A2
102
{ACAD_REACTORS
330
749
102
}
330
1F
100
AcDbEntity
  8
默认
 62
    96
420
    32512
100
AcDbCircle
 10
116.9376809763144
 20
78.88720346680577
 30
1.499999988389792
 40
0.4999999999999757
100
AcDbArc
 50
179.9999999999967
 51
270.0000000000032
  0
LINE
  5
4A3
102
{ACAD_REACTORS
330
749
102
}
330
1F
100
AcDbEntity
  8
默认
 62
    96
420
    32512
100
AcDbLine
 10
116.9376809763144
 20
78.38720346680577
 30
1.499999988389792
 11
129.9376809763148
 21
78.38720346680577
 31
1.499999988389792
  0
ARC
  5
4A4
102
{ACAD_REACTORS
330
749
102
}
330
1F
100
AcDbEntity
  8
默认
 62
    96
420
    32512
100
AcDbCircle
 10
129.9376809763148
 20
78.88720346680566
 30
1.499999988389792
 40
0.4999999999999006
100
AcDbArc
 50
269.9999999999902
 51
0.0000000000113991
  0
LINE
  5
4A5
102
{ACAD_REACTORS
330
749
102
}
330
1F
100
AcDbEntity
  8
默认
 62
    96
420
    32512
100
AcDbLine
 10
130.4376809763148
 20
78.88720346680577
 30
1.499999988389792
 11
130.4376809763148
 21
91.88720346680577
 31
1.499999988389792
  0
ARC
  5
4A6
102
{ACAD_REACTORS
330
749
102
}
330
1F
100
AcDbEntity
  8
默认
 62
    96
420
    32512
100
AcDbCircle
 10
129.9376809763148
 20
91.88720346680589
 30
1.499999988389792
 40
0.4999999999998915
100
AcDbArc
 50
359.9999999999853
 51
90.00000000000978
  0
LINE
  5
4A7
102
{ACAD_REACTORS
330
749
102
}
330
1F
100
AcDbEntity
  8
默认
 62
    96
420
    32512
100
AcDbLine
 10
129.9376809763144
 20
92.38720346680589
 30
1.499999988389792
 11
116.9376809763144
 21
92.38720346680577
 31
1.499999988389792
  0
ARC
  5
4A8
102
{ACAD_REACTORS
330
749
102
}
330
1F
100
AcDbEntity
  8
默认
 62
    96
420
    32512
100
AcDbCircle
 10
116.9376809763144
 20
91.88720346680577
 30
1.499999988389792
 40
0.499999999999991
100
AcDbArc
 50
89.99999999999349
 51
180.0
  0
LINE
  5
4A9
102
{ACAD_REACTORS
330
749
102
}
330
1F
100
AcDbEntity
  8
默认
 62
    96
420
    32512
100
AcDbLine
 10
116.4376809763144
 20
91.88720346680589
 30
1.499999988389792
 11
116.4376809763144
 21
78.88720346680577
 31
1.499999988389792
  0
LINE
  5
4AA
102
{ACAD_REACTORS
330
749
102
}
330
1F
100
AcDbEntity
  8
默认
 62
    96
420
    32512
100
AcDbLine
 10
216.4501809763146
 20
15.68720346680585
 30
1.499999988389792
 11
216.4501809763151
 21
2.687203466805848
 31
1.499999988389792
  0
ARC
  5
4AB
102
{ACAD_REACTORS
330
749
102
}
330
1F
100
AcDbEntity
  8
默认
 62
    96
420
    32512
100
AcDbCircle
 10
216.9501809763151
 20
2.687203466805848
 30
1.499999988389792
 40
0.5000000000000382
100
AcDbArc
 50
180.0000000000036
 51
269.9999999999968
  0
LINE
  5
4AC
102
{ACAD_REACTORS
330
749
102
}
330
1F
100
AcDbEntity
  8
默认
 62
    96
420
    32512
100
AcDbLine
 10
216.9501809763151
 20
2.187203466805848
 30
1.499999988389792
 11
232.331430976315
 21
2.187203466805848
 31
1.499999988389792
  0
ARC
  5
4AD
102
{ACAD_REACTORS
330
749
102
}
330
1F
100
AcDbEntity
  8
默认
 62
    96
420
    32512
100
AcDbCircle
 10
232.331430976315
 20
2.687203466805848
 30
1.499999988389792
 40
0.499999999999942
100
AcDbArc
 50
270.0
 51
0.0000000000069209
  0
LINE
  5
4AE
102
{ACAD_REACTORS
330
749
102
}
330
1F
100
AcDbEntity
  8
默认
 62
    96
420
    32512
100
AcDbLine
 10
232.8314309763146
 20
2.687203466805848
 30
1.499999988389792
 11
232.831430976315
 21
15.68720346680585
 31
1.499999988389792
  0
ARC
  5
4AF
102
{ACAD_REACTORS
330
749
102
}
330
1F
100
AcDbEntity
  8
默认
 62
    96
420
    32512
100
AcDbCircle
 10
232.331430976315
 20
15.68720346680585
 30
1.499999988389792
 40
0.4999999999998355
100
AcDbArc
 50
359.9999999999812
 51
90.00000000001954
  0
LINE
  5
4B0
102
{ACAD_REACTORS
330
749
102
}
330
1F
100
AcDbEntity
  8
默认
 62
    96
420
    32512
100
AcDbLine
 10
232.3314309763146
 20
16.18720346680585
 30
1.499999988389792
 11
216.9501809763146
 21
16.18720346680585
 31
1.499999988389792
  0
ARC
  5
4B1
102
{ACAD_REACTORS
330
749
102
}
330
1F
100
AcDbEntity
  8
默认
 62
    96
420
    32512
100
AcDbCircle
 10
216.9501809763146
 20
15.68720346680585
 30
1.499999988389792
 40
0.4999999999999482
100
AcDbArc
 50
89.99999999999349
 51
180.0000000000065
  0
ARC
  5
4B2
102
{ACAD_REACTORS
330
749
102
}
330
1F
100
AcDbEntity
  8
默认
 62
    96
420
    32512
100
AcDbCircle
 10
45.50018097631482
 20
21.73720346680603
 30
1.499999988389792
 40
0.500000000000205
100
AcDbArc
 50
180.0000000000236
 51
269.9999999999756
  0
LINE
  5
4B3
102
{ACAD_REACTORS
330
749
102
}
330
1F
100
AcDbEntity
  8
默认
 62
    96
420
    32512
100
AcDbLine
 10
45.50018097631482
 20
21.23720346680557
 30
1.499999988389792
 11
58.50018097631437
 21
21.23720346680557
 31
1.499999988389792
  0
ARC
  5
4B4
102
{ACAD_REACTORS
330
749
102
}
330
1F
100
AcDbEntity
  8
默认
 62
    96
420
    32512
100
AcDbCircle
 10
58.50018097631437
 20
21.7372034668058
 30
1.499999988389792
 40
0.5000000000001195
100
AcDbArc
 50
270.0000000000163
 51
359.9999999999862
  0
LINE
  5
4B5
102
{ACAD_REACTORS
330
749
102
}
330
1F
100
AcDbEntity
  8
默认
 62
    96
420
    32512
100
AcDbLine
 10
59.00018097631437
 20
21.73720346680557
 30
1.499999988389792
 11
59.00018097631482
 21
34.73720346680557
 31
1.499999988389792
  0
ARC
  5
4B6
102
{ACAD_REACTORS
330
749
102
}
330
1F
100
AcDbEntity
  8
默认
 62
    96
420
    32512
100
AcDbCircle
 10
58.50018097631482
 20
34.7372034668058
 30
1.499999988389792
 40
0.4999999999998645
100
AcDbArc
 50
359.9999999999837
 51
90.00000000001629
  0
LINE
  5
4B7
102
{ACAD_REACTORS
330
749
102
}
330
1F
100
AcDbEntity
  8
默认
 62
    96
420
    32512
100
AcDbLine
 10
58.50018097631437
 20
35.23720346680557
 30
1.499999988389792
 11
45.50018097631482
 21
35.23720346680557
 31
1.499999988389792
  0
ARC
  5
4B8
102
{ACAD_REACTORS
330
749
102
}
330
1F
100
AcDbEntity
  8
默认
 62
    96
420
    32512
100
AcDbCircle
 10
45.50018097631482
 20
34.7372034668058
 30
1.499999988389792
 40
0.499999999999924
100
AcDbArc
 50
89.99999999999349
 51
180.0000000000082
  0
LINE
  5
4B9
102
{ACAD_REACTORS
330
749
102
}
330
1F
100
AcDbEntity
  8
默认
 62
    96
420
    32512
100
AcDbLine
 10
45.00018097631482
 20
34.7372034668058
 30
1.499999988389792
 11
45.00018097631482
 21
21.73720346680557
 31
1.499999988389792
  0
ARC
  5
4BA
102
{ACAD_REACTORS
330
749
102
}
330
1F
100
AcDbEntity
  8
默认
 62
    96
420
    32512
100
AcDbCircle
 10
6.12019037397431
 20
19.7372034668058
 30
1.499999988389792
 40
0.5000000000001096
100
AcDbArc
 50
180.0000000000122
 51
269.999999999987
  0
LINE
  5
4BB
102
{ACAD_REACTORS
330
749
102
}
330
1F
100
AcDbEntity
  8
默认
 62
    96
420
    32512
100
AcDbLine
 10
6.12019037397431
 20
19.23720346680557
 30
1.499999988389792
 11
12.12019037397431
 21
19.23720346680557
 31
1.499999988389792
  0
ARC
  5
4BC
102
{ACAD_REACTORS
330
749
102
}
330
1F
100
AcDbEntity
  8
默认
 62
    96
420
    32512
100
AcDbCircle
 10
12.12019037397431
 20
19.7372034668058
 30
1.499999988389792
 40
0.5000000000000898
100
AcDbArc
 50
270.0000000000114
 51
359.9999999999902
  0
POLYLINE
  5
4BD
102
{ACAD_REACTORS
330
749
102
}
330
1F
100
AcDbEntity
  8
默认
 62
    96
420
    32512
100
AcDb2dPolyline
 66
     1
 10
0.0
 20
0.0
 30
1.499999988389792
  0
VERTEX
  5
4BE
330
4BD
100
AcDbEntity
  8
默认
 62
    96
420
    32512
100
AcDbVertex
100
AcDb2dVertex
 10
12.62019037397431
 20
19.73720346680557
 30
1.499999988389792
  0
VERTEX
  5
4BF
330
4BD
100
AcDbEntity
  8
默认
 62
    96
420
    32512
100
AcDbVertex
100
AcDb2dVertex
 10
12.62019037397431
 20
21.23720346680557
 30
1.499999988389792
  0
VERTEX
  5
4C0
330
4BD
100
AcDbEntity
  8
默认
 62
    96
420
    32512
100
AcDbVertex
100
AcDb2dVertex
 10
29.49619037397451
 20
21.23720346680557
 30
1.499999988389792
  0
VERTEX
  5
4C1
330
4BD
100
AcDbEntity
  8
默认
 62
    96
420
    32512
100
AcDbVertex
100
AcDb2dVertex
 10
29.49619037397451
 20
19.73720346680557
 30
1.499999988389792
  0
SEQEND
  5
4C2
330
4BD
100
AcDbEntity
  8
默认
 62
    96
420
    32512
  0
ARC
  5
4C3
102
{ACAD_REACTORS
330
749
102
}
330
1F
100
AcDbEntity
  8
默认
 62
    96
420
    32512
100
AcDbCircle
 10
29.99619037397451
 20
19.73720346680603
 30
1.499999988389792
 40
0.5000000000001761
100
AcDbArc
 50
180.0000000000212
 51
269.9999999999797
  0
LINE
  5
4C4
102
{ACAD_REACTORS
330
749
102
}
330
1F
100
AcDbEntity
  8
默认
 62
    96
420
    32512
100
AcDbLine
 10
29.99619037397406
 20
19.23720346680557
 30
1.499999988389792
 11
35.99619037397406
 21
19.23720346680557
 31
1.499999988389792
  0
ARC
  5
4C5
102
{ACAD_REACTORS
330
749
102
}
330
1F
100
AcDbEntity
  8
默认
 62
    96
420
    32512
100
AcDbCircle
 10
35.99619037397406
 20
19.7372034668058
 30
1.499999988389792
 40
0.500000000000135
100
AcDbArc
 50
270.0000000000147
 51
359.9999999999845
  0
POLYLINE
  5
4C6
102
{ACAD_REACTORS
330
749
102
}
330
1F
100
AcDbEntity
  8
默认
 62
    96
420
    32512
100
AcDb2dPolyline
 66
     1
 10
0.0
 20
0.0
 30
1.499999988389792
  0
VERTEX
  5
4C7
330
4C6
100
AcDbEntity
  8
默认
 62
    96
420
    32512
100
AcDbVertex
100
AcDb2dVertex
 10
36.49619037397406
 20
19.73720346680557
 30
1.499999988389792
  0
VERTEX
  5
4C8
330
4C6
100
AcDbEntity
  8
默认
 62
    96
420
    32512
100
AcDbVertex
100
AcDb2dVertex
 10
36.49619037397406
 20
21.23720346680557
 30
1.499999988389792
  0
VERTEX
  5
4C9
330
4C6
100
AcDbEntity
  8
默认
 62
    96
420
    32512
100
AcDbVertex
100
AcDb2dVertex
 10
39.46444037397441
 20
21.23720346680557
 30
1.499999988389792
  0
SEQEND
  5
4CA
330
4C6
100
AcDbEntity
  8
默认
 62
    96
420
    32512
  0
ARC
  5
4CB
102
{ACAD_REACTORS
330
749
102
}
330
1F
100
AcDbEntity
  8
默认
 62
    96
420
    32512
100
AcDbCircle
 10
39.46444037397441
 20
21.7372034668058
 30
1.499999988389792
 40
0.5000000000001191
100
AcDbArc
 50
270.000000000013
 51
359.9999999999862
  0
LINE
  5
4CC
102
{ACAD_REACTORS
330
749
102
}
330
1F
100
AcDbEntity
  8
默认
 62
    96
420
    32512
100
AcDbLine
 10
39.96444037397441
 20
21.73720346680557
 30
1.499999988389792
 11
39.96444037397441
 21
34.73720346680557
 31
1.499999988389792
  0
ARC
  5
4CD
102
{ACAD_REACTORS
330
749
102
}
330
1F
100
AcDbEntity
  8
默认
 62
    96
420
    32512
100
AcDbCircle
 10
39.46444037397441
 20
34.7372034668058
 30
1.499999988389792
 40
0.499999999999867
100
AcDbArc
 50
359.9999999999845
 51
90.00000000001629
  0
LINE
  5
4CE
102
{ACAD_REACTORS
330
749
102
}
330
1F
100
AcDbEntity
  8
默认
 62
    96
420
    32512
100
AcDbLine
 10
39.46444037397396
 20
35.23720346680557
 30
1.499999988389792
 11
5.033190373974321
 21
35.23720346680557
 31
1.499999988389792
  0
ARC
  5
4CF
102
{ACAD_REACTORS
330
749
102
}
330
1F
100
AcDbEntity
  8
默认
 62
    96
420
    32512
100
AcDbCircle
 10
5.033190373974321
 20
34.7372034668058
 30
1.499999988389792
 40
0.4999999999998601
100
AcDbArc
 50
89.99999999998454
 51
180.0000000000155
  0
LINE
  5
4D0
102
{ACAD_REACTORS
330
749
102
}
330
1F
100
AcDbEntity
  8
默认
 62
    96
420
    32512
100
AcDbLine
 10
4.533190373974321
 20
34.73720346680557
 30
1.499999988389792
 11
4.533190373974321
 21
21.73720346680557
 31
1.499999988389792
  0
ARC
  5
4D1
102
{ACAD_REACTORS
330
749
102
}
330
1F
100
AcDbEntity
  8
默认
 62
    96
420
    32512
100
AcDbCircle
 10
5.033190373974321
 20
21.7372034668058
 30
1.499999988389792
 40
0.5000000000001324
100
AcDbArc
 50
180.0000000000147
 51
269.9999999999853
  0
POLYLINE
  5
4D2
102
{ACAD_REACTORS
330
749
102
}
330
1F
100
AcDbEntity
  8
默认
 62
    96
420
    32512
100
AcDb2dPolyline
 66
     1
 10
0.0
 20
0.0
 30
1.499999988389792
  0
VERTEX
  5
4D3
330
4D2
100
AcDbEntity
  8
默认
 62
    96
420
    32512
100
AcDbVertex
100
AcDb2dVertex
 10
5.033190373973866
 20
21.23720346680557
 30
1.499999988389792
  0
VERTEX
  5
4D4
330
4D2
100
AcDbEntity
  8
默认
 62
    96
420
    32512
100
AcDbVertex
100
AcDb2dVertex
 10
5.62019037397431
 20
21.23720346680557
 30
1.499999988389792
  0
VERTEX
  5
4D5
330
4D2
100
AcDbEntity
  8
默认
 62
    96
420
    32512
100
AcDbVertex
100
AcDb2dVertex
 10
5.62019037397431
 20
19.73720346680557
 30
1.499999988389792
  0
SEQEND
  5
4D6
330
4D2
100
AcDbEntity
  8
默认
 62
    96
420
    32512
  0
ARC
  5
4D7
102
{ACAD_REACTORS
330
749
102
}
330
1F
100
AcDbEntity
  8
默认
 62
    96
420
    32512
100
AcDbCircle
 10
216.9501809763151
 20
21.73720346680603
 30
1.499999988389792
 40
0.5000000000002374
100
AcDbArc
 50
180.0000000000269
 51
269.9999999999707
  0
LINE
  5
4D8
102
{ACAD_REACTORS
330
749
102
}
330
1F
100
AcDbEntity
  8
默认
 62
    96
420
    32512
100
AcDbLine
 10
216.9501809763151
 20
21.23720346680557
 30
1.499999988389792
 11
229.9501809763146
 21
21.2372034668058
 31
1.499999988389792
  0
ARC
  5
4D9
102
{ACAD_REACTORS
330
749
102
}
330
1F
100
AcDbEntity
  8
默认
 62
    96
420
    32512
100
AcDbCircle
 10
229.9501809763146
 20
21.7372034668058
 30
1.499999988389792
 40
0.5000000000000411
100
AcDbArc
 50
270.0000000000065
 51
359.9999999999951
  0
LINE
  5
4DA
102
{ACAD_REACTORS
330
749
102
}
330
1F
100
AcDbEntity
  8
默认
 62
    96
420
    32512
100
AcDbLine
 10
230.4501809763146
 20
21.73720346680557
 30
1.499999988389792
 11
230.4501809763146
 21
34.73720346680557
 31
1.499999988389792
  0
ARC
  5
4DB
102
{ACAD_REACTORS
330
749
102
}
330
1F
100
AcDbEntity
  8
默认
 62
    96
420
    32512
100
AcDbCircle
 10
229.9501809763146
 20
34.73720346680603
 30
1.499999988389792
 40
0.4999999999998278
100
AcDbArc
 50
359.999999999978
 51
90.00000000001954
  0
LINE
  5
4DC
102
{ACAD_REACTORS
330
749
102
}
330
1F
100
AcDbEntity
  8
默认
 62
    96
420
    32512
100
AcDbLine
 10
229.9501809763146
 20
35.23720346680557
 30
1.499999988389792
 11
216.9501809763146
 21
35.2372034668058
 31
1.499999988389792
  0
ARC
  5
4DD
102
{ACAD_REACTORS
330
749
102
}
330
1F
100
AcDbEntity
  8
默认
 62
    96
420
    32512
100
AcDbCircle
 10
216.9501809763146
 20
34.7372034668058
 30
1.499999988389792
 40
0.4999999999999717
100
AcDbArc
 50
89.99999999999349
 51
180.0000000000032
  0
LINE
  5
4DE
102
{ACAD_REACTORS
330
749
102
}
330
1F
100
AcDbEntity
  8
默认
 62
    96
420
    32512
100
AcDbLine
 10
216.4501809763146
 20
34.7372034668058
 30
1.499999988389792
 11
216.4501809763146
 21
21.73720346680557
 31
1.499999988389792
  0
ARC
  5
4DF
102
{ACAD_REACTORS
330
749
102
}
330
1F
100
AcDbEntity
  8
默认
 62
    96
420
    32512
100
AcDbCircle
 10
78.83768097631491
 20
78.88720346680589
 30
1.499999988389792
 40
0.5000000000000498
100
AcDbArc
 50
180.0000000000065
 51
269.9999999999935
  0
LINE
  5
4E0
102
{ACAD_REACTORS
330
749
102
}
330
1F
100
AcDbEntity
  8
默认
 62
    96
420
    32512
100
AcDbLine
 10
78.83768097631491
 20
78.38720346680589
 30
1.499999988389792
 11
91.83768097631491
 21
78.38720346680577
 31
1.499999988389792
  0
ARC
  5
4E1
102
{ACAD_REACTORS
330
749
102
}
330
1F
100
AcDbEntity
  8
默认
 62
    96
420
    32512
100
AcDbCircle
 10
91.83768097631491
 20
78.88720346680577
 30
1.499999988389792
 40
0.500000000000008
100
AcDbArc
 50
269.9999999999984
 51
0.0
  0
LINE
  5
4E2
102
{ACAD_REACTORS
330
749
102
}
330
1F
100
AcDbEntity
  8
默认
 62
    96
420
    32512
100
AcDbLine
 10
92.33768097631491
 20
78.88720346680577
 30
1.499999988389792
 11
92.33768097631491
 21
91.88720346680577
 31
1.499999988389792
  0
ARC
  5
4E3
102
{ACAD_REACTORS
330
749
102
}
330
1F
100
AcDbEntity
  8
默认
 62
    96
420
    32512
100
AcDbCircle
 10
91.83768097631491
 20
91.88720346680589
 30
1.499999988389792
 40
0.4999999999999361
100
AcDbArc
 50
359.9999999999935
 51
90.00000000000651
  0
LINE
  5
4E4
102
{ACAD_REACTORS
330
749
102
}
330
1F
100
AcDbEntity
  8
默认
 62
    96
420
    32512
100
AcDbLine
 10
91.83768097631491
 20
92.38720346680577
 30
1.499999988389792
 11
78.83768097631491
 21
92.38720346680577
 31
1.499999988389792
  0
ARC
  5
4E5
102
{ACAD_REACTORS
330
749
102
}
330
1F
100
AcDbEntity
  8
默认
 62
    96
420
    32512
100
AcDbCircle
 10
78.83768097631491
 20
91.88720346680577
 30
1.499999988389792
 40
0.5
100
AcDbArc
 50
90.0
 51
180.0
  0
LINE
  5
4E6
102
{ACAD_REACTORS
330
749
102
}
330
1F
100
AcDbEntity
  8
默认
 62
    96
420
    32512
100
AcDbLine
 10
78.33768097631491
 20
91.88720346680577
 30
1.499999988389792
 11
78.33768097631491
 21
78.88720346680589
 31
1.499999988389792
  0
ARC
  5
4E7
102
{ACAD_REACTORS
330
749
102
}
330
1F
100
AcDbEntity
  8
默认
 62
    96
420
    32512
100
AcDbCircle
 10
97.88768097631464
 20
78.88720346680577
 30
1.499999988389792
 40
0.4999999999999247
100
AcDbArc
 50
179.9999999999919
 51
270.0000000000065
  0
LINE
  5
4E8
102
{ACAD_REACTORS
330
749
102
}
330
1F
100
AcDbEntity
  8
默认
 62
    96
420
    32512
100
AcDbLine
 10
97.88768097631464
 20
78.38720346680589
 30
1.499999988389792
 11
110.8876809763146
 21
78.38720346680577
 31
1.499999988389792
  0
ARC
  5
4E9
102
{ACAD_REACTORS
330
749
102
}
330
1F
100
AcDbEntity
  8
默认
 62
    96
420
    32512
100
AcDbCircle
 10
110.8876809763146
 20
78.88720346680577
 30
1.499999988389792
 40
0.499999999999938
100
AcDbArc
 50
269.9999999999935
 51
0.0000000000081422
  0
LINE
  5
4EA
102
{ACAD_REACTORS
330
749
102
}
330
1F
100
AcDbEntity
  8
默认
 62
    96
420
    32512
100
AcDbLine
 10
111.3876809763146
 20
78.88720346680589
 30
1.499999988389792
 11
111.3876809763146
 21
91.88720346680589
 31
1.499999988389792
  0
ARC
  5
4EB
102
{ACAD_REACTORS
330
749
102
}
330
1F
100
AcDbEntity
  8
默认
 62
    96
420
    32512
100
AcDbCircle
 10
110.8876809763146
 20
91.88720346680589
 30
1.499999988389792
 40
0.4999999999999562
100
AcDbArc
 50
359.9999999999935
 51
90.00000000000651
  0
LINE
  5
4EC
102
{ACAD_REACTORS
330
749
102
}
330
1F
100
AcDbEntity
  8
默认
 62
    96
420
    32512
100
AcDbLine
 10
110.8876809763146
 20
92.38720346680589
 30
1.499999988389792
 11
97.88768097631464
 21
92.38720346680577
 31
1.499999988389792
  0
ARC
  5
4ED
102
{ACAD_REACTORS
330
749
102
}
330
1F
100
AcDbEntity
  8
默认
 62
    96
420
    32512
100
AcDbCircle
 10
97.88768097631464
 20
91.88720346680589
 30
1.499999988389792
 40
0.4999999999999189
100
AcDbArc
 50
89.99999999999022
 51
180.0000000000082
  0
LINE
  5
4EE
102
{ACAD_REACTORS
330
749
102
}
330
1F
100
AcDbEntity
  8
默认
 62
    96
420
    32512
100
AcDbLine
 10
97.38768097631464
 20
91.88720346680589
 30
1.499999988389792
 11
97.38768097631464
 21
78.88720346680589
 31
1.499999988389792
  0
ARC
  5
4EF
102
{ACAD_REACTORS
330
749
102
}
330
1F
100
AcDbEntity
  8
默认
 62
    96
420
    32512
100
AcDbCircle
 10
64.550180976315
 20
21.73720346680603
 30
1.499999988389792
 40
0.5000000000001644
100
AcDbArc
 50
180.0000000000188
 51
269.9999999999788
  0
LINE
  5
4F0
102
{ACAD_REACTORS
330
749
102
}
330
1F
100
AcDbEntity
  8
默认
 62
    96
420
    32512
100
AcDbLine
 10
64.55018097631455
 20
21.2372034668058
 30
1.499999988389792
 11
77.55018097631455
 21
21.23720346680557
 31
1.499999988389792
  0
ARC
  5
4F1
102
{ACAD_REACTORS
330
749
102
}
330
1F
100
AcDbEntity
  8
默认
 62
    96
420
    32512
100
AcDbCircle
 10
77.55018097631455
 20
21.7372034668058
 30
1.499999988389792
 40
0.5000000000000995
100
AcDbArc
 50
270.0000000000114
 51
359.9999999999886
  0
LINE
  5
4F2
102
{ACAD_REACTORS
330
749
102
}
330
1F
100
AcDbEntity
  8
默认
 62
    96
420
    32512
100
AcDbLine
 10
78.05018097631455
 20
21.73720346680557
 30
1.499999988389792
 11
78.05018097631455
 21
34.73720346680557
 31
1.499999988389792
  0
ARC
  5
4F3
102
{ACAD_REACTORS
330
749
102
}
330
1F
100
AcDbEntity
  8
默认
 62
    96
420
    32512
100
AcDbCircle
 10
77.550180976315
 20
34.73720346680603
 30
1.499999988389792
 40
0.4999999999998331
100
AcDbArc
 50
359.9999999999821
 51
90.00000000001954
  0
LINE
  5
4F4
102
{ACAD_REACTORS
330
749
102
}
330
1F
100
AcDbEntity
  8
默认
 62
    96
420
    32512
100
AcDbLine
 10
77.55018097631455
 20
35.2372034668058
 30
1.499999988389792
 11
64.55018097631455
 21
35.23720346680557
 31
1.499999988389792
  0
ARC
  5
4F5
102
{ACAD_REACTORS
330
749
102
}
330
1F
100
AcDbEntity
  8
默认
 62
    96
420
    32512
100
AcDbCircle
 10
64.55018097631455
 20
34.7372034668058
 30
1.499999988389792
 40
0.4999999999999077
100
AcDbArc
 50
89.99999999998697
 51
180.0000000000106
  0
LINE
  5
4F6
102
{ACAD_REACTORS
330
749
102
}
330
1F
100
AcDbEntity
  8
默认
 62
    96
420
    32512
100
AcDbLine
 10
64.05018097631455
 20
34.73720346680557
 30
1.499999988389792
 11
64.050180976315
 21
21.7372034668058
 31
1.499999988389792
  0
ARC
  5
4F7
102
{ACAD_REACTORS
330
749
102
}
330
1F
100
AcDbEntity
  8
默认
 62
    96
420
    32512
100
AcDbCircle
 10
155.0376809763147
 20
78.88720346680589
 30
1.499999988389792
 40
0.5000000000000754
100
AcDbArc
 50
180.0000000000082
 51
269.9999999999902
  0
LINE
  5
4F8
102
{ACAD_REACTORS
330
749
102
}
330
1F
100
AcDbEntity
  8
默认
 62
    96
420
    32512
100
AcDbLine
 10
155.0376809763147
 20
78.38720346680577
 30
1.499999988389792
 11
168.0376809763147
 21
78.38720346680577
 31
1.499999988389792
  0
ARC
  5
4F9
102
{ACAD_REACTORS
330
749
102
}
330
1F
100
AcDbEntity
  8
默认
 62
    96
420
    32512
100
AcDbCircle
 10
168.0376809763147
 20
78.88720346680566
 30
1.499999988389792
 40
0.4999999999999189
100
AcDbArc
 50
269.9999999999902
 51
0.0000000000081422
  0
LINE
  5
4FA
102
{ACAD_REACTORS
330
749
102
}
330
1F
100
AcDbEntity
  8
默认
 62
    96
420
    32512
100
AcDbLine
 10
168.5376809763147
 20
78.88720346680577
 30
1.499999988389792
 11
168.5376809763147
 21
91.88720346680577
 31
1.499999988389792
  0
ARC
  5
4FB
102
{ACAD_REACTORS
330
749
102
}
330
1F
100
AcDbEntity
  8
默认
 62
    96
420
    32512
100
AcDbCircle
 10
168.0376809763147
 20
91.88720346680589
 30
1.499999988389792
 40
0.4999999999998915
100
AcDbArc
 50
359.9999999999853
 51
90.00000000000978
  0
LINE
  5
4FC
102
{ACAD_REACTORS
330
749
102
}
330
1F
100
AcDbEntity
  8
默认
 62
    96
420
    32512
100
AcDbLine
 10
168.0376809763147
 20
92.38720346680577
 30
1.499999988389792
 11
155.0376809763147
 21
92.38720346680577
 31
1.499999988389792
  0
ARC
  5
4FD
102
{ACAD_REACTORS
330
749
102
}
330
1F
100
AcDbEntity
  8
默认
 62
    96
420
    32512
100
AcDbCircle
 10
155.0376809763147
 20
91.88720346680577
 30
1.499999988389792
 40
0.50000000000001
100
AcDbArc
 50
90.0
 51
180.0
  0
LINE
  5
4FE
102
{ACAD_REACTORS
330
749
102
}
330
1F
100
AcDbEntity
  8
默认
 62
    96
420
    32512
100
AcDbLine
 10
154.5376809763147
 20
91.88720346680577
 30
1.499999988389792
 11
154.5376809763147
 21
78.88720346680577
 31
1.499999988389792
  0
ARC
  5
4FF
102
{ACAD_REACTORS
330
749
102
}
330
1F
100
AcDbEntity
  8
默认
 62
    96
420
    32512
100
AcDbCircle
 10
193.1376809763146
 20
78.88720346680589
 30
1.499999988389792
 40
0.5000000000000915
100
AcDbArc
 50
180.0000000000097
 51
269.9999999999902
  0
LINE
  5
500
102
{ACAD_REACTORS
330
749
102
}
330
1F
100
AcDbEntity
  8
默认
 62
    96
420
    32512
100
AcDbLine
 10
193.1376809763146
 20
78.38720346680577
 30
1.499999988389792
 11
206.1376809763146
 21
78.38720346680577
 31
1.499999988389792
  0
ARC
  5
501
102
{ACAD_REACTORS
330
749
102
}
330
1F
100
AcDbEntity
  8
默认
 62
    96
420
    32512
100
AcDbCircle
 10
206.1376809763146
 20
78.88720346680577
 30
1.499999988389792
 40
0.4999999999999424
100
AcDbArc
 50
269.9999999999935
 51
0.0000000000065138
  0
LINE
  5
502
102
{ACAD_REACTORS
330
749
102
}
330
1F
100
AcDbEntity
  8
默认
 62
    96
420
    32512
100
AcDbLine
 10
206.6376809763146
 20
78.88720346680589
 30
1.499999988389792
 11
206.6376809763146
 21
91.88720346680577
 31
1.499999988389792
  0
ARC
  5
503
102
{ACAD_REACTORS
330
749
102
}
330
1F
100
AcDbEntity
  8
默认
 62
    96
420
    32512
100
AcDbCircle
 10
206.1376809763146
 20
91.88720346680589
 30
1.499999988389792
 40
0.4999999999999228
100
AcDbArc
 50
359.9999999999886
 51
90.00000000000325
  0
LINE
  5
504
102
{ACAD_REACTORS
330
749
102
}
330
1F
100
AcDbEntity
  8
默认
 62
    96
420
    32512
100
AcDbLine
 10
206.1376809763146
 20
92.38720346680577
 30
1.499999988389792
 11
193.1376809763146
 21
92.38720346680577
 31
1.499999988389792
  0
ARC
  5
505
102
{ACAD_REACTORS
330
749
102
}
330
1F
100
AcDbEntity
  8
默认
 62
    96
420
    32512
100
AcDbCircle
 10
193.1376809763146
 20
91.88720346680577
 30
1.499999988389792
 40
0.4999999999999816
100
AcDbArc
 50
89.99999999999675
 51
180.0000000000032
  0
LINE
  5
506
102
{ACAD_REACTORS
330
749
102
}
330
1F
100
AcDbEntity
  8
默认
 62
    96
420
    32512
100
AcDbLine
 10
192.6376809763146
 20
91.88720346680577
 30
1.499999988389792
 11
192.6376809763146
 21
78.88720346680577
 31
1.499999988389792
  0
ARC
  5
507
102
{ACAD_REACTORS
330
749
102
}
330
1F
100
AcDbEntity
  8
默认
 62
    96
420
    32512
100
AcDbCircle
 10
240.7626809763146
 20
59.83720346680594
 30
1.499999988389792
 40
0.500000000000061
100
AcDbArc
 50
180.0000000000065
 51
269.9999999999935
  0
LINE
  5
508
102
{ACAD_REACTORS
330
749
102
}
330
1F
100
AcDbEntity
  8
默认
 62
    96
420
    32512
100
AcDbLine
 10
240.7626809763146
 20
59.33720346680582
 30
1.499999988389792
 11
253.7626809763146
 21
59.33720346680582
 31
1.499999988389792
  0
ARC
  5
509
102
{ACAD_REACTORS
330
749
102
}
330
1F
100
AcDbEntity
  8
默认
 62
    96
420
    32512
100
AcDbCircle
 10
253.7626809763151
 20
59.8372034668056
 30
1.499999988389792
 40
0.4999999999997878
100
AcDbArc
 50
269.999999999974
 51
0.0000000000244267
  0
LINE
  5
50A
102
{ACAD_REACTORS
330
749
102
}
330
1F
100
AcDbEntity
  8
默认
 62
    96
420
    32512
100
AcDbLine
 10
254.2626809763146
 20
59.83720346680582
 30
1.499999988389792
 11
254.2626809763146
 21
72.83720346680582
 31
1.499999988389792
  0
ARC
  5
50B
102
{ACAD_REACTORS
330
749
102
}
330
1F
100
AcDbEntity
  8
默认
 62
    96
420
    32512
100
AcDbCircle
 10
253.7626809763146
 20
72.83720346680593
 30
1.499999988389792
 40
0.4999999999999015
100
AcDbArc
 50
359.999999999987
 51
90.00000000001303
  0
LINE
  5
50C
102
{ACAD_REACTORS
330
749
102
}
330
1F
100
AcDbEntity
  8
默认
 62
    96
420
    32512
100
AcDbLine
 10
253.7626809763146
 20
73.33720346680582
 30
1.499999988389792
 11
240.7626809763146
 21
73.33720346680582
 31
1.499999988389792
  0
ARC
  5
50D
102
{ACAD_REACTORS
330
749
102
}
330
1F
100
AcDbEntity
  8
默认
 62
    96
420
    32512
100
AcDbCircle
 10
240.7626809763146
 20
72.8372034668057
 30
1.499999988389792
 40
0.5000000000001086
100
AcDbArc
 50
90.00000000001303
 51
179.9999999999886
  0
LINE
  5
50E
102
{ACAD_REACTORS
330
749
102
}
330
1F
100
AcDbEntity
  8
默认
 62
    96
420
    32512
100
AcDbLine
 10
240.2626809763146
 20
72.83720346680582
 30
1.499999988389792
 11
240.2626809763146
 21
59.83720346680582
 31
1.499999988389792
  0
ARC
  5
50F
102
{ACAD_REACTORS
330
749
102
}
330
1F
100
AcDbEntity
  8
默认
 62
    96
420
    32512
100
AcDbCircle
 10
59.78768097631473
 20
78.88720346680577
 30
1.499999988389792
 40
0.5000000000000022
100
AcDbArc
 50
180.0
 51
270.0
  0
LINE
  5
510
102
{ACAD_REACTORS
330
749
102
}
330
1F
100
AcDbEntity
  8
默认
 62
    96
420
    32512
100
AcDbLine
 10
59.78768097631473
 20
78.38720346680577
 30
1.499999988389792
 11
72.78768097631473
 21
78.38720346680577
 31
1.499999988389792
  0
ARC
  5
511
102
{ACAD_REACTORS
330
749
102
}
330
1F
100
AcDbEntity
  8
默认
 62
    96
420
    32512
100
AcDbCircle
 10
72.78768097631473
 20
78.88720346680577
 30
1.499999988389792
 40
0.4999999999999533
100
AcDbArc
 50
269.9999999999935
 51
0.0000000000065138
  0
LINE
  5
512
102
{ACAD_REACTORS
330
749
102
}
330
1F
100
AcDbEntity
  8
默认
 62
    96
420
    32512
100
AcDbLine
 10
73.28768097631473
 20
78.88720346680577
 30
1.499999988389792
 11
73.28768097631473
 21
91.88720346680589
 31
1.499999988389792
  0
ARC
  5
513
102
{ACAD_REACTORS
330
749
102
}
330
1F
100
AcDbEntity
  8
默认
 62
    96
420
    32512
100
AcDbCircle
 10
72.78768097631473
 20
91.88720346680589
 30
1.499999988389792
 40
0.4999999999999453
100
AcDbArc
 50
359.9999999999951
 51
90.00000000000651
  0
LINE
  5
514
102
{ACAD_REACTORS
330
749
102
}
330
1F
100
AcDbEntity
  8
默认
 62
    96
420
    32512
100
AcDbLine
 10
72.78768097631473
 20
92.38720346680589
 30
1.499999988389792
 11
59.78768097631473
 21
92.38720346680577
 31
1.499999988389792
  0
ARC
  5
515
102
{ACAD_REACTORS
330
749
102
}
330
1F
100
AcDbEntity
  8
默认
 62
    96
420
    32512
100
AcDbCircle
 10
59.78768097631473
 20
91.88720346680589
 30
1.499999988389792
 40
0.4999999999999361
100
AcDbArc
 50
89.99999999999349
 51
180.0000000000065
  0
LINE
  5
516
102
{ACAD_REACTORS
330
749
102
}
330
1F
100
AcDbEntity
  8
默认
 62
    96
420
    32512
100
AcDbLine
 10
59.28768097631473
 20
91.88720346680577
 30
1.499999988389792
 11
59.28768097631473
 21
78.88720346680577
 31
1.499999988389792
  0
ARC
  5
517
102
{ACAD_REACTORS
330
749
102
}
330
1F
100
AcDbEntity
  8
默认
 62
    96
420
    32512
100
AcDbCircle
 10
150.2751809763145
 20
40.78720346680576
 30
1.499999988389792
 40
0.4999999999999573
100
AcDbArc
 50
179.9999999999951
 51
269.9999999999968
  0
LINE
  5
518
102
{ACAD_REACTORS
330
749
102
}
330
1F
100
AcDbEntity
  8
默认
 62
    96
420
    32512
100
AcDbLine
 10
150.2751809763149
 20
40.28720346680576
 30
1.499999988389792
 11
163.2751809763149
 21
40.28720346680598
 31
1.499999988389792
  0
ARC
  5
519
102
{ACAD_REACTORS
330
749
102
}
330
1F
100
AcDbEntity
  8
默认
 62
    96
420
    32512
100
AcDbCircle
 10
163.2751809763149
 20
40.78720346680576
 30
1.499999988389792
 40
0.4999999999998269
100
AcDbArc
 50
269.9999999999804
 51
0.0000000000203555
  0
LINE
  5
51A
102
{ACAD_REACTORS
330
749
102
}
330
1F
100
AcDbEntity
  8
默认
 62
    96
420
    32512
100
AcDbLine
 10
163.7751809763149
 20
40.78720346680598
 30
1.499999988389792
 11
163.7751809763149
 21
53.78720346680587
 31
1.499999988389792
  0
ARC
  5
51B
102
{ACAD_REACTORS
330
749
102
}
330
1F
100
AcDbEntity
  8
默认
 62
    96
420
    32512
100
AcDbCircle
 10
163.2751809763149
 20
53.78720346680587
 30
1.499999988389792
 40
0.5000000000000063
100
AcDbArc
 50
0.0000000000032569
 51
90.0
  0
LINE
  5
51C
102
{ACAD_REACTORS
330
749
102
}
330
1F
100
AcDbEntity
  8
默认
 62
    96
420
    32512
100
AcDbLine
 10
163.2751809763149
 20
54.28720346680587
 30
1.499999988389792
 11
150.2751809763149
 21
54.28720346680587
 31
1.499999988389792
  0
ARC
  5
51D
102
{ACAD_REACTORS
330
749
102
}
330
1F
100
AcDbEntity
  8
默认
 62
    96
420
    32512
100
AcDbCircle
 10
150.2751809763149
 20
53.78720346680576
 30
1.499999988389792
 40
0.500000000000137
100
AcDbArc
 50
90.00000000001629
 51
179.9999999999854
  0
LINE
  5
51E
102
{ACAD_REACTORS
330
749
102
}
330
1F
100
AcDbEntity
  8
默认
 62
    96
420
    32512
100
AcDbLine
 10
149.7751809763149
 20
53.78720346680587
 30
1.499999988389792
 11
149.7751809763145
 21
40.78720346680576
 31
1.499999988389792
  0
ARC
  5
51F
102
{ACAD_REACTORS
330
749
102
}
330
1F
100
AcDbEntity
  8
默认
 62
    96
420
    32512
100
AcDbCircle
 10
74.07518097631464
 20
40.78720346680576
 30
1.499999988389792
 40
0.4999999999999321
100
AcDbArc
 50
179.9999999999919
 51
270.0000000000081
  0
LINE
  5
520
102
{ACAD_REACTORS
330
749
102
}
330
1F
100
AcDbEntity
  8
默认
 62
    96
420
    32512
100
AcDbLine
 10
74.07518097631464
 20
40.28720346680576
 30
1.499999988389792
 11
87.07518097631464
 21
40.28720346680576
 31
1.499999988389792
  0
ARC
  5
521
102
{ACAD_REACTORS
330
749
102
}
330
1F
100
AcDbEntity
  8
默认
 62
    96
420
    32512
100
AcDbCircle
 10
87.07518097631464
 20
40.78720346680576
 30
1.499999988389792
 40
0.4999999999999122
100
AcDbArc
 50
269.9999999999902
 51
0.0000000000105849
  0
LINE
  5
522
102
{ACAD_REACTORS
330
749
102
}
330
1F
100
AcDbEntity
  8
默认
 62
    96
420
    32512
100
AcDbLine
 10
87.57518097631464
 20
40.78720346680576
 30
1.499999988389792
 11
87.57518097631464
 21
53.78720346680587
 31
1.499999988389792
  0
ARC
  5
523
102
{ACAD_REACTORS
330
749
102
}
330
1F
100
AcDbEntity
  8
默认
 62
    96
420
    32512
100
AcDbCircle
 10
87.07518097631464
 20
53.78720346680587
 30
1.499999988389792
 40
0.5000000000000498
100
AcDbArc
 50
0.0000000000065138
 51
89.99999999999349
  0
LINE
  5
524
102
{ACAD_REACTORS
330
749
102
}
330
1F
100
AcDbEntity
  8
默认
 62
    96
420
    32512
100
AcDbLine
 10
87.07518097631464
 20
54.28720346680587
 30
1.499999988389792
 11
74.07518097631464
 21
54.28720346680587
 31
1.499999988389792
  0
ARC
  5
525
102
{ACAD_REACTORS
330
749
102
}
330
1F
100
AcDbEntity
  8
默认
 62
    96
420
    32512
100
AcDbCircle
 10
74.07518097631464
 20
53.78720346680576
 30
1.499999988389792
 40
0.5000000000000983
100
AcDbArc
 50
90.00000000000813
 51
179.9999999999886
  0
LINE
  5
526
102
{ACAD_REACTORS
330
749
102
}
330
1F
100
AcDbEntity
  8
默认
 62
    96
420
    32512
100
AcDbLine
 10
73.57518097631464
 20
53.78720346680587
 30
1.499999988389792
 11
73.57518097631464
 21
40.78720346680598
 31
1.499999988389792
  0
ARC
  5
527
102
{ACAD_REACTORS
330
749
102
}
330
1F
100
AcDbEntity
  8
默认
 62
    96
420
    32512
100
AcDbCircle
 10
35.97518097631473
 20
40.78720346680576
 30
1.499999988389792
 40
0.4999999999999899
100
AcDbArc
 50
179.9999999999992
 51
270.0
  0
LINE
  5
528
102
{ACAD_REACTORS
330
749
102
}
330
1F
100
AcDbEntity
  8
默认
 62
    96
420
    32512
100
AcDbLine
 10
35.97518097631473
 20
40.28720346680576
 30
1.499999988389792
 11
48.97518097631473
 21
40.28720346680576
 31
1.499999988389792
  0
ARC
  5
529
102
{ACAD_REACTORS
330
749
102
}
330
1F
100
AcDbEntity
  8
默认
 62
    96
420
    32512
100
AcDbCircle
 10
48.97518097631473
 20
40.78720346680576
 30
1.499999988389792
 40
0.4999999999998812
100
AcDbArc
 50
269.999999999987
 51
0.0000000000130276
  0
LINE
  5
52A
102
{ACAD_REACTORS
330
749
102
}
330
1F
100
AcDbEntity
  8
默认
 62
    96
420
    32512
100
AcDbLine
 10
49.47518097631473
 20
40.78720346680576
 30
1.499999988389792
 11
49.47518097631473
 21
53.78720346680587
 31
1.499999988389792
  0
ARC
  5
52B
102
{ACAD_REACTORS
330
749
102
}
330
1F
100
AcDbEntity
  8
默认
 62
    96
420
    32512
100
AcDbCircle
 10
48.97518097631473
 20
53.78720346680587
 30
1.499999988389792
 40
0.5000000000000498
100
AcDbArc
 50
0.0000000000065138
 51
89.99999999999349
  0
LINE
  5
52C
102
{ACAD_REACTORS
330
749
102
}
330
1F
100
AcDbEntity
  8
默认
 62
    96
420
    32512
100
AcDbLine
 10
48.97518097631473
 20
54.28720346680587
 30
1.499999988389792
 11
35.97518097631473
 21
54.28720346680587
 31
1.499999988389792
  0
ARC
  5
52D
102
{ACAD_REACTORS
330
749
102
}
330
1F
100
AcDbEntity
  8
默认
 62
    96
420
    32512
100
AcDbCircle
 10
35.97518097631473
 20
53.78720346680576
 30
1.499999988389792
 40
0.5000000000000995
100
AcDbArc
 50
90.0000000000114
 51
179.9999999999886
  0
LINE
  5
52E
102
{ACAD_REACTORS
330
749
102
}
330
1F
100
AcDbEntity
  8
默认
 62
    96
420
    32512
100
AcDbLine
 10
35.47518097631473
 20
53.78720346680587
 30
1.499999988389792
 11
35.47518097631473
 21
40.78720346680576
 31
1.499999988389792
  0
ARC
  5
52F
102
{ACAD_REACTORS
330
749
102
}
330
1F
100
AcDbEntity
  8
默认
 62
    96
420
    32512
100
AcDbCircle
 10
131.2251809763147
 20
40.78720346680598
 30
1.499999988389792
 40
0.5000000000000407
100
AcDbArc
 50
180.0000000000049
 51
269.9999999999935
  0
LINE
  5
530
102
{ACAD_REACTORS
330
749
102
}
330
1F
100
AcDbEntity
  8
默认
 62
    96
420
    32512
100
AcDbLine
 10
131.2251809763147
 20
40.28720346680598
 30
1.499999988389792
 11
144.2251809763147
 21
40.28720346680576
 31
1.499999988389792
  0
ARC
  5
531
102
{ACAD_REACTORS
330
749
102
}
330
1F
100
AcDbEntity
  8
默认
 62
    96
420
    32512
100
AcDbCircle
 10
144.2251809763147
 20
40.78720346680576
 30
1.499999988389792
 40
0.4999999999998578
100
AcDbArc
 50
269.9999999999837
 51
0.0000000000162844
  0
LINE
  5
532
102
{ACAD_REACTORS
330
749
102
}
330
1F
100
AcDbEntity
  8
默认
 62
    96
420
    32512
100
AcDbLine
 10
144.7251809763147
 20
40.78720346680576
 30
1.499999988389792
 11
144.7251809763147
 21
53.78720346680587
 31
1.499999988389792
  0
ARC
  5
533
102
{ACAD_REACTORS
330
749
102
}
330
1F
100
AcDbEntity
  8
默认
 62
    96
420
    32512
100
AcDbCircle
 10
144.2251809763147
 20
53.78720346680587
 30
1.499999988389792
 40
0.5000000000000063
100
AcDbArc
 50
0.0000000000032569
 51
90.0
  0
LINE
  5
534
102
{ACAD_REACTORS
330
749
102
}
330
1F
100
AcDbEntity
  8
默认
 62
    96
420
    32512
100
AcDbLine
 10
144.2251809763147
 20
54.28720346680587
 30
1.499999988389792
 11
131.2251809763147
 21
54.28720346680587
 31
1.499999988389792
  0
ARC
  5
535
102
{ACAD_REACTORS
330
749
102
}
330
1F
100
AcDbEntity
  8
默认
 62
    96
420
    32512
100
AcDbCircle
 10
131.2251809763147
 20
53.78720346680576
 30
1.499999988389792
 40
0.5000000000001331
100
AcDbArc
 50
90.00000000001629
 51
179.9999999999837
  0
POLYLINE
  5
536
102
{ACAD_REACTORS
330
749
102
}
330
1F
100
AcDbEntity
  8
默认
 62
    96
420
    32512
100
AcDb2dPolyline
 66
     1
 10
0.0
 20
0.0
 30
1.499999988389792
  0
VERTEX
  5
537
330
536
100
AcDbEntity
  8
默认
 62
    96
420
    32512
100
AcDbVertex
100
AcDb2dVertex
 10
130.7251809763147
 20
53.78720346680598
 30
1.499999988389792
  0
VERTEX
  5
538
330
536
100
AcDbEntity
  8
默认
 62
    96
420
    32512
100
AcDbVertex
100
AcDb2dVertex
 10
130.7251809763147
 20
50.28579583184547
 30
1.499999988389792
  0
VERTEX
  5
539
330
536
100
AcDbEntity
  8
默认
 62
    96
420
    32512
100
AcDbVertex
100
AcDb2dVertex
 10
125.6751809763146
 20
50.28579583184592
 30
1.499999988389792
  0
VERTEX
  5
53A
330
536
100
AcDbEntity
  8
默认
 62
    96
420
    32512
100
AcDbVertex
100
AcDb2dVertex
 10
125.6751809763146
 20
53.78720346680587
 30
1.499999988389792
  0
SEQEND
  5
53B
330
536
100
AcDbEntity
  8
默认
 62
    96
420
    32512
  0
ARC
  5
53C
102
{ACAD_REACTORS
330
749
102
}
330
1F
100
AcDbEntity
  8
默认
 62
    96
420
    32512
100
AcDbCircle
 10
125.1751809763146
 20
53.78720346680587
 30
1.499999988389792
 40
0.5000000000000075
100
AcDbArc
 50
0.0000000000032569
 51
90.0
  0
LINE
  5
53D
102
{ACAD_REACTORS
330
749
102
}
330
1F
100
AcDbEntity
  8
默认
 62
    96
420
    32512
100
AcDbLine
 10
125.1751809763146
 20
54.28720346680587
 30
1.499999988389792
 11
112.1751809763146
 21
54.28720346680587
 31
1.499999988389792
  0
ARC
  5
53E
102
{ACAD_REACTORS
330
749
102
}
330
1F
100
AcDbEntity
  8
默认
 62
    96
420
    32512
100
AcDbCircle
 10
112.1751809763146
 20
53.78720346680576
 30
1.499999988389792
 40
0.500000000000081
100
AcDbArc
 50
90.00000000000978
 51
179.9999999999919
  0
LINE
  5
53F
102
{ACAD_REACTORS
330
749
102
}
330
1F
100
AcDbEntity
  8
默认
 62
    96
420
    32512
100
AcDbLine
 10
111.6751809763146
 20
53.78720346680576
 30
1.499999988389792
 11
111.6751809763146
 21
40.78720346680576
 31
1.499999988389792
  0
ARC
  5
540
102
{ACAD_REACTORS
330
749
102
}
330
1F
100
AcDbEntity
  8
默认
 62
    96
420
    32512
100
AcDbCircle
 10
112.1751809763146
 20
40.78720346680576
 30
1.499999988389792
 40
0.5000000000000258
100
AcDbArc
 50
179.9999999999992
 51
269.9999999999984
  0
LINE
  5
541
102
{ACAD_REACTORS
330
749
102
}
330
1F
100
AcDbEntity
  8
默认
 62
    96
420
    32512
100
AcDbLine
 10
112.1751809763146
 20
40.28720346680576
 30
1.499999988389792
 11
125.1751809763146
 21
40.28720346680576
 31
1.499999988389792
  0
ARC
  5
542
102
{ACAD_REACTORS
330
749
102
}
330
1F
100
AcDbEntity
  8
默认
 62
    96
420
    32512
100
AcDbCircle
 10
125.1751809763146
 20
40.78720346680576
 30
1.499999988389792
 40
0.499999999999913
100
AcDbArc
 50
269.9999999999968
 51
0.0000000000097707
  0
POLYLINE
  5
543
102
{ACAD_REACTORS
330
749
102
}
330
1F
100
AcDbEntity
  8
默认
 62
    96
420
    32512
100
AcDb2dPolyline
 66
     1
 10
0.0
 20
0.0
 30
1.499999988389792
  0
VERTEX
  5
544
330
543
100
AcDbEntity
  8
默认
 62
    96
420
    32512
100
AcDbVertex
100
AcDb2dVertex
 10
125.6751809763146
 20
40.78720346680576
 30
1.499999988389792
  0
VERTEX
  5
545
330
543
100
AcDbEntity
  8
默认
 62
    96
420
    32512
100
AcDbVertex
100
AcDb2dVertex
 10
125.6751809763146
 20
44.28579583184547
 30
1.499999988389792
  0
VERTEX
  5
546
330
543
100
AcDbEntity
  8
默认
 62
    96
420
    32512
100
AcDbVertex
100
AcDb2dVertex
 10
130.7251809763147
 20
44.28579583184547
 30
1.499999988389792
  0
VERTEX
  5
547
330
543
100
AcDbEntity
  8
默认
 62
    96
420
    32512
100
AcDbVertex
100
AcDb2dVertex
 10
130.7251809763147
 20
40.78720346680598
 30
1.499999988389792
  0
SEQEND
  5
548
330
543
100
AcDbEntity
  8
默认
 62
    96
420
    32512
  0
ARC
  5
549
102
{ACAD_REACTORS
330
749
102
}
330
1F
100
AcDbEntity
  8
默认
 62
    96
420
    32512
100
AcDbCircle
 10
126.4626809763145
 20
59.83720346680582
 30
1.499999988389792
 40
0.499999999999929
100
AcDbArc
 50
179.9999999999919
 51
270.0000000000065
  0
LINE
  5
54A
102
{ACAD_REACTORS
330
749
102
}
330
1F
100
AcDbEntity
  8
默认
 62
    96
420
    32512
100
AcDbLine
 10
126.4626809763149
 20
59.33720346680582
 30
1.499999988389792
 11
139.4626809763149
 21
59.33720346680582
 31
1.499999988389792
  0
ARC
  5
54B
102
{ACAD_REACTORS
330
749
102
}
330
1F
100
AcDbEntity
  8
默认
 62
    96
420
    32512
100
AcDbCircle
 10
139.4626809763149
 20
59.83720346680571
 30
1.499999988389792
 40
0.4999999999998587
100
AcDbArc
 50
269.9999999999804
 51
0.0000000000162844
  0
LINE
  5
54C
102
{ACAD_REACTORS
330
749
102
}
330
1F
100
AcDbEntity
  8
默认
 62
    96
420
    32512
100
AcDbLine
 10
139.9626809763149
 20
59.83720346680582
 30
1.499999988389792
 11
139.9626809763149
 21
72.83720346680593
 31
1.499999988389792
  0
ARC
  5
54D
102
{ACAD_REACTORS
330
749
102
}
330
1F
100
AcDbEntity
  8
默认
 62
    96
420
    32512
100
AcDbCircle
 10
139.4626809763149
 20
72.83720346680593
 30
1.499999988389792
 40
0.4999999999999716
100
AcDbArc
 50
359.9999999999968
 51
90.00000000000325
  0
LINE
  5
54E
102
{ACAD_REACTORS
330
749
102
}
330
1F
100
AcDbEntity
  8
默认
 62
    96
420
    32512
100
AcDbLine
 10
139.4626809763149
 20
73.33720346680593
 30
1.499999988389792
 11
126.4626809763149
 21
73.33720346680582
 31
1.499999988389792
  0
ARC
  5
54F
102
{ACAD_REACTORS
330
749
102
}
330
1F
100
AcDbEntity
  8
默认
 62
    96
420
    32512
100
AcDbCircle
 10
126.4626809763149
 20
72.83720346680582
 30
1.499999988389792
 40
0.5000000000000469
100
AcDbArc
 50
90.00000000000978
 51
179.9999999999935
  0
LINE
  5
550
102
{ACAD_REACTORS
330
749
102
}
330
1F
100
AcDbEntity
  8
默认
 62
    96
420
    32512
100
AcDbLine
 10
125.9626809763149
 20
72.83720346680582
 30
1.499999988389792
 11
125.9626809763145
 21
59.83720346680594
 31
1.499999988389792
  0
ARC
  5
551
102
{ACAD_REACTORS
330
749
102
}
330
1F
100
AcDbEntity
  8
默认
 62
    96
420
    32512
100
AcDbCircle
 10
50.26268097631464
 20
59.83720346680571
 30
1.499999988389792
 40
0.4999999999998864
100
AcDbArc
 50
179.999999999987
 51
270.000000000013
  0
LINE
  5
552
102
{ACAD_REACTORS
330
749
102
}
330
1F
100
AcDbEntity
  8
默认
 62
    96
420
    32512
100
AcDbLine
 10
50.26268097631464
 20
59.33720346680582
 30
1.499999988389792
 11
63.26268097631464
 21
59.33720346680582
 31
1.499999988389792
  0
ARC
  5
553
102
{ACAD_REACTORS
330
749
102
}
330
1F
100
AcDbEntity
  8
默认
 62
    96
420
    32512
100
AcDbCircle
 10
63.26268097631464
 20
59.83720346680571
 30
1.499999988389792
 40
0.4999999999999006
100
AcDbArc
 50
269.9999999999886
 51
0.0000000000113991
  0
LINE
  5
554
102
{ACAD_REACTORS
330
749
102
}
330
1F
100
AcDbEntity
  8
默认
 62
    96
420
    32512
100
AcDbLine
 10
63.76268097631464
 20
59.83720346680582
 30
1.499999988389792
 11
63.76268097631464
 21
72.83720346680582
 31
1.499999988389792
  0
ARC
  5
555
102
{ACAD_REACTORS
330
749
102
}
330
1F
100
AcDbEntity
  8
默认
 62
    96
420
    32512
100
AcDbCircle
 10
63.26268097631464
 20
72.83720346680582
 30
1.499999988389792
 40
0.5000000000000171
100
AcDbArc
 50
0.0
 51
89.99999999999837
  0
LINE
  5
556
102
{ACAD_REACTORS
330
749
102
}
330
1F
100
AcDbEntity
  8
默认
 62
    96
420
    32512
100
AcDbLine
 10
63.26268097631464
 20
73.33720346680582
 30
1.499999988389792
 11
50.26268097631464
 21
73.33720346680582
 31
1.499999988389792
  0
ARC
  5
557
102
{ACAD_REACTORS
330
749
102
}
330
1F
100
AcDbEntity
  8
默认
 62
    96
420
    32512
100
AcDbCircle
 10
50.26268097631464
 20
72.83720346680582
 30
1.499999988389792
 40
0.5000000000000171
100
AcDbArc
 50
90.0
 51
179.9999999999984
  0
LINE
  5
558
102
{ACAD_REACTORS
330
749
102
}
330
1F
100
AcDbEntity
  8
默认
 62
    96
420
    32512
100
AcDbLine
 10
49.76268097631464
 20
72.83720346680582
 30
1.499999988389792
 11
49.76268097631464
 21
59.83720346680582
 31
1.499999988389792
  0
ARC
  5
559
102
{ACAD_REACTORS
330
749
102
}
330
1F
100
AcDbEntity
  8
默认
 62
    96
420
    32512
100
AcDbCircle
 10
93.12518097631482
 20
40.78720346680576
 30
1.499999988389792
 40
0.4999999999999624
100
AcDbArc
 50
179.9999999999959
 51
270.0000000000016
  0
LINE
  5
55A
102
{ACAD_REACTORS
330
749
102
}
330
1F
100
AcDbEntity
  8
默认
 62
    96
420
    32512
100
AcDbLine
 10
93.12518097631482
 20
40.28720346680576
 30
1.499999988389792
 11
106.1251809763148
 21
40.28720346680598
 31
1.499999988389792
  0
ARC
  5
55B
102
{ACAD_REACTORS
330
749
102
}
330
1F
100
AcDbEntity
  8
默认
 62
    96
420
    32512
100
AcDbCircle
 10
106.1251809763148
 20
40.78720346680576
 30
1.499999988389792
 40
0.4999999999999424
100
AcDbArc
 50
269.9999999999935
 51
0.0000000000065138
  0
LINE
  5
55C
102
{ACAD_REACTORS
330
749
102
}
330
1F
100
AcDbEntity
  8
默认
 62
    96
420
    32512
100
AcDbLine
 10
106.6251809763148
 20
40.78720346680598
 30
1.499999988389792
 11
106.6251809763148
 21
53.78720346680587
 31
1.499999988389792
  0
ARC
  5
55D
102
{ACAD_REACTORS
330
749
102
}
330
1F
100
AcDbEntity
  8
默认
 62
    96
420
    32512
100
AcDbCircle
 10
106.1251809763144
 20
53.78720346680587
 30
1.499999988389792
 40
0.500000000000073
100
AcDbArc
 50
0.0000000000048853
 51
89.99999999999349
  0
LINE
  5
55E
102
{ACAD_REACTORS
330
749
102
}
330
1F
100
AcDbEntity
  8
默认
 62
    96
420
    32512
100
AcDbLine
 10
106.1251809763144
 20
54.28720346680598
 30
1.499999988389792
 11
93.12518097631482
 21
54.28720346680598
 31
1.499999988389792
  0
ARC
  5
55F
102
{ACAD_REACTORS
330
749
102
}
330
1F
100
AcDbEntity
  8
默认
 62
    96
420
    32512
100
AcDbCircle
 10
93.12518097631482
 20
53.78720346680587
 30
1.499999988389792
 40
0.500000000000072
100
AcDbArc
 50
90.00000000000487
 51
179.9999999999919
  0
LINE
  5
560
102
{ACAD_REACTORS
330
749
102
}
330
1F
100
AcDbEntity
  8
默认
 62
    96
420
    32512
100
AcDbLine
 10
92.62518097631482
 20
53.78720346680598
 30
1.499999988389792
 11
92.62518097631482
 21
40.78720346680576
 31
1.499999988389792
  0
ARC
  5
561
102
{ACAD_REACTORS
330
749
102
}
330
1F
100
AcDbEntity
  8
默认
 62
    96
420
    32512
100
AcDbCircle
 10
2.637680976314641
 20
78.88720346680577
 30
1.499999988389792
 40
0.4999999999999946
100
AcDbArc
 50
180.0
 51
270.0000000000007
  0
LINE
  5
562
102
{ACAD_REACTORS
330
749
102
}
330
1F
100
AcDbEntity
  8
默认
 62
    96
420
    32512
100
AcDbLine
 10
2.637680976314641
 20
78.38720346680577
 30
1.499999988389792
 11
15.63768097631464
 21
78.38720346680577
 31
1.499999988389792
  0
ARC
  5
563
102
{ACAD_REACTORS
330
749
102
}
330
1F
100
AcDbEntity
  8
默认
 62
    96
420
    32512
100
AcDbCircle
 10
15.63768097631464
 20
78.88720346680577
 30
1.499999988389792
 40
0.4999999999999393
100
AcDbArc
 50
269.9999999999943
 51
0.0000000000081422
  0
LINE
  5
564
102
{ACAD_REACTORS
330
749
102
}
330
1F
100
AcDbEntity
  8
默认
 62
    96
420
    32512
100
AcDbLine
 10
16.13768097631464
 20
78.88720346680589
 30
1.499999988389792
 11
16.13768097631464
 21
91.88720346680577
 31
1.499999988389792
  0
ARC
  5
565
102
{ACAD_REACTORS
330
749
102
}
330
1F
100
AcDbEntity
  8
默认
 62
    96
420
    32512
100
AcDbCircle
 10
15.63768097631464
 20
91.88720346680589
 30
1.499999988389792
 40
0.4999999999999122
100
AcDbArc
 50
359.9999999999902
 51
90.00000000001059
  0
LINE
  5
566
102
{ACAD_REACTORS
330
749
102
}
330
1F
100
AcDbEntity
  8
默认
 62
    96
420
    32512
100
AcDbLine
 10
15.63768097631464
 20
92.38720346680577
 30
1.499999988389792
 11
2.637680976314641
 21
92.38720346680577
 31
1.499999988389792
  0
ARC
  5
567
102
{ACAD_REACTORS
330
749
102
}
330
1F
100
AcDbEntity
  8
默认
 62
    96
420
    32512
100
AcDbCircle
 10
2.637680976314641
 20
91.88720346680589
 30
1.499999988389792
 40
0.499999999999925
100
AcDbArc
 50
89.99999999999268
 51
180.0000000000114
  0
LINE
  5
568
102
{ACAD_REACTORS
330
749
102
}
330
1F
100
AcDbEntity
  8
默认
 62
    96
420
    32512
100
AcDbLine
 10
2.137680976314641
 20
91.88720346680589
 30
1.499999988389792
 11
2.137680976314641
 21
78.88720346680577
 31
1.499999988389792
  0
LINE
  5
569
102
{ACAD_REACTORS
330
749
102
}
330
1F
100
AcDbEntity
  8
默认
 62
    96
420
    32512
100
AcDbLine
 10
240.2626809763146
 20
15.68720346680585
 30
1.499999988389792
 11
240.2626809763146
 21
2.687203466805848
 31
1.499999988389792
  0
ARC
  5
56A
102
{ACAD_REACTORS
330
749
102
}
330
1F
100
AcDbEntity
  8
默认
 62
    96
420
    32512
100
AcDbCircle
 10
240.7626809763146
 20
2.687203466805848
 30
1.499999988389792
 40
0.5000000000001094
100
AcDbArc
 50
180.0000000000166
 51
269.9999999999935
  0
LINE
  5
56B
102
{ACAD_REACTORS
330
749
102
}
330
1F
100
AcDbEntity
  8
默认
 62
    96
420
    32512
100
AcDbLine
 10
240.7626809763146
 20
2.187203466805848
 30
1.499999988389792
 11
256.1439309763146
 21
2.187203466805848
 31
1.499999988389792
  0
ARC
  5
56C
102
{ACAD_REACTORS
330
749
102
}
330
1F
100
AcDbEntity
  8
默认
 62
    96
420
    32512
100
AcDbCircle
 10
256.1439309763146
 20
2.687203466805848
 30
1.499999988389792
 40
0.5000000000001817
100
AcDbArc
 50
270.0000000000196
 51
359.9999999999793
  0
LINE
  5
56D
102
{ACAD_REACTORS
330
749
102
}
330
1F
100
AcDbEntity
  8
默认
 62
    96
420
    32512
100
AcDbLine
 10
256.6439309763146
 20
2.687203466805848
 30
1.499999988389792
 11
256.6439309763146
 21
15.68720346680585
 31
1.499999988389792
  0
ARC
  5
56E
102
{ACAD_REACTORS
330
749
102
}
330
1F
100
AcDbEntity
  8
默认
 62
    96
420
    32512
100
AcDbCircle
 10
256.1439309763146
 20
15.68720346680585
 30
1.499999988389792
 40
0.5000000000000538
100
AcDbArc
 50
0.0000000000081422
 51
89.99999999999349
  0
LINE
  5
56F
102
{ACAD_REACTORS
330
749
102
}
330
1F
100
AcDbEntity
  8
默认
 62
    96
420
    32512
100
AcDbLine
 10
256.1439309763146
 20
16.18720346680585
 30
1.499999988389792
 11
240.7626809763146
 21
16.18720346680585
 31
1.499999988389792
  0
ARC
  5
570
102
{ACAD_REACTORS
330
749
102
}
330
1F
100
AcDbEntity
  8
默认
 62
    96
420
    32512
100
AcDbCircle
 10
240.7626809763146
 20
15.68720346680585
 30
1.499999988389792
 40
0.5000000000000309
100
AcDbArc
 50
90.00000000000651
 51
179.9999999999959
  0
ARC
  5
571
102
{ACAD_REACTORS
330
749
102
}
330
1F
100
AcDbEntity
  8
默认
 62
    96
420
    32512
100
AcDbCircle
 10
107.4126809763147
 20
59.83720346680582
 30
1.499999988389792
 40
0.4999999999999716
100
AcDbArc
 50
179.9999999999967
 51
270.0000000000032
  0
LINE
  5
572
102
{ACAD_REACTORS
330
749
102
}
330
1F
100
AcDbEntity
  8
默认
 62
    96
420
    32512
100
AcDbLine
 10
107.4126809763147
 20
59.33720346680582
 30
1.499999988389792
 11
120.4126809763147
 21
59.33720346680582
 31
1.499999988389792
  0
ARC
  5
573
102
{ACAD_REACTORS
330
749
102
}
330
1F
100
AcDbEntity
  8
默认
 62
    96
420
    32512
100
AcDbCircle
 10
120.4126809763147
 20
59.83720346680582
 30
1.499999988389792
 40
0.4999999999999249
100
AcDbArc
 50
269.999999999987
 51
0.0000000000097707
  0
LINE
  5
574
102
{ACAD_REACTORS
330
749
102
}
330
1F
100
AcDbEntity
  8
默认
 62
    96
420
    32512
100
AcDbLine
 10
120.9126809763147
 20
59.83720346680594
 30
1.499999988389792
 11
120.9126809763147
 21
72.83720346680582
 31
1.499999988389792
  0
ARC
  5
575
102
{ACAD_REACTORS
330
749
102
}
330
1F
100
AcDbEntity
  8
默认
 62
    96
420
    32512
100
AcDbCircle
 10
120.4126809763147
 20
72.83720346680582
 30
1.499999988389792
 40
0.500000000000063
100
AcDbArc
 50
0.0000000000032569
 51
89.99999999999349
  0
LINE
  5
576
102
{ACAD_REACTORS
330
749
102
}
330
1F
100
AcDbEntity
  8
默认
 62
    96
420
    32512
100
AcDbLine
 10
120.4126809763147
 20
73.33720346680593
 30
1.499999988389792
 11
107.4126809763147
 21
73.33720346680593
 31
1.499999988389792
  0
ARC
  5
577
102
{ACAD_REACTORS
330
749
102
}
330
1F
100
AcDbEntity
  8
默认
 62
    96
420
    32512
100
AcDbCircle
 10
107.4126809763147
 20
72.83720346680582
 30
1.499999988389792
 40
0.5000000000000577
100
AcDbArc
 50
90.00000000000651
 51
179.9999999999935
  0
LINE
  5
578
102
{ACAD_REACTORS
330
749
102
}
330
1F
100
AcDbEntity
  8
默认
 62
    96
420
    32512
100
AcDbLine
 10
106.9126809763147
 20
72.83720346680582
 30
1.499999988389792
 11
106.9126809763147
 21
59.83720346680582
 31
1.499999988389792
  0
ARC
  5
579
102
{ACAD_REACTORS
330
749
102
}
330
1F
100
AcDbEntity
  8
默认
 62
    96
420
    32512
100
AcDbCircle
 10
88.36268097631455
 20
59.83720346680582
 30
1.499999988389792
 40
0.499999999999924
100
AcDbArc
 50
179.9999999999919
 51
270.0000000000098
  0
LINE
  5
57A
102
{ACAD_REACTORS
330
749
102
}
330
1F
100
AcDbEntity
  8
默认
 62
    96
420
    32512
100
AcDbLine
 10
88.36268097631455
 20
59.33720346680594
 30
1.499999988389792
 11
101.3626809763146
 21
59.33720346680582
 31
1.499999988389792
  0
ARC
  5
57B
102
{ACAD_REACTORS
330
749
102
}
330
1F
100
AcDbEntity
  8
默认
 62
    96
420
    32512
100
AcDbCircle
 10
101.362680976315
 20
59.83720346680571
 30
1.499999988389792
 40
0.4999999999998587
100
AcDbArc
 50
269.9999999999804
 51
0.0000000000162844
  0
LINE
  5
57C
102
{ACAD_REACTORS
330
749
102
}
330
1F
100
AcDbEntity
  8
默认
 62
    96
420
    32512
100
AcDbLine
 10
101.862680976315
 20
59.83720346680582
 30
1.499999988389792
 11
101.8626809763146
 21
72.83720346680582
 31
1.499999988389792
  0
ARC
  5
57D
102
{ACAD_REACTORS
330
749
102
}
330
1F
100
AcDbEntity
  8
默认
 62
    96
420
    32512
100
AcDbCircle
 10
101.3626809763146
 20
72.83720346680593
 30
1.499999988389792
 40
0.4999999999999298
100
AcDbArc
 50
359.9999999999935
 51
90.00000000000651
  0
LINE
  5
57E
102
{ACAD_REACTORS
330
749
102
}
330
1F
100
AcDbEntity
  8
默认
 62
    96
420
    32512
100
AcDbLine
 10
101.3626809763146
 20
73.33720346680582
 30
1.499999988389792
 11
88.36268097631455
 21
73.33720346680582
 31
1.499999988389792
  0
ARC
  5
57F
102
{ACAD_REACTORS
330
749
102
}
330
1F
100
AcDbEntity
  8
默认
 62
    96
420
    32512
100
AcDbCircle
 10
88.36268097631455
 20
72.83720346680582
 30
1.499999988389792
 40
0.5000000000000328
100
AcDbArc
 50
90.00000000000487
 51
179.9999999999951
  0
LINE
  5
580
102
{ACAD_REACTORS
330
749
102
}
330
1F
100
AcDbEntity
  8
默认
 62
    96
420
    32512
100
AcDbLine
 10
87.86268097631455
 20
72.83720346680593
 30
1.499999988389792
 11
87.86268097631455
 21
59.83720346680594
 31
1.499999988389792
  0
ARC
  5
581
102
{ACAD_REACTORS
330
749
102
}
330
1F
100
AcDbEntity
  8
默认
 62
    96
420
    32512
100
AcDbCircle
 10
21.68768097631482
 20
78.88720346680577
 30
1.499999988389792
 40
0.5000000000000205
100
AcDbArc
 50
180.0000000000016
 51
269.9999999999976
  0
LINE
  5
582
102
{ACAD_REACTORS
330
749
102
}
330
1F
100
AcDbEntity
  8
默认
 62
    96
420
    32512
100
AcDbLine
 10
21.68768097631482
 20
78.38720346680577
 30
1.499999988389792
 11
34.68768097631482
 21
78.38720346680577
 31
1.499999988389792
  0
ARC
  5
583
102
{ACAD_REACTORS
330
749
102
}
330
1F
100
AcDbEntity
  8
默认
 62
    96
420
    32512
100
AcDbCircle
 10
34.68768097631482
 20
78.88720346680577
 30
1.499999988389792
 40
0.4999999999999766
100
AcDbArc
 50
269.9999999999951
 51
0.0000000000016284
  0
LINE
  5
584
102
{ACAD_REACTORS
330
749
102
}
330
1F
100
AcDbEntity
  8
默认
 62
    96
420
    32512
100
AcDbLine
 10
35.18768097631482
 20
78.88720346680577
 30
1.499999988389792
 11
35.18768097631482
 21
91.88720346680577
 31
1.499999988389792
  0
ARC
  5
585
102
{ACAD_REACTORS
330
749
102
}
330
1F
100
AcDbEntity
  8
默认
 62
    96
420
    32512
100
AcDbCircle
 10
34.68768097631482
 20
91.88720346680589
 30
1.499999988389792
 40
0.4999999999999148
100
AcDbArc
 50
359.9999999999902
 51
90.00000000000978
  0
LINE
  5
586
102
{ACAD_REACTORS
330
749
102
}
330
1F
100
AcDbEntity
  8
默认
 62
    96
420
    32512
100
AcDbLine
 10
34.68768097631482
 20
92.38720346680577
 30
1.499999988389792
 11
21.68768097631482
 21
92.38720346680577
 31
1.499999988389792
  0
ARC
  5
587
102
{ACAD_REACTORS
330
749
102
}
330
1F
100
AcDbEntity
  8
默认
 62
    96
420
    32512
100
AcDbCircle
 10
21.68768097631482
 20
91.88720346680577
 30
1.499999988389792
 40
0.5000000000000171
100
AcDbArc
 50
90.0
 51
179.9999999999984
  0
LINE
  5
588
102
{ACAD_REACTORS
330
749
102
}
330
1F
100
AcDbEntity
  8
默认
 62
    96
420
    32512
100
AcDbLine
 10
21.18768097631482
 20
91.88720346680577
 30
1.499999988389792
 11
21.18768097631482
 21
78.88720346680577
 31
1.499999988389792
  0
ARC
  5
589
102
{ACAD_REACTORS
330
749
102
}
330
1F
100
AcDbEntity
  8
默认
 62
    96
420
    32512
100
AcDbCircle
 10
121.7001809763146
 20
21.7372034668058
 30
1.499999988389792
 40
0.5000000000001382
100
AcDbArc
 50
180.0000000000155
 51
269.9999999999821
  0
LINE
  5
58A
102
{ACAD_REACTORS
330
749
102
}
330
1F
100
AcDbEntity
  8
默认
 62
    96
420
    32512
100
AcDbLine
 10
121.7001809763142
 20
21.23720346680557
 30
1.499999988389792
 11
134.7001809763146
 21
21.23720346680557
 31
1.499999988389792
  0
ARC
  5
58B
102
{ACAD_REACTORS
330
749
102
}
330
1F
100
AcDbEntity
  8
默认
 62
    96
420
    32512
100
AcDbCircle
 10
134.7001809763146
 20
21.7372034668058
 30
1.499999988389792
 40
0.500000000000071
100
AcDbArc
 50
270.0000000000065
 51
359.9999999999919
  0
LINE
  5
58C
102
{ACAD_REACTORS
330
749
102
}
330
1F
100
AcDbEntity
  8
默认
 62
    96
420
    32512
100
AcDbLine
 10
135.2001809763146
 20
21.7372034668058
 30
1.499999988389792
 11
135.2001809763146
 21
34.73720346680557
 31
1.499999988389792
  0
ARC
  5
58D
102
{ACAD_REACTORS
330
749
102
}
330
1F
100
AcDbEntity
  8
默认
 62
    96
420
    32512
100
AcDbCircle
 10
134.7001809763146
 20
34.73720346680603
 30
1.499999988389792
 40
0.4999999999997979
100
AcDbArc
 50
359.9999999999756
 51
90.00000000002281
  0
LINE
  5
58E
102
{ACAD_REACTORS
330
749
102
}
330
1F
100
AcDbEntity
  8
默认
 62
    96
420
    32512
100
AcDbLine
 10
134.7001809763142
 20
35.23720346680557
 30
1.499999988389792
 11
121.7001809763142
 21
35.23720346680557
 31
1.499999988389792
  0
ARC
  5
58F
102
{ACAD_REACTORS
330
749
102
}
330
1F
100
AcDbEntity
  8
默认
 62
    96
420
    32512
100
AcDbCircle
 10
121.7001809763142
 20
34.73720346680603
 30
1.499999988389792
 40
0.4999999999998011
100
AcDbArc
 50
89.99999999997719
 51
180.0000000000228
  0
LINE
  5
590
102
{ACAD_REACTORS
330
749
102
}
330
1F
100
AcDbEntity
  8
默认
 62
    96
420
    32512
100
AcDbLine
 10
121.2001809763146
 20
34.73720346680557
 30
1.499999988389792
 11
121.2001809763146
 21
21.73720346680557
 31
1.499999988389792
  0
ARC
  5
591
102
{ACAD_REACTORS
330
749
102
}
330
1F
100
AcDbEntity
  8
默认
 62
    96
420
    32512
100
AcDbCircle
 10
174.0876809763149
 20
78.88720346680589
 30
1.499999988389792
 40
0.5000000000000588
100
AcDbArc
 50
180.0000000000065
 51
269.9999999999935
  0
LINE
  5
592
102
{ACAD_REACTORS
330
749
102
}
330
1F
100
AcDbEntity
  8
默认
 62
    96
420
    32512
100
AcDbLine
 10
174.0876809763149
 20
78.38720346680577
 30
1.499999988389792
 11
187.0876809763149
 21
78.38720346680577
 31
1.499999988389792
  0
ARC
  5
593
102
{ACAD_REACTORS
330
749
102
}
330
1F
100
AcDbEntity
  8
默认
 62
    96
420
    32512
100
AcDbCircle
 10
187.0876809763149
 20
78.88720346680577
 30
1.499999988389792
 40
0.5
100
AcDbArc
 50
270.0
 51
0.0
  0
LINE
  5
594
102
{ACAD_REACTORS
330
749
102
}
330
1F
100
AcDbEntity
  8
默认
 62
    96
420
    32512
100
AcDbLine
 10
187.5876809763149
 20
78.88720346680577
 30
1.499999988389792
 11
187.5876809763149
 21
91.88720346680577
 31
1.499999988389792
  0
ARC
  5
595
102
{ACAD_REACTORS
330
749
102
}
330
1F
100
AcDbEntity
  8
默认
 62
    96
420
    32512
100
AcDbCircle
 10
187.0876809763149
 20
91.88720346680589
 30
1.499999988389792
 40
0.4999999999998915
100
AcDbArc
 50
359.9999999999853
 51
90.00000000000978
  0
LINE
  5
596
102
{ACAD_REACTORS
330
749
102
}
330
1F
100
AcDbEntity
  8
默认
 62
    96
420
    32512
100
AcDbLine
 10
187.0876809763149
 20
92.38720346680589
 30
1.499999988389792
 11
174.0876809763149
 21
92.38720346680577
 31
1.499999988389792
  0
ARC
  5
597
102
{ACAD_REACTORS
330
749
102
}
330
1F
100
AcDbEntity
  8
默认
 62
    96
420
    32512
100
AcDbCircle
 10
174.0876809763149
 20
91.88720346680577
 30
1.499999988389792
 40
0.4999999999999899
100
AcDbArc
 50
90.0
 51
180.0
  0
LINE
  5
598
102
{ACAD_REACTORS
330
749
102
}
330
1F
100
AcDbEntity
  8
默认
 62
    96
420
    32512
100
AcDbLine
 10
173.5876809763149
 20
91.88720346680577
 30
1.499999988389792
 11
173.5876809763149
 21
78.88720346680577
 31
1.499999988389792
  0
ARC
  5
599
102
{ACAD_REACTORS
330
749
102
}
330
1F
100
AcDbEntity
  8
默认
 62
    96
420
    32512
100
AcDbCircle
 10
221.7126809763145
 20
59.83720346680582
 30
1.499999988389792
 40
0.4999999999999491
100
AcDbArc
 50
179.9999999999935
 51
270.0000000000065
  0
LINE
  5
59A
102
{ACAD_REACTORS
330
749
102
}
330
1F
100
AcDbEntity
  8
默认
 62
    96
420
    32512
100
AcDbLine
 10
221.7126809763145
 20
59.33720346680582
 30
1.499999988389792
 11
234.7126809763149
 21
59.33720346680594
 31
1.499999988389792
  0
ARC
  5
59B
102
{ACAD_REACTORS
330
749
102
}
330
1F
100
AcDbEntity
  8
默认
 62
    96
420
    32512
100
AcDbCircle
 10
234.7126809763149
 20
59.83720346680571
 30
1.499999988389792
 40
0.4999999999998244
100
AcDbArc
 50
269.9999999999804
 51
0.0000000000211698
  0
LINE
  5
59C
102
{ACAD_REACTORS
330
749
102
}
330
1F
100
AcDbEntity
  8
默认
 62
    96
420
    32512
100
AcDbLine
 10
235.2126809763149
 20
59.83720346680582
 30
1.499999988389792
 11
235.2126809763149
 21
72.83720346680582
 31
1.499999988389792
  0
ARC
  5
59D
102
{ACAD_REACTORS
330
749
102
}
330
1F
100
AcDbEntity
  8
默认
 62
    96
420
    32512
100
AcDbCircle
 10
234.7126809763149
 20
72.83720346680593
 30
1.499999988389792
 40
0.4999999999998387
100
AcDbArc
 50
359.9999999999837
 51
90.00000000001303
  0
LINE
  5
59E
102
{ACAD_REACTORS
330
749
102
}
330
1F
100
AcDbEntity
  8
默认
 62
    96
420
    32512
100
AcDbLine
 10
234.7126809763145
 20
73.33720346680582
 30
1.499999988389792
 11
221.7126809763149
 21
73.33720346680582
 31
1.499999988389792
  0
ARC
  5
59F
102
{ACAD_REACTORS
330
749
102
}
330
1F
100
AcDbEntity
  8
默认
 62
    96
420
    32512
100
AcDbCircle
 10
221.7126809763149
 20
72.83720346680582
 30
1.499999988389792
 40
0.50000000000001
100
AcDbArc
 50
90.0
 51
180.0
  0
LINE
  5
5A0
102
{ACAD_REACTORS
330
749
102
}
330
1F
100
AcDbEntity
  8
默认
 62
    96
420
    32512
100
AcDbLine
 10
221.2126809763149
 20
72.83720346680582
 30
1.499999988389792
 11
221.2126809763145
 21
59.83720346680594
 31
1.499999988389792
  0
ARC
  5
5A1
102
{ACAD_REACTORS
330
749
102
}
330
1F
100
AcDbEntity
  8
默认
 62
    96
420
    32512
100
AcDbCircle
 10
244.2451903739743
 20
19.73720346680603
 30
1.499999988389792
 40
0.5000000000001635
100
AcDbArc
 50
180.0000000000171
 51
269.9999999999804
  0
LINE
  5
5A2
102
{ACAD_REACTORS
330
749
102
}
330
1F
100
AcDbEntity
  8
默认
 62
    96
420
    32512
100
AcDbLine
 10
244.2451903739739
 20
19.2372034668058
 30
1.499999988389792
 11
250.2451903739743
 21
19.23720346680557
 31
1.499999988389792
  0
ARC
  5
5A3
102
{ACAD_REACTORS
330
749
102
}
330
1F
100
AcDbEntity
  8
默认
 62
    96
420
    32512
100
AcDbCircle
 10
250.2451903739743
 20
19.73720346680557
 30
1.499999988389792
 40
0.4999999999999791
100
AcDbArc
 50
270.0
 51
0.0000000000024427
  0
POLYLINE
  5
5A4
102
{ACAD_REACTORS
330
749
102
}
330
1F
100
AcDbEntity
  8
默认
 62
    96
420
    32512
100
AcDb2dPolyline
 66
     1
 10
0.0
 20
0.0
 30
1.499999988389792
  0
VERTEX
  5
5A5
330
5A4
100
AcDbEntity
  8
默认
 62
    96
420
    32512
100
AcDbVertex
100
AcDb2dVertex
 10
250.7451903739743
 20
19.73720346680557
 30
1.499999988389792
  0
VERTEX
  5
5A6
330
5A4
100
AcDbEntity
  8
默认
 62
    96
420
    32512
100
AcDbVertex
100
AcDb2dVertex
 10
250.7451903739743
 20
21.23720346680557
 30
1.499999988389792
  0
VERTEX
  5
5A7
330
5A4
100
AcDbEntity
  8
默认
 62
    96
420
    32512
100
AcDbVertex
100
AcDb2dVertex
 10
265.6831903739744
 20
21.23720346680557
 30
1.499999988389792
  0
SEQEND
  5
5A8
330
5A4
100
AcDbEntity
  8
默认
 62
    96
420
    32512
  0
ARC
  5
5A9
102
{ACAD_REACTORS
330
749
102
}
330
1F
100
AcDbEntity
  8
默认
 62
    96
420
    32512
100
AcDbCircle
 10
265.683190373974
 20
21.7372034668058
 30
1.499999988389792
 40
0.5000000000001243
100
AcDbArc
 50
270.0000000000326
 51
359.9999999999862
  0
LINE
  5
5AA
102
{ACAD_REACTORS
330
749
102
}
330
1F
100
AcDbEntity
  8
默认
 62
    96
420
    32512
100
AcDbLine
 10
266.183190373974
 20
21.73720346680557
 30
1.499999988389792
 11
266.183190373974
 21
34.73720346680603
 31
1.499999988389792
  0
ARC
  5
5AB
102
{ACAD_REACTORS
330
749
102
}
330
1F
100
AcDbEntity
  8
默认
 62
    96
420
    32512
100
AcDbCircle
 10
265.6831903739744
 20
34.73720346680603
 30
1.499999988389792
 40
0.4999999999996514
100
AcDbArc
 50
359.9999999999894
 51
90.00000000001954
  0
LINE
  5
5AC
102
{ACAD_REACTORS
330
749
102
}
330
1F
100
AcDbEntity
  8
默认
 62
    96
420
    32512
100
AcDbLine
 10
265.683190373974
 20
35.23720346680557
 30
1.499999988389792
 11
243.1581903739743
 21
35.23720346680557
 31
1.499999988389792
  0
ARC
  5
5AD
102
{ACAD_REACTORS
330
749
102
}
330
1F
100
AcDbEntity
  8
默认
 62
    96
420
    32512
100
AcDbCircle
 10
243.1581903739739
 20
34.73720346680603
 30
1.499999988389792
 40
0.4999999999996508
100
AcDbArc
 50
89.99999999996744
 51
180.0000000000138
  0
LINE
  5
5AE
102
{ACAD_REACTORS
330
749
102
}
330
1F
100
AcDbEntity
  8
默认
 62
    96
420
    32512
100
AcDbLine
 10
242.6581903739743
 20
34.7372034668058
 30
1.499999988389792
 11
242.6581903739743
 21
21.73720346680557
 31
1.499999988389792
  0
ARC
  5
5AF
102
{ACAD_REACTORS
330
749
102
}
330
1F
100
AcDbEntity
  8
默认
 62
    96
420
    32512
100
AcDbCircle
 10
243.1581903739743
 20
21.73720346680557
 30
1.499999988389792
 40
0.5000000000000459
100
AcDbArc
 50
180.0000000000032
 51
270.0
  0
POLYLINE
  5
5B0
102
{ACAD_REACTORS
330
749
102
}
330
1F
100
AcDbEntity
  8
默认
 62
    96
420
    32512
100
AcDb2dPolyline
 66
     1
 10
0.0
 20
0.0
 30
1.499999988389792
  0
VERTEX
  5
5B1
330
5B0
100
AcDbEntity
  8
默认
 62
    96
420
    32512
100
AcDbVertex
100
AcDb2dVertex
 10
243.1581903739743
 20
21.23720346680557
 30
1.499999988389792
  0
VERTEX
  5
5B2
330
5B0
100
AcDbEntity
  8
默认
 62
    96
420
    32512
100
AcDbVertex
100
AcDb2dVertex
 10
243.7451903739743
 20
21.23720346680557
 30
1.499999988389792
  0
VERTEX
  5
5B3
330
5B0
100
AcDbEntity
  8
默认
 62
    96
420
    32512
100
AcDbVertex
100
AcDb2dVertex
 10
243.7451903739743
 20
19.7372034668058
 30
1.499999988389792
  0
SEQEND
  5
5B4
330
5B0
100
AcDbEntity
  8
默认
 62
    96
420
    32512
  0
ARC
  5
5B5
102
{ACAD_REACTORS
330
749
102
}
330
1F
100
AcDbEntity
  8
默认
 62
    96
420
    32512
100
AcDbCircle
 10
7.400180976314459
 20
59.83720346680571
 30
1.499999988389792
 40
0.4999999999999055
100
AcDbArc
 50
179.9999999999886
 51
270.0000000000114
  0
LINE
  5
5B6
102
{ACAD_REACTORS
330
749
102
}
330
1F
100
AcDbEntity
  8
默认
 62
    96
420
    32512
100
AcDbLine
 10
7.400180976314459
 20
59.33720346680582
 30
1.499999988389792
 11
20.40018097631491
 21
59.33720346680582
 31
1.499999988389792
  0
ARC
  5
5B7
102
{ACAD_REACTORS
330
749
102
}
330
1F
100
AcDbEntity
  8
默认
 62
    96
420
    32512
100
AcDbCircle
 10
20.40018097631491
 20
59.83720346680571
 30
1.499999988389792
 40
0.4999999999998393
100
AcDbArc
 50
269.9999999999837
 51
0.0000000000179129
  0
LINE
  5
5B8
102
{ACAD_REACTORS
330
749
102
}
330
1F
100
AcDbEntity
  8
默认
 62
    96
420
    32512
100
AcDbLine
 10
20.90018097631446
 20
59.83720346680582
 30
1.499999988389792
 11
20.90018097631491
 21
72.83720346680593
 31
1.499999988389792
  0
ARC
  5
5B9
102
{ACAD_REACTORS
330
749
102
}
330
1F
100
AcDbEntity
  8
默认
 62
    96
420
    32512
100
AcDbCircle
 10
20.40018097631491
 20
72.83720346680593
 30
1.499999988389792
 40
0.4999999999999361
100
AcDbArc
 50
359.9999999999935
 51
90.00000000000733
  0
LINE
  5
5BA
102
{ACAD_REACTORS
330
749
102
}
330
1F
100
AcDbEntity
  8
默认
 62
    96
420
    32512
100
AcDbLine
 10
20.40018097631491
 20
73.33720346680582
 30
1.499999988389792
 11
7.400180976314914
 21
73.33720346680582
 31
1.499999988389792
  0
ARC
  5
5BB
102
{ACAD_REACTORS
330
749
102
}
330
1F
100
AcDbEntity
  8
默认
 62
    96
420
    32512
100
AcDbCircle
 10
7.400180976314914
 20
72.83720346680582
 30
1.499999988389792
 40
0.5000000000000158
100
AcDbArc
 50
90.00000000000082
 51
180.0
  0
LINE
  5
5BC
102
{ACAD_REACTORS
330
749
102
}
330
1F
100
AcDbEntity
  8
默认
 62
    96
420
    32512
100
AcDbLine
 10
6.900180976314914
 20
72.83720346680582
 30
1.499999988389792
 11
6.900180976314459
 21
59.83720346680582
 31
1.499999988389792
  0
LINE
  5
5BD
102
{ACAD_REACTORS
330
749
102
}
330
1F
100
AcDbEntity
  8
默认
 62
    96
420
    32512
100
AcDbLine
 10
4.51893097631455
 20
15.68720346680585
 30
1.499999988389792
 11
4.51893097631455
 21
2.687203466805848
 31
1.499999988389792
  0
ARC
  5
5BE
102
{ACAD_REACTORS
330
749
102
}
330
1F
100
AcDbEntity
  8
默认
 62
    96
420
    32512
100
AcDbCircle
 10
5.01893097631455
 20
2.687203466805848
 30
1.499999988389792
 40
0.5000000000000427
100
AcDbArc
 50
180.0000000000049
 51
269.9999999999951
  0
LINE
  5
5BF
102
{ACAD_REACTORS
330
749
102
}
330
1F
100
AcDbEntity
  8
默认
 62
    96
420
    32512
100
AcDbLine
 10
5.01893097631455
 20
2.187203466805848
 30
1.499999988389792
 11
20.40018097631491
 21
2.187203466805848
 31
1.499999988389792
  0
ARC
  5
5C0
102
{ACAD_REACTORS
330
749
102
}
330
1F
100
AcDbEntity
  8
默认
 62
    96
420
    32512
100
AcDbCircle
 10
20.40018097631491
 20
2.687203466805848
 30
1.499999988389792
 40
0.5000000000000249
100
AcDbArc
 50
270.0000000000032
 51
359.9999999999972
  0
LINE
  5
5C1
102
{ACAD_REACTORS
330
749
102
}
330
1F
100
AcDbEntity
  8
默认
 62
    96
420
    32512
100
AcDbLine
 10
20.90018097631491
 20
2.687203466805848
 30
1.499999988389792
 11
20.90018097631491
 21
15.68720346680585
 31
1.499999988389792
  0
ARC
  5
5C2
102
{ACAD_REACTORS
330
749
102
}
330
1F
100
AcDbEntity
  8
默认
 62
    96
420
    32512
100
AcDbCircle
 10
20.40018097631491
 20
15.68720346680585
 30
1.499999988389792
 40
0.4999999999999276
100
AcDbArc
 50
359.9999999999927
 51
90.00000000000813
  0
LINE
  5
5C3
102
{ACAD_REACTORS
330
749
102
}
330
1F
100
AcDbEntity
  8
默认
 62
    96
420
    32512
100
AcDbLine
 10
20.40018097631491
 20
16.18720346680585
 30
1.499999988389792
 11
5.01893097631455
 21
16.18720346680585
 31
1.499999988389792
  0
ARC
  5
5C4
102
{ACAD_REACTORS
330
749
102
}
330
1F
100
AcDbEntity
  8
默认
 62
    96
420
    32512
100
AcDbCircle
 10
5.01893097631455
 20
15.68720346680585
 30
1.499999988389792
 40
0.4999999999999345
100
AcDbArc
 50
89.99999999999349
 51
180.0000000000073
  0
ARC
  5
5C5
102
{ACAD_REACTORS
330
749
102
}
330
1F
100
AcDbEntity
  8
默认
 62
    96
420
    32512
100
AcDbCircle
 10
226.4751809763147
 20
40.78720346680576
 30
1.499999988389792
 40
0.4999999999999535
100
AcDbArc
 50
179.9999999999943
 51
270.0000000000065
  0
LINE
  5
5C6
102
{ACAD_REACTORS
330
749
102
}
330
1F
100
AcDbEntity
  8
默认
 62
    96
420
    32512
100
AcDbLine
 10
226.4751809763147
 20
40.28720346680576
 30
1.499999988389792
 11
239.4751809763147
 21
40.28720346680576
 31
1.499999988389792
  0
ARC
  5
5C7
102
{ACAD_REACTORS
330
749
102
}
330
1F
100
AcDbEntity
  8
默认
 62
    96
420
    32512
100
AcDbCircle
 10
239.4751809763147
 20
40.78720346680576
 30
1.499999988389792
 40
0.4999999999998269
100
AcDbArc
 50
269.9999999999804
 51
0.0000000000203555
  0
LINE
  5
5C8
102
{ACAD_REACTORS
330
749
102
}
330
1F
100
AcDbEntity
  8
默认
 62
    96
420
    32512
100
AcDbLine
 10
239.9751809763147
 20
40.78720346680598
 30
1.499999988389792
 11
239.9751809763147
 21
53.78720346680587
 31
1.499999988389792
  0
ARC
  5
5C9
102
{ACAD_REACTORS
330
749
102
}
330
1F
100
AcDbEntity
  8
默认
 62
    96
420
    32512
100
AcDbCircle
 10
239.4751809763147
 20
53.78720346680576
 30
1.499999988389792
 40
0.5000000000000359
100
AcDbArc
 50
0.0000000000097707
 51
89.99999999999349
  0
LINE
  5
5CA
102
{ACAD_REACTORS
330
749
102
}
330
1F
100
AcDbEntity
  8
默认
 62
    96
420
    32512
100
AcDbLine
 10
239.4751809763147
 20
54.28720346680576
 30
1.499999988389792
 11
226.4751809763147
 21
54.28720346680598
 31
1.499999988389792
  0
ARC
  5
5CB
102
{ACAD_REACTORS
330
749
102
}
330
1F
100
AcDbEntity
  8
默认
 62
    96
420
    32512
100
AcDbCircle
 10
226.4751809763147
 20
53.78720346680587
 30
1.499999988389792
 40
0.5000000000000603
100
AcDbArc
 50
90.00000000001303
 51
179.9999999999935
  0
LINE
  5
5CC
102
{ACAD_REACTORS
330
749
102
}
330
1F
100
AcDbEntity
  8
默认
 62
    96
420
    32512
100
AcDbLine
 10
225.9751809763147
 20
53.78720346680598
 30
1.499999988389792
 11
225.9751809763147
 21
40.78720346680576
 31
1.499999988389792
  0
ARC
  5
5CD
102
{ACAD_REACTORS
330
749
102
}
330
1F
100
AcDbEntity
  8
默认
 62
    96
420
    32512
100
AcDbCircle
 10
145.5126809763146
 20
59.83720346680571
 30
1.499999988389792
 40
0.4999999999999206
100
AcDbArc
 50
179.9999999999902
 51
270.0000000000098
  0
LINE
  5
5CE
102
{ACAD_REACTORS
330
749
102
}
330
1F
100
AcDbEntity
  8
默认
 62
    96
420
    32512
100
AcDbLine
 10
145.5126809763146
 20
59.33720346680582
 30
1.499999988389792
 11
158.5126809763146
 21
59.33720346680582
 31
1.499999988389792
  0
ARC
  5
5CF
102
{ACAD_REACTORS
330
749
102
}
330
1F
100
AcDbEntity
  8
默认
 62
    96
420
    32512
100
AcDbCircle
 10
158.5126809763146
 20
59.83720346680571
 30
1.499999988389792
 40
0.4999999999998244
100
AcDbArc
 50
269.9999999999804
 51
0.0000000000211698
  0
LINE
  5
5D0
102
{ACAD_REACTORS
330
749
102
}
330
1F
100
AcDbEntity
  8
默认
 62
    96
420
    32512
100
AcDbLine
 10
159.0126809763146
 20
59.83720346680582
 30
1.499999988389792
 11
159.0126809763146
 21
72.83720346680582
 31
1.499999988389792
  0
ARC
  5
5D1
102
{ACAD_REACTORS
330
749
102
}
330
1F
100
AcDbEntity
  8
默认
 62
    96
420
    32512
100
AcDbCircle
 10
158.5126809763146
 20
72.83720346680593
 30
1.499999988389792
 40
0.4999999999998963
100
AcDbArc
 50
359.9999999999886
 51
90.00000000000651
  0
LINE
  5
5D2
102
{ACAD_REACTORS
330
749
102
}
330
1F
100
AcDbEntity
  8
默认
 62
    96
420
    32512
100
AcDbLine
 10
158.5126809763146
 20
73.33720346680582
 30
1.499999988389792
 11
145.5126809763146
 21
73.33720346680582
 31
1.499999988389792
  0
ARC
  5
5D3
102
{ACAD_REACTORS
330
749
102
}
330
1F
100
AcDbEntity
  8
默认
 62
    96
420
    32512
100
AcDbCircle
 10
145.5126809763146
 20
72.83720346680582
 30
1.499999988389792
 40
0.5000000000000293
100
AcDbArc
 50
90.00000000000325
 51
179.9999999999967
  0
LINE
  5
5D4
102
{ACAD_REACTORS
330
749
102
}
330
1F
100
AcDbEntity
  8
默认
 62
    96
420
    32512
100
AcDbLine
 10
145.0126809763146
 20
72.83720346680593
 30
1.499999988389792
 11
145.0126809763146
 21
59.83720346680582
 31
1.499999988389792
  0
ARC
  5
5D5
102
{ACAD_REACTORS
330
749
102
}
330
1F
100
AcDbEntity
  8
默认
 62
    96
420
    32512
100
AcDbCircle
 10
178.8501809763147
 20
21.7372034668058
 30
1.499999988389792
 40
0.5000000000001016
100
AcDbArc
 50
180.0000000000114
 51
269.9999999999837
  0
LINE
  5
5D6
102
{ACAD_REACTORS
330
749
102
}
330
1F
100
AcDbEntity
  8
默认
 62
    96
420
    32512
100
AcDbLine
 10
178.8501809763147
 20
21.23720346680557
 30
1.499999988389792
 11
191.8501809763147
 21
21.23720346680557
 31
1.499999988389792
  0
ARC
  5
5D7
102
{ACAD_REACTORS
330
749
102
}
330
1F
100
AcDbEntity
  8
默认
 62
    96
420
    32512
100
AcDbCircle
 10
191.8501809763147
 20
21.73720346680603
 30
1.499999988389792
 40
0.5000000000001523
100
AcDbArc
 50
270.0000000000163
 51
359.9999999999821
  0
LINE
  5
5D8
102
{ACAD_REACTORS
330
749
102
}
330
1F
100
AcDbEntity
  8
默认
 62
    96
420
    32512
100
AcDbLine
 10
192.3501809763147
 20
21.73720346680557
 30
1.499999988389792
 11
192.3501809763147
 21
34.73720346680557
 31
1.499999988389792
  0
ARC
  5
5D9
102
{ACAD_REACTORS
330
749
102
}
330
1F
100
AcDbEntity
  8
默认
 62
    96
420
    32512
100
AcDbCircle
 10
191.8501809763147
 20
34.7372034668058
 30
1.499999988389792
 40
0.4999999999998963
100
AcDbArc
 50
359.9999999999878
 51
90.00000000000978
  0
LINE
  5
5DA
102
{ACAD_REACTORS
330
749
102
}
330
1F
100
AcDbEntity
  8
默认
 62
    96
420
    32512
100
AcDbLine
 10
191.8501809763147
 20
35.23720346680557
 30
1.499999988389792
 11
178.8501809763147
 21
35.2372034668058
 31
1.499999988389792
  0
ARC
  5
5DB
102
{ACAD_REACTORS
330
749
102
}
330
1F
100
AcDbEntity
  8
默认
 62
    96
420
    32512
100
AcDbCircle
 10
178.8501809763147
 20
34.73720346680603
 30
1.499999988389792
 40
0.4999999999998354
100
AcDbArc
 50
89.99999999997719
 51
180.0000000000188
  0
LINE
  5
5DC
102
{ACAD_REACTORS
330
749
102
}
330
1F
100
AcDbEntity
  8
默认
 62
    96
420
    32512
100
AcDbLine
 10
178.3501809763147
 20
34.7372034668058
 30
1.499999988389792
 11
178.3501809763147
 21
21.73720346680557
 31
1.499999988389792
  0
ARC
  5
5DD
102
{ACAD_REACTORS
330
749
102
}
330
1F
100
AcDbEntity
  8
默认
 62
    96
420
    32512
100
AcDbCircle
 10
55.02518097631491
 20
40.78720346680576
 30
1.499999988389792
 40
0.4999999999999979
100
AcDbArc
 50
180.0
 51
270.0
  0
LINE
  5
5DE
102
{ACAD_REACTORS
330
749
102
}
330
1F
100
AcDbEntity
  8
默认
 62
    96
420
    32512
100
AcDbLine
 10
55.02518097631491
 20
40.28720346680576
 30
1.499999988389792
 11
68.02518097631491
 21
40.28720346680576
 31
1.499999988389792
  0
ARC
  5
5DF
102
{ACAD_REACTORS
330
749
102
}
330
1F
100
AcDbEntity
  8
默认
 62
    96
420
    32512
100
AcDbCircle
 10
68.02518097631491
 20
40.78720346680576
 30
1.499999988389792
 40
0.4999999999999055
100
AcDbArc
 50
269.9999999999886
 51
0.0000000000113991
  0
LINE
  5
5E0
102
{ACAD_REACTORS
330
749
102
}
330
1F
100
AcDbEntity
  8
默认
 62
    96
420
    32512
100
AcDbLine
 10
68.52518097631491
 20
40.78720346680576
 30
1.499999988389792
 11
68.52518097631491
 21
53.78720346680587
 31
1.499999988389792
  0
ARC
  5
5E1
102
{ACAD_REACTORS
330
749
102
}
330
1F
100
AcDbEntity
  8
默认
 62
    96
420
    32512
100
AcDbCircle
 10
68.02518097631446
 20
53.78720346680587
 30
1.499999988389792
 40
0.5000000000000185
100
AcDbArc
 50
0.0000000000032569
 51
89.99999999999675
  0
LINE
  5
5E2
102
{ACAD_REACTORS
330
749
102
}
330
1F
100
AcDbEntity
  8
默认
 62
    96
420
    32512
100
AcDbLine
 10
68.02518097631446
 20
54.28720346680587
 30
1.499999988389792
 11
55.02518097631491
 21
54.28720346680598
 31
1.499999988389792
  0
ARC
  5
5E3
102
{ACAD_REACTORS
330
749
102
}
330
1F
100
AcDbEntity
  8
默认
 62
    96
420
    32512
100
AcDbCircle
 10
55.02518097631491
 20
53.78720346680587
 30
1.499999988389792
 40
0.5000000000000683
100
AcDbArc
 50
90.00000000000978
 51
179.9999999999919
  0
LINE
  5
5E4
102
{ACAD_REACTORS
330
749
102
}
330
1F
100
AcDbEntity
  8
默认
 62
    96
420
    32512
100
AcDbLine
 10
54.52518097631491
 20
53.78720346680587
 30
1.499999988389792
 11
54.52518097631491
 21
40.78720346680576
 31
1.499999988389792
  0
ARC
  5
5E5
102
{ACAD_REACTORS
330
749
102
}
330
1F
100
AcDbEntity
  8
默认
 62
    96
420
    32512
100
AcDbCircle
 10
31.21268097631446
 20
59.83720346680582
 30
1.499999988389792
 40
0.4999999999999716
100
AcDbArc
 50
179.9999999999967
 51
270.0000000000032
  0
LINE
  5
5E6
102
{ACAD_REACTORS
330
749
102
}
330
1F
100
AcDbEntity
  8
默认
 62
    96
420
    32512
100
AcDbLine
 10
31.21268097631446
 20
59.33720346680582
 30
1.499999988389792
 11
44.21268097631446
 21
59.33720346680582
 31
1.499999988389792
  0
ARC
  5
5E7
102
{ACAD_REACTORS
330
749
102
}
330
1F
100
AcDbEntity
  8
默认
 62
    96
420
    32512
100
AcDbCircle
 10
44.21268097631491
 20
59.83720346680571
 30
1.499999988389792
 40
0.4999999999998558
100
AcDbArc
 50
269.9999999999853
 51
0.0000000000162844
  0
LINE
  5
5E8
102
{ACAD_REACTORS
330
749
102
}
330
1F
100
AcDbEntity
  8
默认
 62
    96
420
    32512
100
AcDbLine
 10
44.71268097631491
 20
59.83720346680582
 30
1.499999988389792
 11
44.71268097631446
 21
72.83720346680582
 31
1.499999988389792
  0
ARC
  5
5E9
102
{ACAD_REACTORS
330
749
102
}
330
1F
100
AcDbEntity
  8
默认
 62
    96
420
    32512
100
AcDbCircle
 10
44.21268097631446
 20
72.83720346680582
 30
1.499999988389792
 40
0.5000000000000142
100
AcDbArc
 50
0.0000000000016284
 51
89.99999999999837
  0
LINE
  5
5EA
102
{ACAD_REACTORS
330
749
102
}
330
1F
100
AcDbEntity
  8
默认
 62
    96
420
    32512
100
AcDbLine
 10
44.21268097631446
 20
73.33720346680582
 30
1.499999988389792
 11
31.21268097631491
 21
73.33720346680582
 31
1.499999988389792
  0
ARC
  5
5EB
102
{ACAD_REACTORS
330
749
102
}
330
1F
100
AcDbEntity
  8
默认
 62
    96
420
    32512
100
AcDbCircle
 10
31.21268097631491
 20
72.83720346680582
 30
1.499999988389792
 40
0.5000000000000548
100
AcDbArc
 50
90.00000000000813
 51
179.9999999999935
  0
LINE
  5
5EC
102
{ACAD_REACTORS
330
749
102
}
330
1F
100
AcDbEntity
  8
默认
 62
    96
420
    32512
100
AcDbLine
 10
30.71268097631491
 20
72.83720346680582
 30
1.499999988389792
 11
30.71268097631446
 21
59.83720346680582
 31
1.499999988389792
  0
ARC
  5
5ED
102
{ACAD_REACTORS
330
749
102
}
330
1F
100
AcDbEntity
  8
默认
 62
    96
420
    32512
100
AcDbCircle
 10
164.5626809763144
 20
59.83720346680582
 30
1.499999988389792
 40
0.4999999999999247
100
AcDbArc
 50
179.9999999999919
 51
270.0000000000032
  0
LINE
  5
5EE
102
{ACAD_REACTORS
330
749
102
}
330
1F
100
AcDbEntity
  8
默认
 62
    96
420
    32512
100
AcDbLine
 10
164.5626809763148
 20
59.33720346680582
 30
1.499999988389792
 11
177.5626809763148
 21
59.33720346680582
 31
1.499999988389792
  0
ARC
  5
5EF
102
{ACAD_REACTORS
330
749
102
}
330
1F
100
AcDbEntity
  8
默认
 62
    96
420
    32512
100
AcDbCircle
 10
177.5626809763148
 20
59.83720346680582
 30
1.499999988389792
 40
0.500000000000005
100
AcDbArc
 50
270.0000000000032
 51
359.9999999999984
  0
LINE
  5
5F0
102
{ACAD_REACTORS
330
749
102
}
330
1F
100
AcDbEntity
  8
默认
 62
    96
420
    32512
100
AcDbLine
 10
178.0626809763148
 20
59.83720346680582
 30
1.499999988389792
 11
178.0626809763148
 21
72.83720346680582
 31
1.499999988389792
  0
ARC
  5
5F1
102
{ACAD_REACTORS
330
749
102
}
330
1F
100
AcDbEntity
  8
默认
 62
    96
420
    32512
100
AcDbCircle
 10
177.5626809763148
 20
72.83720346680582
 30
1.499999988389792
 40
0.5000000000000389
100
AcDbArc
 50
0.0000000000048853
 51
89.99999999999349
  0
LINE
  5
5F2
102
{ACAD_REACTORS
330
749
102
}
330
1F
100
AcDbEntity
  8
默认
 62
    96
420
    32512
100
AcDbLine
 10
177.5626809763148
 20
73.33720346680582
 30
1.499999988389792
 11
164.5626809763148
 21
73.33720346680582
 31
1.499999988389792
  0
ARC
  5
5F3
102
{ACAD_REACTORS
330
749
102
}
330
1F
100
AcDbEntity
  8
默认
 62
    96
420
    32512
100
AcDbCircle
 10
164.5626809763148
 20
72.83720346680582
 30
1.499999988389792
 40
0.500000000000005
100
AcDbArc
 50
90.00000000000325
 51
179.9999999999984
  0
LINE
  5
5F4
102
{ACAD_REACTORS
330
749
102
}
330
1F
100
AcDbEntity
  8
默认
 62
    96
420
    32512
100
AcDbLine
 10
164.0626809763148
 20
72.83720346680582
 30
1.499999988389792
 11
164.0626809763144
 21
59.83720346680594
 31
1.499999988389792
  0
ARC
  5
5F5
102
{ACAD_REACTORS
330
749
102
}
330
1F
100
AcDbEntity
  8
默认
 62
    96
420
    32512
100
AcDbCircle
 10
140.7501809763148
 20
21.73720346680603
 30
1.499999988389792
 40
0.5000000000002132
100
AcDbArc
 50
180.0000000000244
 51
269.999999999974
  0
LINE
  5
5F6
102
{ACAD_REACTORS
330
749
102
}
330
1F
100
AcDbEntity
  8
默认
 62
    96
420
    32512
100
AcDbLine
 10
140.7501809763144
 20
21.23720346680557
 30
1.499999988389792
 11
153.7501809763144
 21
21.23720346680557
 31
1.499999988389792
  0
ARC
  5
5F7
102
{ACAD_REACTORS
330
749
102
}
330
1F
100
AcDbEntity
  8
默认
 62
    96
420
    32512
100
AcDbCircle
 10
153.7501809763144
 20
21.7372034668058
 30
1.499999988389792
 40
0.500000000000081
100
AcDbArc
 50
270.0000000000098
 51
359.9999999999902
  0
LINE
  5
5F8
102
{ACAD_REACTORS
330
749
102
}
330
1F
100
AcDbEntity
  8
默认
 62
    96
420
    32512
100
AcDbLine
 10
154.2501809763144
 20
21.73720346680557
 30
1.499999988389792
 11
154.2501809763144
 21
34.73720346680557
 31
1.499999988389792
  0
ARC
  5
5F9
102
{ACAD_REACTORS
330
749
102
}
330
1F
100
AcDbEntity
  8
默认
 62
    96
420
    32512
100
AcDbCircle
 10
153.7501809763148
 20
34.73720346680603
 30
1.499999988389792
 40
0.4999999999998306
100
AcDbArc
 50
359.9999999999821
 51
90.00000000001629
  0
LINE
  5
5FA
102
{ACAD_REACTORS
330
749
102
}
330
1F
100
AcDbEntity
  8
默认
 62
    96
420
    32512
100
AcDbLine
 10
153.7501809763144
 20
35.2372034668058
 30
1.499999988389792
 11
140.7501809763144
 21
35.23720346680557
 31
1.499999988389792
  0
ARC
  5
5FB
102
{ACAD_REACTORS
330
749
102
}
330
1F
100
AcDbEntity
  8
默认
 62
    96
420
    32512
100
AcDbCircle
 10
140.7501809763144
 20
34.7372034668058
 30
1.499999988389792
 40
0.4999999999999424
100
AcDbArc
 50
89.99999999999349
 51
180.0000000000065
  0
LINE
  5
5FC
102
{ACAD_REACTORS
330
749
102
}
330
1F
100
AcDbEntity
  8
默认
 62
    96
420
    32512
100
AcDbLine
 10
140.2501809763144
 20
34.73720346680557
 30
1.499999988389792
 11
140.2501809763148
 21
21.73720346680557
 31
1.499999988389792
  0
ARC
  5
5FD
102
{ACAD_REACTORS
330
749
102
}
330
1F
100
AcDbEntity
  8
默认
 62
    96
420
    32512
100
AcDbCircle
 10
40.73768097631455
 20
78.88720346680589
 30
1.499999988389792
 40
0.5000000000000242
100
AcDbArc
 50
180.0000000000032
 51
269.9999999999984
  0
LINE
  5
5FE
102
{ACAD_REACTORS
330
749
102
}
330
1F
100
AcDbEntity
  8
默认
 62
    96
420
    32512
100
AcDbLine
 10
40.73768097631455
 20
78.38720346680589
 30
1.499999988389792
 11
53.73768097631455
 21
78.38720346680577
 31
1.499999988389792
  0
ARC
  5
5FF
102
{ACAD_REACTORS
330
749
102
}
330
1F
100
AcDbEntity
  8
默认
 62
    96
420
    32512
100
AcDbCircle
 10
53.73768097631455
 20
78.88720346680577
 30
1.499999988389792
 40
0.4999999999999674
100
AcDbArc
 50
269.9999999999951
 51
0.0000000000048853
  0
LINE
  5
600
102
{ACAD_REACTORS
330
749
102
}
330
1F
100
AcDbEntity
  8
默认
 62
    96
420
    32512
100
AcDbLine
 10
54.23768097631455
 20
78.88720346680577
 30
1.499999988389792
 11
54.23768097631455
 21
91.88720346680577
 31
1.499999988389792
  0
ARC
  5
601
102
{ACAD_REACTORS
330
749
102
}
330
1F
100
AcDbEntity
  8
默认
 62
    96
420
    32512
100
AcDbCircle
 10
53.73768097631455
 20
91.88720346680589
 30
1.499999988389792
 40
0.4999999999999219
100
AcDbArc
 50
359.9999999999902
 51
90.00000000000813
  0
LINE
  5
602
102
{ACAD_REACTORS
330
749
102
}
330
1F
100
AcDbEntity
  8
默认
 62
    96
420
    32512
100
AcDbLine
 10
53.73768097631455
 20
92.38720346680577
 30
1.499999988389792
 11
40.73768097631455
 21
92.38720346680589
 31
1.499999988389792
  0
ARC
  5
603
102
{ACAD_REACTORS
330
749
102
}
330
1F
100
AcDbEntity
  8
默认
 62
    96
420
    32512
100
AcDbCircle
 10
40.73768097631455
 20
91.88720346680589
 30
1.499999988389792
 40
0.4999999999999533
100
AcDbArc
 50
89.99999999999349
 51
180.0000000000065
  0
LINE
  5
604
102
{ACAD_REACTORS
330
749
102
}
330
1F
100
AcDbEntity
  8
默认
 62
    96
420
    32512
100
AcDbLine
 10
40.23768097631455
 20
91.88720346680577
 30
1.499999988389792
 11
40.23768097631455
 21
78.88720346680589
 31
1.499999988389792
  0
LINE
  5
605
102
{ACAD_REACTORS
330
749
102
}
330
1F
100
AcDbEntity
  8
默认
 62
    96
420
    32512
100
AcDbLine
 10
28.33143097631455
 20
15.68720346680585
 30
1.499999988389792
 11
28.33143097631455
 21
2.687203466805848
 31
1.499999988389792
  0
ARC
  5
606
102
{ACAD_REACTORS
330
749
102
}
330
1F
100
AcDbEntity
  8
默认
 62
    96
420
    32512
100
AcDbCircle
 10
28.83143097631455
 20
2.687203466805848
 30
1.499999988389792
 40
0.5000000000001157
100
AcDbArc
 50
180.0000000000126
 51
269.9999999999862
  0
LINE
  5
607
102
{ACAD_REACTORS
330
749
102
}
330
1F
100
AcDbEntity
  8
默认
 62
    96
420
    32512
100
AcDbLine
 10
28.83143097631455
 20
2.187203466805848
 30
1.499999988389792
 11
44.21268097631446
 21
2.187203466805848
 31
1.499999988389792
  0
ARC
  5
608
102
{ACAD_REACTORS
330
749
102
}
330
1F
100
AcDbEntity
  8
默认
 62
    96
420
    32512
100
AcDbCircle
 10
44.21268097631446
 20
2.687203466805848
 30
1.499999988389792
 40
0.5000000000000094
100
AcDbArc
 50
270.0000000000016
 51
359.9999999999992
  0
LINE
  5
609
102
{ACAD_REACTORS
330
749
102
}
330
1F
100
AcDbEntity
  8
默认
 62
    96
420
    32512
100
AcDbLine
 10
44.71268097631446
 20
2.687203466805848
 30
1.499999988389792
 11
44.71268097631491
 21
15.68720346680585
 31
1.499999988389792
  0
ARC
  5
60A
102
{ACAD_REACTORS
330
749
102
}
330
1F
100
AcDbEntity
  8
默认
 62
    96
420
    32512
100
AcDbCircle
 10
44.21268097631491
 20
15.68720346680585
 30
1.499999988389792
 40
0.4999999999999208
100
AcDbArc
 50
359.999999999991
 51
90.00000000000813
  0
LINE
  5
60B
102
{ACAD_REACTORS
330
749
102
}
330
1F
100
AcDbEntity
  8
默认
 62
    96
420
    32512
100
AcDbLine
 10
44.21268097631491
 20
16.18720346680585
 30
1.499999988389792
 11
28.83143097631455
 21
16.18720346680585
 31
1.499999988389792
  0
ARC
  5
60C
102
{ACAD_REACTORS
330
749
102
}
330
1F
100
AcDbEntity
  8
默认
 62
    96
420
    32512
100
AcDbCircle
 10
28.83143097631455
 20
15.68720346680585
 30
1.499999988389792
 40
0.5000000000000087
100
AcDbArc
 50
90.0
 51
179.9999999999992
  0
ARC
  5
60D
102
{ACAD_REACTORS
330
749
102
}
330
1F
100
AcDbEntity
  8
默认
 62
    96
420
    32512
100
AcDbCircle
 10
83.60018097631473
 20
21.73720346680603
 30
1.499999988389792
 40
0.500000000000193
100
AcDbArc
 50
180.000000000022
 51
269.9999999999772
  0
LINE
  5
60E
102
{ACAD_REACTORS
330
749
102
}
330
1F
100
AcDbEntity
  8
默认
 62
    96
420
    32512
100
AcDbLine
 10
83.60018097631428
 20
21.23720346680557
 30
1.499999988389792
 11
96.60018097631473
 21
21.23720346680557
 31
1.499999988389792
  0
ARC
  5
60F
102
{ACAD_REACTORS
330
749
102
}
330
1F
100
AcDbEntity
  8
默认
 62
    96
420
    32512
100
AcDbCircle
 10
96.60018097631428
 20
21.73720346680603
 30
1.499999988389792
 40
0.5000000000001523
100
AcDbArc
 50
270.0000000000163
 51
359.9999999999821
  0
LINE
  5
610
102
{ACAD_REACTORS
330
749
102
}
330
1F
100
AcDbEntity
  8
默认
 62
    96
420
    32512
100
AcDbLine
 10
97.10018097631428
 20
21.73720346680557
 30
1.499999988389792
 11
97.10018097631473
 21
34.73720346680557
 31
1.499999988389792
  0
ARC
  5
611
102
{ACAD_REACTORS
330
749
102
}
330
1F
100
AcDbEntity
  8
默认
 62
    96
420
    32512
100
AcDbCircle
 10
96.60018097631473
 20
34.7372034668058
 30
1.499999988389792
 40
0.4999999999998963
100
AcDbArc
 50
359.9999999999878
 51
90.00000000000978
  0
LINE
  5
612
102
{ACAD_REACTORS
330
749
102
}
330
1F
100
AcDbEntity
  8
默认
 62
    96
420
    32512
100
AcDbLine
 10
96.60018097631473
 20
35.23720346680557
 30
1.499999988389792
 11
83.60018097631473
 21
35.23720346680557
 31
1.499999988389792
  0
ARC
  5
613
102
{ACAD_REACTORS
330
749
102
}
330
1F
100
AcDbEntity
  8
默认
 62
    96
420
    32512
100
AcDbCircle
 10
83.60018097631473
 20
34.7372034668058
 30
1.499999988389792
 40
0.4999999999998792
100
AcDbArc
 50
89.99999999999022
 51
180.0000000000138
  0
LINE
  5
614
102
{ACAD_REACTORS
330
749
102
}
330
1F
100
AcDbEntity
  8
默认
 62
    96
420
    32512
100
AcDbLine
 10
83.10018097631473
 20
34.73720346680557
 30
1.499999988389792
 11
83.10018097631473
 21
21.73720346680557
 31
1.499999988389792
  0
ARC
  5
615
102
{ACAD_REACTORS
330
749
102
}
330
1F
100
AcDbEntity
  8
默认
 62
    96
420
    32512
100
AcDbCircle
 10
202.6626809763147
 20
59.83720346680582
 30
1.499999988389792
 40
0.4999999999999311
100
AcDbArc
 50
179.9999999999919
 51
270.000000000013
  0
LINE
  5
616
102
{ACAD_REACTORS
330
749
102
}
330
1F
100
AcDbEntity
  8
默认
 62
    96
420
    32512
100
AcDbLine
 10
202.6626809763147
 20
59.33720346680594
 30
1.499999988389792
 11
215.6626809763147
 21
59.33720346680582
 31
1.499999988389792
  0
ARC
  5
617
102
{ACAD_REACTORS
330
749
102
}
330
1F
100
AcDbEntity
  8
默认
 62
    96
420
    32512
100
AcDbCircle
 10
215.6626809763147
 20
59.83720346680582
 30
1.499999988389792
 40
0.4999999999999249
100
AcDbArc
 50
269.999999999987
 51
0.0000000000097707
  0
LINE
  5
618
102
{ACAD_REACTORS
330
749
102
}
330
1F
100
AcDbEntity
  8
默认
 62
    96
420
    32512
100
AcDbLine
 10
216.1626809763147
 20
59.83720346680594
 30
1.499999988389792
 11
216.1626809763147
 21
72.83720346680582
 31
1.499999988389792
  0
ARC
  5
619
102
{ACAD_REACTORS
330
749
102
}
330
1F
100
AcDbEntity
  8
默认
 62
    96
420
    32512
100
AcDbCircle
 10
215.6626809763147
 20
72.83720346680582
 30
1.499999988389792
 40
0.4999999999999686
100
AcDbArc
 50
359.9999999999984
 51
90.00000000000325
  0
LINE
  5
61A
102
{ACAD_REACTORS
330
749
102
}
330
1F
100
AcDbEntity
  8
默认
 62
    96
420
    32512
100
AcDbLine
 10
215.6626809763147
 20
73.33720346680582
 30
1.499999988389792
 11
202.6626809763147
 21
73.33720346680582
 31
1.499999988389792
  0
ARC
  5
61B
102
{ACAD_REACTORS
330
749
102
}
330
1F
100
AcDbEntity
  8
默认
 62
    96
420
    32512
100
AcDbCircle
 10
202.6626809763147
 20
72.83720346680582
 30
1.499999988389792
 40
0.5000000000000469
100
AcDbArc
 50
90.00000000000978
 51
179.9999999999935
  0
LINE
  5
61C
102
{ACAD_REACTORS
330
749
102
}
330
1F
100
AcDbEntity
  8
默认
 62
    96
420
    32512
100
AcDbLine
 10
202.1626809763147
 20
72.83720346680582
 30
1.499999988389792
 11
202.1626809763147
 21
59.83720346680594
 31
1.499999988389792
  0
LINE
  5
61D
102
{ACAD_REACTORS
330
749
102
}
330
1F
100
AcDbEntity
  8
默认
 62
    96
420
    32512
100
AcDbLine
 10
52.14393097631455
 20
15.68720346680585
 30
1.499999988389792
 11
52.14393097631455
 21
2.687203466805848
 31
1.499999988389792
  0
ARC
  5
61E
102
{ACAD_REACTORS
330
749
102
}
330
1F
100
AcDbEntity
  8
默认
 62
    96
420
    32512
100
AcDbCircle
 10
52.64393097631455
 20
2.687203466805848
 30
1.499999988389792
 40
0.5000000000000516
100
AcDbArc
 50
180.0000000000073
 51
269.9999999999935
  0
LINE
  5
61F
102
{ACAD_REACTORS
330
749
102
}
330
1F
100
AcDbEntity
  8
默认
 62
    96
420
    32512
100
AcDbLine
 10
52.64393097631455
 20
2.187203466805848
 30
1.499999988389792
 11
68.02518097631491
 21
2.187203466805848
 31
1.499999988389792
  0
ARC
  5
620
102
{ACAD_REACTORS
330
749
102
}
330
1F
100
AcDbEntity
  8
默认
 62
    96
420
    32512
100
AcDbCircle
 10
68.02518097631446
 20
2.687203466805848
 30
1.499999988389792
 40
0.5000000000000449
100
AcDbArc
 50
270.0000000000065
 51
359.9999999999951
  0
LINE
  5
621
102
{ACAD_REACTORS
330
749
102
}
330
1F
100
AcDbEntity
  8
默认
 62
    96
420
    32512
100
AcDbLine
 10
68.52518097631446
 20
2.687203466805848
 30
1.499999988389792
 11
68.52518097631491
 21
15.68720346680585
 31
1.499999988389792
  0
ARC
  5
622
102
{ACAD_REACTORS
330
749
102
}
330
1F
100
AcDbEntity
  8
默认
 62
    96
420
    32512
100
AcDbCircle
 10
68.02518097631491
 20
15.68720346680585
 30
1.499999988389792
 40
0.4999999999999199
100
AcDbArc
 50
359.999999999991
 51
90.00000000000487
  0
LINE
  5
623
102
{ACAD_REACTORS
330
749
102
}
330
1F
100
AcDbEntity
  8
默认
 62
    96
420
    32512
100
AcDbLine
 10
68.02518097631491
 20
16.18720346680585
 30
1.499999988389792
 11
52.64393097631455
 21
16.18720346680585
 31
1.499999988389792
  0
ARC
  5
624
102
{ACAD_REACTORS
330
749
102
}
330
1F
100
AcDbEntity
  8
默认
 62
    96
420
    32512
100
AcDbCircle
 10
52.64393097631455
 20
15.68720346680585
 30
1.499999988389792
 40
0.4999999999999571
100
AcDbArc
 50
89.99999999999675
 51
180.0000000000049
  0
ARC
  5
625
102
{ACAD_REACTORS
330
749
102
}
330
1F
100
AcDbEntity
  8
默认
 62
    96
420
    32512
100
AcDbCircle
 10
102.6501809763149
 20
21.73720346680603
 30
1.499999988389792
 40
0.5000000000001888
100
AcDbArc
 50
180.000000000022
 51
269.9999999999804
  0
LINE
  5
626
102
{ACAD_REACTORS
330
749
102
}
330
1F
100
AcDbEntity
  8
默认
 62
    96
420
    32512
100
AcDbLine
 10
102.6501809763145
 20
21.23720346680557
 30
1.499999988389792
 11
115.6501809763145
 21
21.23720346680557
 31
1.499999988389792
  0
ARC
  5
627
102
{ACAD_REACTORS
330
749
102
}
330
1F
100
AcDbEntity
  8
默认
 62
    96
420
    32512
100
AcDbCircle
 10
115.6501809763145
 20
21.73720346680603
 30
1.499999988389792
 40
0.5000000000001831
100
AcDbArc
 50
270.0000000000196
 51
359.9999999999788
  0
LINE
  5
628
102
{ACAD_REACTORS
330
749
102
}
330
1F
100
AcDbEntity
  8
默认
 62
    96
420
    32512
100
AcDbLine
 10
116.1501809763145
 20
21.73720346680557
 30
1.499999988389792
 11
116.1501809763149
 21
34.73720346680557
 31
1.499999988389792
  0
ARC
  5
629
102
{ACAD_REACTORS
330
749
102
}
330
1F
100
AcDbEntity
  8
默认
 62
    96
420
    32512
100
AcDbCircle
 10
115.6501809763149
 20
34.7372034668058
 30
1.499999988389792
 40
0.4999999999999028
100
AcDbArc
 50
359.9999999999919
 51
90.00000000001303
  0
LINE
  5
62A
102
{ACAD_REACTORS
330
749
102
}
330
1F
100
AcDbEntity
  8
默认
 62
    96
420
    32512
100
AcDbLine
 10
115.6501809763149
 20
35.23720346680557
 30
1.499999988389792
 11
102.6501809763149
 21
35.23720346680557
 31
1.499999988389792
  0
ARC
  5
62B
102
{ACAD_REACTORS
330
749
102
}
330
1F
100
AcDbEntity
  8
默认
 62
    96
420
    32512
100
AcDbCircle
 10
102.6501809763145
 20
34.7372034668058
 30
1.499999988389792
 40
0.4999999999999432
100
AcDbArc
 50
89.99999999999349
 51
180.0000000000065
  0
LINE
  5
62C
102
{ACAD_REACTORS
330
749
102
}
330
1F
100
AcDbEntity
  8
默认
 62
    96
420
    32512
100
AcDbLine
 10
102.1501809763145
 20
34.7372034668058
 30
1.499999988389792
 11
102.1501809763149
 21
21.73720346680557
 31
1.499999988389792
  0
ARC
  5
62D
102
{ACAD_REACTORS
330
749
102
}
330
1F
100
AcDbEntity
  8
默认
 62
    96
420
    32512
100
AcDbCircle
 10
212.1876809763148
 20
78.88720346680577
 30
1.499999988389792
 40
0.4999999999999757
100
AcDbArc
 50
179.9999999999967
 51
270.0000000000032
  0
LINE
  5
62E
102
{ACAD_REACTORS
330
749
102
}
330
1F
100
AcDbEntity
  8
默认
 62
    96
420
    32512
100
AcDbLine
 10
212.1876809763148
 20
78.38720346680577
 30
1.499999988389792
 11
225.1876809763144
 21
78.38720346680577
 31
1.499999988389792
  0
ARC
  5
62F
102
{ACAD_REACTORS
330
749
102
}
330
1F
100
AcDbEntity
  8
默认
 62
    96
420
    32512
100
AcDbCircle
 10
225.1876809763144
 20
78.88720346680589
 30
1.499999988389792
 40
0.5000000000000921
100
AcDbArc
 50
270.0000000000065
 51
359.9999999999886
  0
LINE
  5
630
102
{ACAD_REACTORS
330
749
102
}
330
1F
100
AcDbEntity
  8
默认
 62
    96
420
    32512
100
AcDbLine
 10
225.6876809763148
 20
78.88720346680577
 30
1.499999988389792
 11
225.6876809763148
 21
91.88720346680577
 31
1.499999988389792
  0
ARC
  5
631
102
{ACAD_REACTORS
330
749
102
}
330
1F
100
AcDbEntity
  8
默认
 62
    96
420
    32512
100
AcDbCircle
 10
225.1876809763148
 20
91.88720346680589
 30
1.499999988389792
 40
0.4999999999999487
100
AcDbArc
 50
359.9999999999902
 51
90.0
  0
LINE
  5
632
102
{ACAD_REACTORS
330
749
102
}
330
1F
100
AcDbEntity
  8
默认
 62
    96
420
    32512
100
AcDbLine
 10
225.1876809763148
 20
92.38720346680589
 30
1.499999988389792
 11
212.1876809763148
 21
92.38720346680577
 31
1.499999988389792
  0
ARC
  5
633
102
{ACAD_REACTORS
330
749
102
}
330
1F
100
AcDbEntity
  8
默认
 62
    96
420
    32512
100
AcDbCircle
 10
212.1876809763148
 20
91.88720346680589
 30
1.499999988389792
 40
0.499999999999913
100
AcDbArc
 50
89.99999999999675
 51
180.0000000000097
  0
LINE
  5
634
102
{ACAD_REACTORS
330
749
102
}
330
1F
100
AcDbEntity
  8
默认
 62
    96
420
    32512
100
AcDbLine
 10
211.6876809763148
 20
91.88720346680577
 30
1.499999988389792
 11
211.6876809763148
 21
78.88720346680577
 31
1.499999988389792
  0
ARC
  5
635
102
{ACAD_REACTORS
330
749
102
}
330
1F
100
AcDbEntity
  8
默认
 62
    96
420
    32512
100
AcDbCircle
 10
69.31268097631482
 20
59.83720346680582
 30
1.499999988389792
 40
0.4999999999999846
100
AcDbArc
 50
179.9999999999984
 51
270.0000000000016
  0
LINE
  5
636
102
{ACAD_REACTORS
330
749
102
}
330
1F
100
AcDbEntity
  8
默认
 62
    96
420
    32512
100
AcDbLine
 10
69.31268097631482
 20
59.33720346680582
 30
1.499999988389792
 11
82.31268097631482
 21
59.33720346680582
 31
1.499999988389792
  0
ARC
  5
637
102
{ACAD_REACTORS
330
749
102
}
330
1F
100
AcDbEntity
  8
默认
 62
    96
420
    32512
100
AcDbCircle
 10
82.31268097631482
 20
59.83720346680571
 30
1.499999988389792
 40
0.4999999999998691
100
AcDbArc
 50
269.999999999987
 51
0.000000000014656
  0
LINE
  5
638
102
{ACAD_REACTORS
330
749
102
}
330
1F
100
AcDbEntity
  8
默认
 62
    96
420
    32512
100
AcDbLine
 10
82.81268097631482
 20
59.83720346680582
 30
1.499999988389792
 11
82.81268097631482
 21
72.83720346680582
 31
1.499999988389792
  0
ARC
  5
639
102
{ACAD_REACTORS
330
749
102
}
330
1F
100
AcDbEntity
  8
默认
 62
    96
420
    32512
100
AcDbCircle
 10
82.31268097631482
 20
72.83720346680593
 30
1.499999988389792
 40
0.4999999999999766
100
AcDbArc
 50
359.9999999999951
 51
90.00000000000162
  0
LINE
  5
63A
102
{ACAD_REACTORS
330
749
102
}
330
1F
100
AcDbEntity
  8
默认
 62
    96
420
    32512
100
AcDbLine
 10
82.31268097631482
 20
73.33720346680593
 30
1.499999988389792
 11
69.31268097631482
 21
73.33720346680593
 31
1.499999988389792
  0
ARC
  5
63B
102
{ACAD_REACTORS
330
749
102
}
330
1F
100
AcDbEntity
  8
默认
 62
    96
420
    32512
100
AcDbCircle
 10
69.31268097631482
 20
72.83720346680582
 30
1.499999988389792
 40
0.500000000000064
100
AcDbArc
 50
90.00000000000651
 51
179.9999999999919
  0
LINE
  5
63C
102
{ACAD_REACTORS
330
749
102
}
330
1F
100
AcDbEntity
  8
默认
 62
    96
420
    32512
100
AcDbLine
 10
68.81268097631482
 20
72.83720346680582
 30
1.499999988389792
 11
68.81268097631482
 21
59.83720346680582
 31
1.499999988389792
  0
ARC
  5
63D
102
{ACAD_REACTORS
330
749
102
}
330
1F
100
AcDbEntity
  8
默认
 62
    96
420
    32512
100
AcDbCircle
 10
275.2506809763145
 20
76.88720346680589
 30
1.499999988389792
 40
0.5000000000000538
100
AcDbArc
 50
180.0000000000082
 51
269.9999999999935
  0
LINE
  5
63E
102
{ACAD_REACTORS
330
749
102
}
330
1F
100
AcDbEntity
  8
默认
 62
    96
420
    32512
100
AcDbLine
 10
275.2506809763145
 20
76.38720346680589
 30
1.499999988389792
 11
281.2506809763149
 21
76.38720346680589
 31
1.499999988389792
  0
ARC
  5
63F
102
{ACAD_REACTORS
330
749
102
}
330
1F
100
AcDbEntity
  8
默认
 62
    96
420
    32512
100
AcDbCircle
 10
281.2506809763149
 20
76.88720346680577
 30
1.499999988389792
 40
0.4999999999999398
100
AcDbArc
 50
269.9999999999935
 51
0.0000000000065138
  0
POLYLINE
  5
640
102
{ACAD_REACTORS
330
749
102
}
330
1F
100
AcDbEntity
  8
默认
 62
    96
420
    32512
100
AcDb2dPolyline
 66
     1
 10
0.0
 20
0.0
 30
1.499999988389792
  0
VERTEX
  5
641
330
640
100
AcDbEntity
  8
默认
 62
    96
420
    32512
100
AcDbVertex
100
AcDb2dVertex
 10
281.7506809763149
 20
76.88720346680589
 30
1.499999988389792
  0
VERTEX
  5
642
330
640
100
AcDbEntity
  8
默认
 62
    96
420
    32512
100
AcDbVertex
100
AcDb2dVertex
 10
281.7506809763145
 20
78.38720346680577
 30
1.499999988389792
  0
VERTEX
  5
643
330
640
100
AcDbEntity
  8
默认
 62
    96
420
    32512
100
AcDbVertex
100
AcDb2dVertex
 10
282.3376809763149
 20
78.38720346680577
 30
1.499999988389792
  0
SEQEND
  5
644
330
640
100
AcDbEntity
  8
默认
 62
    96
420
    32512
  0
ARC
  5
645
102
{ACAD_REACTORS
330
749
102
}
330
1F
100
AcDbEntity
  8
默认
 62
    96
420
    32512
100
AcDbCircle
 10
282.3376809763149
 20
78.88720346680566
 30
1.499999988389792
 40
0.4999999999998496
100
AcDbArc
 50
269.999999999987
 51
0.0000000000162844
  0
LINE
  5
646
102
{ACAD_REACTORS
330
749
102
}
330
1F
100
AcDbEntity
  8
默认
 62
    96
420
    32512
100
AcDbLine
 10
282.8376809763149
 20
78.88720346680577
 30
1.499999988389792
 11
282.8376809763145
 21
91.88720346680589
 31
1.499999988389792
  0
ARC
  5
647
102
{ACAD_REACTORS
330
749
102
}
330
1F
100
AcDbEntity
  8
默认
 62
    96
420
    32512
100
AcDbCircle
 10
282.3376809763149
 20
91.88720346680611
 30
1.499999988389792
 40
0.4999999999997634
100
AcDbArc
 50
359.9999999999707
 51
90.0000000000391
  0
LINE
  5
648
102
{ACAD_REACTORS
330
749
102
}
330
1F
100
AcDbEntity
  8
默认
 62
    96
420
    32512
100
AcDbLine
 10
282.3376809763149
 20
92.38720346680589
 30
1.499999988389792
 11
250.2876809763147
 21
92.38720346680577
 31
1.499999988389792
  0
ARC
  5
649
102
{ACAD_REACTORS
330
749
102
}
330
1F
100
AcDbEntity
  8
默认
 62
    96
420
    32512
100
AcDbCircle
 10
250.2876809763147
 20
91.88720346680589
 30
1.499999988389792
 40
0.4999999999998881
100
AcDbArc
 50
89.99999999998697
 51
180.000000000013
  0
LINE
  5
64A
102
{ACAD_REACTORS
330
749
102
}
330
1F
100
AcDbEntity
  8
默认
 62
    96
420
    32512
100
AcDbLine
 10
249.7876809763147
 20
91.88720346680577
 30
1.499999988389792
 11
249.7876809763147
 21
78.88720346680577
 31
1.499999988389792
  0
ARC
  5
64B
102
{ACAD_REACTORS
330
749
102
}
330
1F
100
AcDbEntity
  8
默认
 62
    96
420
    32512
100
AcDbCircle
 10
250.2876809763147
 20
78.88720346680577
 30
1.499999988389792
 40
0.5000000000000365
100
AcDbArc
 50
179.9999999999984
 51
269.9999999999968
  0
POLYLINE
  5
64C
102
{ACAD_REACTORS
330
749
102
}
330
1F
100
AcDbEntity
  8
默认
 62
    96
420
    32512
100
AcDb2dPolyline
 66
     1
 10
0.0
 20
0.0
 30
1.499999988389792
  0
VERTEX
  5
64D
330
64C
100
AcDbEntity
  8
默认
 62
    96
420
    32512
100
AcDbVertex
100
AcDb2dVertex
 10
250.2876809763147
 20
78.38720346680577
 30
1.499999988389792
  0
VERTEX
  5
64E
330
64C
100
AcDbEntity
  8
默认
 62
    96
420
    32512
100
AcDbVertex
100
AcDb2dVertex
 10
250.8746809763147
 20
78.38720346680577
 30
1.499999988389792
  0
VERTEX
  5
64F
330
64C
100
AcDbEntity
  8
默认
 62
    96
420
    32512
100
AcDbVertex
100
AcDb2dVertex
 10
250.8746809763147
 20
76.88720346680577
 30
1.499999988389792
  0
SEQEND
  5
650
330
64C
100
AcDbEntity
  8
默认
 62
    96
420
    32512
  0
ARC
  5
651
102
{ACAD_REACTORS
330
749
102
}
330
1F
100
AcDbEntity
  8
默认
 62
    96
420
    32512
100
AcDbCircle
 10
251.3746809763147
 20
76.88720346680577
 30
1.499999988389792
 40
0.4999999999999089
100
AcDbArc
 50
179.9999999999935
 51
270.0000000000065
  0
LINE
  5
652
102
{ACAD_REACTORS
330
749
102
}
330
1F
100
AcDbEntity
  8
默认
 62
    96
420
    32512
100
AcDbLine
 10
251.3746809763147
 20
76.38720346680589
 30
1.499999988389792
 11
257.3746809763147
 21
76.38720346680589
 31
1.499999988389792
  0
ARC
  5
653
102
{ACAD_REACTORS
330
749
102
}
330
1F
100
AcDbEntity
  8
默认
 62
    96
420
    32512
100
AcDbCircle
 10
257.3746809763147
 20
76.88720346680577
 30
1.499999988389792
 40
0.4999999999999299
100
AcDbArc
 50
269.9999999999935
 51
0.0000000000081422
  0
POLYLINE
  5
654
102
{ACAD_REACTORS
330
749
102
}
330
1F
100
AcDbEntity
  8
默认
 62
    96
420
    32512
100
AcDb2dPolyline
 66
     1
 10
0.0
 20
0.0
 30
1.499999988389792
  0
VERTEX
  5
655
330
654
100
AcDbEntity
  8
默认
 62
    96
420
    32512
100
AcDbVertex
100
AcDb2dVertex
 10
257.8746809763147
 20
76.88720346680577
 30
1.499999988389792
  0
VERTEX
  5
656
330
654
100
AcDbEntity
  8
默认
 62
    96
420
    32512
100
AcDbVertex
100
AcDb2dVertex
 10
257.8746809763147
 20
78.38720346680577
 30
1.499999988389792
  0
VERTEX
  5
657
330
654
100
AcDbEntity
  8
默认
 62
    96
420
    32512
100
AcDbVertex
100
AcDb2dVertex
 10
274.7506809763145
 20
78.38720346680577
 30
1.499999988389792
  0
VERTEX
  5
658
330
654
100
AcDbEntity
  8
默认
 62
    96
420
    32512
100
AcDbVertex
100
AcDb2dVertex
 10
274.7506809763145
 20
76.88720346680577
 30
1.499999988389792
  0
SEQEND
  5
659
330
654
100
AcDbEntity
  8
默认
 62
    96
420
    32512
  0
ARC
  5
65A
102
{ACAD_REACTORS
330
749
102
}
330
1F
100
AcDbEntity
  8
默认
 62
    96
420
    32512
100
AcDbCircle
 10
169.3251809763146
 20
40.78720346680576
 30
1.499999988389792
 40
0.4999999999999573
100
AcDbArc
 50
179.9999999999951
 51
269.9999999999968
  0
LINE
  5
65B
102
{ACAD_REACTORS
330
749
102
}
330
1F
100
AcDbEntity
  8
默认
 62
    96
420
    32512
100
AcDbLine
 10
169.3251809763146
 20
40.28720346680576
 30
1.499999988389792
 11
182.3251809763146
 21
40.28720346680576
 31
1.499999988389792
  0
ARC
  5
65C
102
{ACAD_REACTORS
330
749
102
}
330
1F
100
AcDbEntity
  8
默认
 62
    96
420
    32512
100
AcDbCircle
 10
182.3251809763146
 20
40.78720346680576
 30
1.499999988389792
 40
0.4999999999998646
100
AcDbArc
 50
269.9999999999837
 51
0.0000000000154702
  0
LINE
  5
65D
102
{ACAD_REACTORS
330
749
102
}
330
1F
100
AcDbEntity
  8
默认
 62
    96
420
    32512
100
AcDbLine
 10
182.8251809763146
 20
40.78720346680576
 30
1.499999988389792
 11
182.8251809763146
 21
53.78720346680587
 31
1.499999988389792
  0
ARC
  5
65E
102
{ACAD_REACTORS
330
749
102
}
330
1F
100
AcDbEntity
  8
默认
 62
    96
420
    32512
100
AcDbCircle
 10
182.3251809763146
 20
53.78720346680587
 30
1.499999988389792
 40
0.4999999999999373
100
AcDbArc
 50
359.9999999999968
 51
90.00000000000651
  0
LINE
  5
65F
102
{ACAD_REACTORS
330
749
102
}
330
1F
100
AcDbEntity
  8
默认
 62
    96
420
    32512
100
AcDbLine
 10
182.3251809763146
 20
54.28720346680587
 30
1.499999988389792
 11
169.3251809763146
 21
54.28720346680598
 31
1.499999988389792
  0
ARC
  5
660
102
{ACAD_REACTORS
330
749
102
}
330
1F
100
AcDbEntity
  8
默认
 62
    96
420
    32512
100
AcDbCircle
 10
169.3251809763146
 20
53.78720346680587
 30
1.499999988389792
 40
0.5000000000000778
100
AcDbArc
 50
90.00000000000978
 51
179.9999999999902
  0
LINE
  5
661
102
{ACAD_REACTORS
330
749
102
}
330
1F
100
AcDbEntity
  8
默认
 62
    96
420
    32512
100
AcDbLine
 10
168.8251809763146
 20
53.78720346680598
 30
1.499999988389792
 11
168.8251809763146
 21
40.78720346680576
 31
1.499999988389792
  0
ARC
  5
662
102
{ACAD_REACTORS
330
749
102
}
330
1F
100
AcDbEntity
  8
默认
 62
    96
420
    32512
100
AcDbCircle
 10
188.3751809763144
 20
40.78720346680576
 30
1.499999988389792
 40
0.4999999999999573
100
AcDbArc
 50
179.9999999999951
 51
269.9999999999968
  0
LINE
  5
663
102
{ACAD_REACTORS
330
749
102
}
330
1F
100
AcDbEntity
  8
默认
 62
    96
420
    32512
100
AcDbLine
 10
188.3751809763148
 20
40.28720346680576
 30
1.499999988389792
 11
201.3751809763148
 21
40.28720346680576
 31
1.499999988389792
  0
ARC
  5
664
102
{ACAD_REACTORS
330
749
102
}
330
1F
100
AcDbEntity
  8
默认
 62
    96
420
    32512
100
AcDbCircle
 10
201.3751809763148
 20
40.78720346680576
 30
1.499999988389792
 40
0.4999999999999165
100
AcDbArc
 50
269.9999999999902
 51
0.0000000000097707
  0
LINE
  5
665
102
{ACAD_REACTORS
330
749
102
}
330
1F
100
AcDbEntity
  8
默认
 62
    96
420
    32512
100
AcDbLine
 10
201.8751809763148
 20
40.78720346680576
 30
1.499999988389792
 11
201.8751809763148
 21
53.78720346680587
 31
1.499999988389792
  0
ARC
  5
666
102
{ACAD_REACTORS
330
749
102
}
330
1F
100
AcDbEntity
  8
默认
 62
    96
420
    32512
100
AcDbCircle
 10
201.3751809763148
 20
53.78720346680587
 30
1.499999988389792
 40
0.4999999999999779
100
AcDbArc
 50
0.0
 51
90.00000000000325
  0
LINE
  5
667
102
{ACAD_REACTORS
330
749
102
}
330
1F
100
AcDbEntity
  8
默认
 62
    96
420
    32512
100
AcDbLine
 10
201.3751809763148
 20
54.28720346680587
 30
1.499999988389792
 11
188.3751809763148
 21
54.28720346680598
 31
1.499999988389792
  0
ARC
  5
668
102
{ACAD_REACTORS
330
749
102
}
330
1F
100
AcDbEntity
  8
默认
 62
    96
420
    32512
100
AcDbCircle
 10
188.3751809763148
 20
53.78720346680587
 30
1.499999988389792
 40
0.5000000000000778
100
AcDbArc
 50
90.00000000000978
 51
179.9999999999902
  0
LINE
  5
669
102
{ACAD_REACTORS
330
749
102
}
330
1F
100
AcDbEntity
  8
默认
 62
    96
420
    32512
100
AcDbLine
 10
187.8751809763148
 20
53.78720346680598
 30
1.499999988389792
 11
187.8751809763144
 21
40.78720346680576
 31
1.499999988389792
  0
LINE
  5
66A
102
{ACAD_REACTORS
330
749
102
}
330
1F
100
AcDbEntity
  8
默认
 62
    96
420
    32512
100
AcDbLine
 10
4.533190373974321
 20
53.78720346680598
 30
1.499999988389792
 11
4.533190373974321
 21
40.78720346680598
 31
1.499999988389792
  0
ARC
  5
66B
102
{ACAD_REACTORS
330
749
102
}
330
1F
100
AcDbEntity
  8
默认
 62
    96
420
    32512
100
AcDbCircle
 10
5.033190373974321
 20
40.78720346680576
 30
1.499999988389792
 40
0.4999999999999492
100
AcDbArc
 50
179.9999999999927
 51
270.0000000000057
  0
LINE
  5
66C
102
{ACAD_REACTORS
330
749
102
}
330
1F
100
AcDbEntity
  8
默认
 62
    96
420
    32512
100
AcDbLine
 10
5.033190373974321
 20
40.28720346680576
 30
1.499999988389792
 11
22.79569037397459
 21
40.28720346680576
 31
1.499999988389792
  0
ARC
  5
66D
102
{ACAD_REACTORS
330
749
102
}
330
1F
100
AcDbEntity
  8
默认
 62
    96
420
    32512
100
AcDbCircle
 10
22.79569037397459
 20
40.78720346680576
 30
1.499999988389792
 40
0.4999999999999458
100
AcDbArc
 50
269.9999999999943
 51
0.0000000000056996
  0
LINE
  5
66E
102
{ACAD_REACTORS
330
749
102
}
330
1F
100
AcDbEntity
  8
默认
 62
    96
420
    32512
100
AcDbLine
 10
23.29569037397414
 20
40.78720346680576
 30
1.499999988389792
 11
23.29569037397414
 21
53.78720346680598
 31
1.499999988389792
  0
ARC
  5
66F
102
{ACAD_REACTORS
330
749
102
}
330
1F
100
AcDbEntity
  8
默认
 62
    96
420
    32512
100
AcDbCircle
 10
22.79569037397414
 20
53.78720346680587
 30
1.499999988389792
 40
0.5000000000000736
100
AcDbArc
 50
0.0000000000081422
 51
89.99999999999105
  0
LINE
  5
670
102
{ACAD_REACTORS
330
749
102
}
330
1F
100
AcDbEntity
  8
默认
 62
    96
420
    32512
100
AcDbLine
 10
22.79569037397414
 20
54.28720346680598
 30
1.499999988389792
 11
5.033190373974321
 21
54.28720346680587
 31
1.499999988389792
  0
ARC
  5
671
102
{ACAD_REACTORS
330
749
102
}
330
1F
100
AcDbEntity
  8
默认
 62
    96
420
    32512
100
AcDbCircle
 10
5.033190373974321
 20
53.78720346680587
 30
1.499999988389792
 40
0.5000000000000493
100
AcDbArc
 50
90.00000000000651
 51
179.9999999999951
  0
CIRCLE
  5
672
102
{ACAD_REACTORS
330
749
102
}
330
1F
100
AcDbEntity
  8
默认
 62
    96
420
    32512
100
AcDbCircle
 10
277.4814800763147
 20
40.51685378680578
 30
1.499999988389792
 40
0.0031749999999988
  0
CIRCLE
  5
673
102
{ACAD_REACTORS
330
749
102
}
330
1F
100
AcDbEntity
  8
默认
 62
    96
420
    32512
100
AcDbCircle
 10
279.862481156315
 20
77.91665452680593
 30
1.499999988389792
 40
0.0031749999999988
  0
CIRCLE
  5
674
102
{ACAD_REACTORS
330
749
102
}
330
1F
100
AcDbEntity
  8
默认
 62
    96
420
    32512
100
AcDbCircle
 10
276.9814810763146
 20
39.31665298680583
 30
1.499999988389792
 40
0.0031749999999988
  0
CIRCLE
  5
675
102
{ACAD_REACTORS
330
749
102
}
330
1F
100
AcDbEntity
  8
默认
 62
    96
420
    32512
100
AcDbCircle
 10
66.30047796843337
 20
57.46413258910923
 30
1.499999988389792
 40
1.0
  0
CIRCLE
  5
676
102
{ACAD_REACTORS
330
749
102
}
330
1F
100
AcDbEntity
  8
默认
 62
    96
420
    32512
100
AcDbCircle
 10
281.5874815163147
 20
79.11685278680591
 30
1.499999988389792
 40
0.0031749999999988
  0
CIRCLE
  5
677
102
{ACAD_REACTORS
330
749
102
}
330
1F
100
AcDbEntity
  8
默认
 62
    96
420
    32512
100
AcDbCircle
 10
260.0381554195646
 20
66.68750777835578
 30
1.499999988389792
 40
2.499999999999943
  0
CIRCLE
  5
678
102
{ACAD_REACTORS
330
749
102
}
330
1F
100
AcDbEntity
  8
默认
 62
    96
420
    32512
100
AcDbCircle
 10
142.4962717200233
 20
75.2271831352092
 30
1.499999988389792
 40
1.0
  0
CIRCLE
  5
679
102
{ACAD_REACTORS
330
749
102
}
330
1F
100
AcDbEntity
  8
默认
 62
    96
420
    32512
100
AcDbCircle
 10
281.0874799763146
 20
78.61685378680579
 30
1.499999988389792
 40
0.0031749999999988
  0
CIRCLE
  5
67A
102
{ACAD_REACTORS
330
749
102
}
330
1F
100
AcDbEntity
  8
默认
 62
    96
420
    32512
100
AcDbCircle
 10
279.862481156315
 20
77.91665452680593
 30
1.499999988389792
 40
0.0031749999999988
  0
CIRCLE
  5
67B
102
{ACAD_REACTORS
330
749
102
}
330
1F
100
AcDbEntity
  8
默认
 62
    96
420
    32512
100
AcDbCircle
 10
199.6507497489733
 20
57.46413258910923
 30
1.499999988389792
 40
1.000000000000028
  0
CIRCLE
  5
67C
102
{ACAD_REACTORS
330
749
102
}
330
1F
100
AcDbEntity
  8
默认
 62
    96
420
    32512
100
AcDbCircle
 10
24.63331007410125
 20
7.256154433149284
 30
1.499999988389792
 40
0.9999999999999928
  0
CIRCLE
  5
67D
102
{ACAD_REACTORS
330
749
102
}
330
1F
100
AcDbEntity
  8
默认
 62
    96
420
    32512
100
AcDbCircle
 10
277.4814800763147
 20
39.81665452680591
 30
1.499999988389792
 40
0.0031749999999988
  0
CIRCLE
  5
67E
102
{ACAD_REACTORS
330
749
102
}
330
1F
100
AcDbEntity
  8
默认
 62
    96
420
    32512
100
AcDbCircle
 10
278.7064814363148
 20
40.51685378680578
 30
1.499999988389792
 40
0.0031749999999988
  0
CIRCLE
  5
67F
102
{ACAD_REACTORS
330
749
102
}
330
1F
100
AcDbEntity
  8
默认
 62
    96
420
    32512
100
AcDbCircle
 10
279.862481156315
 20
78.61685378680579
 30
1.499999988389792
 40
0.0031749999999988
  0
CIRCLE
  5
680
102
{ACAD_REACTORS
330
749
102
}
330
1F
100
AcDbEntity
  8
默认
 62
    96
420
    32512
100
AcDbCircle
 10
25.18800941776453
 20
66.68610282535553
 30
1.499999988389792
 40
2.499999999999985
  0
CIRCLE
  5
681
102
{ACAD_REACTORS
330
749
102
}
330
1F
100
AcDbEntity
  8
默认
 62
    96
420
    32512
100
AcDbCircle
 10
277.4814800763147
 20
39.81665452680591
 30
1.499999988389792
 40
0.0031749999999988
  0
CIRCLE
  5
682
102
{ACAD_REACTORS
330
749
102
}
330
1F
100
AcDbEntity
  8
默认
 62
    96
420
    32512
100
AcDbCircle
 10
279.3624821563149
 20
77.41665552680581
 30
1.499999988389792
 40
0.0031750000000272
  0
CIRCLE
  5
683
102
{ACAD_REACTORS
330
749
102
}
330
1F
100
AcDbEntity
  8
默认
 62
    96
420
    32512
100
AcDbCircle
 10
278.7064814363148
 20
40.51685378680578
 30
1.499999988389792
 40
0.0031749999999988
  0
CIRCLE
  5
684
102
{ACAD_REACTORS
330
749
102
}
330
1F
100
AcDbEntity
  8
默认
 62
    96
420
    32512
100
AcDbCircle
 10
3.226990541462328
 20
70.01317246718929
 30
1.499999988389792
 40
1.000000000000007
  0
CIRCLE
  5
685
102
{ACAD_REACTORS
330
749
102
}
330
1F
100
AcDbEntity
  8
默认
 62
    96
420
    32512
100
AcDbCircle
 10
279.862481156315
 20
78.61685378680579
 30
1.499999988389792
 40
0.0031749999999988
  0
CIRCLE
  5
686
102
{ACAD_REACTORS
330
749
102
}
330
1F
100
AcDbEntity
  8
默认
 62
    96
420
    32512
100
AcDbCircle
 10
260.3747146969035
 20
7.384203709249057
 30
1.499999988389792
 40
1.0
  0
CIRCLE
  5
687
102
{ACAD_REACTORS
330
749
102
}
330
1F
100
AcDbEntity
  8
默认
 62
    96
420
    32512
100
AcDbCircle
 10
279.2064804363145
 20
41.01685278680589
 30
1.499999988389792
 40
0.0031750000000272
  0
CIRCLE
  5
688
102
{ACAD_REACTORS
330
749
102
}
330
1F
100
AcDbEntity
  8
默认
 62
    96
420
    32512
100
AcDbCircle
 10
274.6804798363146
 20
39.31665298680583
 30
1.499999988389792
 40
0.0031749999999988
  0
CIRCLE
  5
689
102
{ACAD_REACTORS
330
749
102
}
330
1F
100
AcDbEntity
  8
默认
 62
    96
420
    32512
100
AcDbCircle
 10
281.5874789763147
 20
79.11685278680591
 30
1.499999988389792
 40
0.0031750000000272
  0
CIRCLE
  5
68A
102
{ACAD_REACTORS
330
749
102
}
330
1F
100
AcDbEntity
  8
默认
 62
    96
420
    32512
100
AcDbCircle
 10
276.9814810763146
 20
39.3166555268058
 30
1.499999988389792
 40
0.0031749999999988
  0
CIRCLE
  5
68B
102
{ACAD_REACTORS
330
749
102
}
330
1F
100
AcDbEntity
  8
默认
 62
    96
420
    32512
100
AcDbCircle
 10
281.0874799763146
 20
78.61685378680579
 30
1.499999988389792
 40
0.0031749999999988
  0
CIRCLE
  5
68C
102
{ACAD_REACTORS
330
749
102
}
330
1F
100
AcDbEntity
  8
默认
 62
    96
420
    32512
100
AcDbCircle
 10
137.7378490631731
 20
23.11010160104934
 30
1.499999988389792
 40
1.0
  0
CIRCLE
  5
68D
102
{ACAD_REACTORS
330
749
102
}
330
1F
100
AcDbEntity
  8
默认
 62
    96
420
    32512
100
AcDbCircle
 10
259.2865054004833
 20
71.9151790711993
 30
1.499999988389792
 40
1.0
  0
CIRCLE
  5
68E
102
{ACAD_REACTORS
330
749
102
}
330
1F
100
AcDbEntity
  8
默认
 62
    96
420
    32512
100
AcDbCircle
 10
277.4814800763147
 20
40.51685378680578
 30
1.499999988389792
 40
0.0031749999999988
  0
CIRCLE
  5
68F
102
{ACAD_REACTORS
330
749
102
}
330
1F
100
AcDbEntity
  8
默认
 62
    96
420
    32512
100
AcDbCircle
 10
274.6804798363146
 20
39.3166555268058
 30
1.499999988389792
 40
0.0031749999999988
  0
CIRCLE
  5
690
102
{ACAD_REACTORS
330
749
102
}
330
1F
100
AcDbEntity
  8
默认
 62
    96
420
    32512
100
AcDbCircle
 10
279.2064804363145
 20
41.01685278680589
 30
1.499999988389792
 40
0.0031750000000272
  0
CIRCLE
  5
691
102
{ACAD_REACTORS
330
749
102
}
330
1F
100
AcDbEntity
  8
默认
 62
    96
420
    32512
100
AcDbCircle
 10
279.3624821563149
 20
77.41665298680584
 30
1.499999988389792
 40
0.0031750000000272
  0
CIRCLE
  5
692
102
{ACAD_REACTORS
330
749
102
}
330
1F
100
AcDbEntity
  8
默认
 62
    96
420
    32512
100
AcDbCircle
 10
236.150084740897
 20
35.86834336452922
 30
1.499999988389434
 40
1.0
  0
SPLINE
  5
693
102
{ACAD_REACTORS
330
749
102
}
330
1F
100
AcDbEntity
  8
默认
 62
    96
420
    32512
100
AcDbSpline
210
0.0
220
0.0
230
1.0
 70
    24
 71
     2
 72
     6
 73
     3
 74
     0
 42
0.0000000001
 43
0.0000000001
 40
4849.506441779645
 40
4849.506441779645
 40
4849.506441779645
 40
4854.887691779646
 40
4854.887691779646
 40
4854.887691779646
 10
203.1376809763133
 20
16.18720346680585
 30
1.499999988389792
 10
205.8283059763139
 20
16.18720346680585
 30
1.499999988389792
 10
208.5189309763146
 20
16.18720346680585
 30
1.499999988389792
  0
SPLINE
  5
694
102
{ACAD_REACTORS
330
749
102
}
330
1F
100
AcDbEntity
  8
默认
 62
    96
420
    32512
100
AcDbSpline
210
0.0
220
0.0
230
1.0
 70
    12
 71
     2
 72
     6
 73
     3
 74
     0
 42
0.0000000001
 43
0.0000000001
 40
4854.887691779646
 40
4854.887691779646
 40
4854.887691779646
 40
4855.673089943043
 40
4855.673089943043
 40
4855.673089943043
 10
208.5189309763146
 20
16.18720346680585
 30
1.499999988389792
 41
1.0
 10
209.0189309763147
 20
16.18720346680579
 30
1.499999988389791
 41
0.7071067811865476
 10
209.0189309763146
 20
15.68720346680585
 30
1.499999988389792
 41
1.0
  0
SPLINE
  5
695
102
{ACAD_REACTORS
330
749
102
}
330
1F
100
AcDbEntity
  8
默认
 62
    96
420
    32512
100
AcDbSpline
210
0.0
220
0.0
230
1.0
 70
    24
 71
     2
 72
     6
 73
     3
 74
     0
 42
0.0000000001
 43
0.0000000001
 40
4855.673089943043
 40
4855.673089943043
 40
4855.673089943043
 40
4868.673089943044
 40
4868.673089943044
 40
4868.673089943044
 10
209.0189309763146
 20
15.68720346680585
 30
1.499999988389792
 10
209.0189309763146
 20
9.187203466805848
 30
1.499999988389792
 10
209.0189309763146
 20
2.687203466805848
 30
1.499999988389792
  0
SPLINE
  5
696
102
{ACAD_REACTORS
330
749
102
}
330
1F
100
AcDbEntity
  8
默认
 62
    96
420
    32512
100
AcDbSpline
210
0.0
220
0.0
230
1.0
 70
    12
 71
     2
 72
     6
 73
     3
 74
     0
 42
0.0000000001
 43
0.0000000001
 40
4868.673089943044
 40
4868.673089943044
 40
4868.673089943044
 40
4869.458488106441
 40
4869.458488106441
 40
4869.458488106441
 10
209.0189309763146
 20
2.687203466805848
 30
1.499999988389792
 41
1.0
 10
209.0189309763147
 20
2.187203466805842
 30
1.499999988389791
 41
0.7071067811865476
 10
208.5189309763146
 20
2.187203466805848
 30
1.499999988389792
 41
1.0
  0
SPLINE
  5
697
102
{ACAD_REACTORS
330
749
102
}
330
1F
100
AcDbEntity
  8
默认
 62
    96
420
    32512
100
AcDbSpline
210
0.0
220
0.0
230
1.0
 70
    24
 71
     2
 72
     6
 73
     3
 74
     0
 42
0.0000000001
 43
0.0000000001
 40
4869.458488106441
 40
4869.458488106441
 40
4869.458488106441
 40
4882.458488106441
 40
4882.458488106441
 40
4882.458488106441
 10
208.5189309763146
 20
2.187203466805848
 30
1.499999988389792
 10
202.0189309763146
 20
2.187203466805848
 30
1.499999988389792
 10
195.5189309763146
 20
2.187203466805848
 30
1.499999988389792
  0
SPLINE
  5
698
102
{ACAD_REACTORS
330
749
102
}
330
1F
100
AcDbEntity
  8
默认
 62
    96
420
    32512
100
AcDbSpline
210
0.0
220
0.0
230
1.0
 70
    12
 71
     2
 72
     6
 73
     3
 74
     0
 42
0.0000000001
 43
0.0000000001
 40
4882.458488106441
 40
4882.458488106441
 40
4882.458488106441
 40
4883.243886269838
 40
4883.243886269838
 40
4883.243886269838
 10
195.5189309763146
 20
2.187203466805848
 30
1.499999988389792
 41
1.0
 10
195.0189309763149
 20
2.187203466805842
 30
1.499999988389791
 41
0.7071067811865476
 10
195.0189309763146
 20
2.687203466805848
 30
1.499999988389792
 41
1.0
  0
SPLINE
  5
699
102
{ACAD_REACTORS
330
749
102
}
330
1F
100
AcDbEntity
  8
默认
 62
    96
420
    32512
100
AcDbSpline
210
0.0
220
0.0
230
1.0
 70
    24
 71
     2
 72
     6
 73
     3
 74
     0
 42
0.0000000001
 43
0.0000000001
 40
4883.243886269838
 40
4883.243886269838
 40
4883.243886269838
 40
4896.243886269838
 40
4896.243886269838
 40
4896.243886269838
 10
195.0189309763146
 20
2.687203466805848
 30
1.499999988389792
 10
195.0189309763146
 20
9.187203466805848
 30
1.499999988389792
 10
195.0189309763146
 20
15.68720346680585
 30
1.499999988389792
  0
SPLINE
  5
69A
102
{ACAD_REACTORS
330
749
102
}
330
1F
100
AcDbEntity
  8
默认
 62
    96
420
    32512
100
AcDbSpline
210
0.0
220
0.0
230
1.0
 70
    12
 71
     2
 72
     6
 73
     3
 74
     0
 42
0.0000000001
 43
0.0000000001
 40
4896.243886269838
 40
4896.243886269838
 40
4896.243886269838
 40
4897.029284433236
 40
4897.029284433236
 40
4897.029284433236
 10
195.0189309763146
 20
15.68720346680585
 30
1.499999988389792
 41
1.0
 10
195.0189309763149
 20
16.18720346680579
 30
1.499999988389791
 41
0.7071067811865476
 10
195.5189309763146
 20
16.18720346680585
 30
1.499999988389792
 41
1.0
  0
SPLINE
  5
69B
102
{ACAD_REACTORS
330
749
102
}
330
1F
100
AcDbEntity
  8
默认
 62
    96
420
    32512
100
AcDbSpline
210
0.0
220
0.0
230
1.0
 70
    24
 71
     2
 72
     6
 73
     3
 74
     0
 42
0.0000000001
 43
0.0000000001
 40
4841.887691779646
 40
4841.887691779646
 40
4841.887691779646
 40
4842.506441779646
 40
4842.506441779646
 40
4842.506441779646
 10
195.5189309763146
 20
16.18720346680585
 30
1.499999988389792
 10
195.8283059763146
 20
16.18720346680585
 30
1.499999988389792
 10
196.1376809763146
 20
16.18720346680585
 30
1.499999988389793
  0
ENDSEC
  0
SECTION
  2
OBJECTS
  0
DICTIONARY
  5
C
330
0
100
AcDbDictionary
281
     1
  3
ACAD_DETAILVIEWSTYLE
350
785
  3
ACAD_GROUP
350
D
  3
ACAD_LAYOUT
350
1A
  3
ACAD_MATERIAL
350
43
  3
ACAD_MLEADERSTYLE
350
5B
  3
ACAD_MLINESTYLE
350
17
  3
ACAD_PLOTSETTINGS
350
19
  3
ACAD_PLOTSTYLENAME
350
E
  3
ACAD_SCALELIST
350
47
  3
ACAD_SECTIONVIEWSTYLE
350
786
  3
ACAD_TABLESTYLE
350
59
  3
ACAD_VISUALSTYLE
350
2A
  3
ACDB_RECOMPOSE_DATA
350
782
  3
AcDbVariableDictionary
350
74A
  0
SUN
  5
5D
330
29
100
AcDbSun
 90
        1
290
     0
 63
     7
421
 16777215
 40
1.0
291
     1
 91
  2455826
 92
 54000000
292
     0
 70
     2
 71
   256
280
     1
  0
DICTIONARY
  5
785
102
{ACAD_REACTORS
330
C
102
}
330
C
100
AcDbDictionary
281
     1
  0
DICTIONARY
  5
D
102
{ACAD_REACTORS
330
C
102
}
330
C
100
AcDbDictionary
281
     1
  3
Group12
350
721
  3
群组01
350
69C
  3
群组02
350
69D
  3
群组03
350
69E
  3
群组04
350
69F
  3
群组05
350
6A0
  3
群组06
350
6A1
  3
群组07
350
6A2
  3
群组08
350
6A3
  3
群组09
350
6A4
  3
群组10
350
6A5
  3
群组100
350
705
  3
群组101
350
6C5
  3
群组102
350
6C6
  3
群组103
350
6C7
  3
群组104
350
6C8
  3
群组105
350
6C9
  3
群组106
350
6CA
  3
群组107
350
711
  3
群组108
350
6CB
  3
群组109
350
6CC
  3
群组11
350
6A6
  3
群组110
350
6CD
  3
群组111
350
6CE
  3
群组112
350
712
  3
群组113
350
6CF
  3
群组114
350
6D0
  3
群组115
350
6D1
  3
群组116
350
6D2
  3
群组117
350
713
  3
群组118
350
6D3
  3
群组119
350
6D4
  3
群组12
350
6A7
  3
群组120
350
6D5
  3
群组121
350
6D6
  3
群组122
350
6D7
  3
群组123
350
6D8
  3
群组124
350
714
  3
群组125
350
6D9
  3
群组126
350
6DA
  3
群组127
350
6DB
  3
群组128
350
6DC
  3
群组129
350
6DD
  3
群组13
350
6A8
  3
群组130
350
6DE
  3
群组131
350
6DF
  3
群组132
350
6E0
  3
群组133
350
715
  3
群组134
350
716
  3
群组135
350
717
  3
群组136
350
706
  3
群组137
350
718
  3
群组138
350
719
  3
群组139
350
71A
  3
群组14
350
6A9
  3
群组140
350
71B
  3
群组141
350
71C
  3
群组142
350
72D
  3
群组143
350
72E
  3
群组144
350
72F
  3
群组145
350
730
  3
群组146
350
731
  3
群组147
350
732
  3
群组148
350
733
  3
群组149
350
734
  3
群组15
350
6AA
  3
群组150
350
735
  3
群组151
350
736
  3
群组152
350
737
  3
群组153
350
738
  3
群组154
350
739
  3
群组155
350
73A
  3
群组156
350
73B
  3
群组157
350
73C
  3
群组158
350
73D
  3
群组159
350
73E
  3
群组16
350
6AB
  3
群组160
350
73F
  3
群组161
350
740
  3
群组162
350
741
  3
群组163
350
742
  3
群组164
350
743
  3
群组165
350
71D
  3
群组166
350
71E
  3
群组167
350
744
  3
群组168
350
745
  3
群组169
350
746
  3
群组17
350
6AC
  3
群组170
350
747
  3
群组171
350
748
  3
群组172
350
749
  3
群组18
350
6AD
  3
群组19
350
6E1
  3
群组20
350
6E2
  3
群组21
350
6E3
  3
群组22
350
6E4
  3
群组23
350
6E5
  3
群组24
350
6E6
  3
群组25
350
6E7
  3
群组26
350
6E9
  3
群组27
350
6E8
  3
群组28
350
6EA
  3
群组29
350
6EB
  3
群组30
350
6EC
  3
群组31
350
6ED
  3
群组32
350
6EE
  3
群组33
350
6EF
  3
群组34
350
6F0
  3
群组35
350
6F1
  3
群组36
350
6F2
  3
群组37
350
6F3
  3
群组38
350
6F4
  3
群组39
350
6F5
  3
群组40
350
6F6
  3
群组41
350
6F7
  3
群组42
350
707
  3
群组43
350
720
  3
群组44
350
722
  3
群组45
350
723
  3
群组46
350
724
  3
群组47
350
6F8
  3
群组48
350
6F9
  3
群组49
350
725
  3
群组50
350
6FA
  3
群组51
350
726
  3
群组52
350
6AE
  3
群组53
350
727
  3
群组54
350
6AF
  3
群组55
350
6B0
  3
群组56
350
6B1
  3
群组57
350
6B2
  3
群组58
350
6B3
  3
群组59
350
6B4
  3
群组60
350
6B5
  3
群组61
350
6B6
  3
群组62
350
6B7
  3
群组63
350
6B8
  3
群组64
350
6B9
  3
群组65
350
6BA
  3
群组66
350
6BB
  3
群组67
350
6BC
  3
群组68
350
6BD
  3
群组69
350
6BE
  3
群组70
350
6FB
  3
群组71
350
6BF
  3
群组72
350
6FC
  3
群组73
350
728
  3
群组74
350
729
  3
群组75
350
72A
  3
群组76
350
72B
  3
群组77
350
6FD
  3
群组78
350
72C
  3
群组79
350
6FE
  3
群组80
350
708
  3
群组81
350
6FF
  3
群组82
350
709
  3
群组83
350
700
  3
群组84
350
70A
  3
群组85
350
70B
  3
群组86
350
70C
  3
群组87
350
70D
  3
群组88
350
701
  3
群组89
350
702
  3
群组90
350
70E
  3
群组91
350
703
  3
群组92
350
70F
  3
群组93
350
710
  3
群组94
350
704
  3
群组95
350
6C0
  3
群组96
350
6C1
  3
群组97
350
6C2
  3
群组98
350
6C3
  3
群组99
350
6C4
  3
图层_1
350
71F
  0
DICTIONARY
  5
1A
102
{ACAD_REACTORS
330
C
102
}
330
C
100
AcDbDictionary
281
     1
  3
Layout1
350
1E
  3
Layout2
350
26
  3
Model
350
22
  0
DICTIONARY
  5
43
102
{ACAD_REACTORS
330
C
102
}
330
C
100
AcDbDictionary
281
     1
  3
ByBlock
350
45
  3
ByLayer
350
44
  3
Global
350
46
  0
DICTIONARY
  5
5B
102
{ACAD_REACTORS
330
C
102
}
330
C
100
AcDbDictionary
281
     1
  3
Standard
350
5C
  0
DICTIONARY
  5
17
102
{ACAD_REACTORS
330
C
102
}
330
C
100
AcDbDictionary
281
     1
  3
Standard
350
18
  0
DICTIONARY
  5
19
102
{ACAD_REACTORS
330
C
102
}
330
C
100
AcDbDictionary
281
     1
  0
ACDBDICTIONARYWDFLT
  5
E
102
{ACAD_REACTORS
330
C
102
}
330
C
100
AcDbDictionary
281
     1
  3
Normal
350
F
100
AcDbDictionaryWithDefault
340
F
  0
DICTIONARY
  5
47
102
{ACAD_REACTORS
330
C
102
}
330
C
100
AcDbDictionary
281
     1
  3
A0
350
48
  3
A1
350
49
  3
A2
350
4A
  3
A3
350
4B
  3
A4
350
4C
  3
A5
350
4D
  3
A6
350
4E
  3
A7
350
4F
  3
A8
350
50
  3
A9
350
51
  3
B1
350
52
  3
B2
350
53
  3
B3
350
54
  3
B4
350
55
  3
B5
350
56
  3
B6
350
57
  3
B7
350
58
  0
DICTIONARY
  5
786
102
{ACAD_REACTORS
330
C
102
}
330
C
100
AcDbDictionary
281
     1
  0
DICTIONARY
  5
59
102
{ACAD_REACTORS
330
C
102
}
330
C
100
AcDbDictionary
281
     1
  3
Standard
350
5A
  0
DICTIONARY
  5
2A
102
{ACAD_REACTORS
330
C
102
}
330
C
100
AcDbDictionary
281
     1
  3
2dWireframe
350
2F
  3
Basic
350
32
  3
Brighten
350
36
  3
ColorChange
350
3A
  3
Conceptual
350
34
  3
Dim
350
35
  3
EdgeColorOff
350
3D
  3
Facepattern
350
39
  3
Flat
350
2B
  3
FlatWithEdges
350
2C
  3
Gouraud
350
2D
  3
GouraudWithEdges
350
2E
  3
Hidden
350
31
  3
JitterOff
350
3B
  3
Linepattern
350
38
  3
OverhangOff
350
3C
  3
Realistic
350
33
  3
Shaded
350
42
  3
Shaded with edges
350
41
  3
Shades of Gray
350
3E
  3
Sketchy
350
3F
  3
Thicken
350
37
  3
Wireframe
350
30
  3
X-Ray
350
40
  0
XRECORD
  5
782
102
{ACAD_REACTORS
330
C
102
}
330
C
100
AcDbXrecord
280
     1
 90
        1
330
5A
  0
DICTIONARY
  5
74A
102
{ACAD_REACTORS
330
C
102
}
330
C
100
AcDbDictionary
281
     1
  3
CANNOSCALE
350
74B
  3
CMLEADERSTYLE
350
784
  3
CTABLESTYLE
350
783
  3
XCLIPFRAME
350
74C
  0
GROUP
  5
721
102
{ACAD_REACTORS
330
D
102
}
330
D
100
AcDbGroup
300

 70
     0
 71
     1
  0
GROUP
  5
69C
102
{ACAD_REACTORS
330
D
102
}
330
D
100
AcDbGroup
300

 70
     0
 71
     1
  0
GROUP
  5
69D
102
{ACAD_REACTORS
330
D
102
}
330
D
100
AcDbGroup
300

 70
     0
 71
     1
  0
GROUP
  5
69E
102
{ACAD_REACTORS
330
D
102
}
330
D
100
AcDbGroup
300

 70
     0
 71
     1
  0
GROUP
  5
69F
102
{ACAD_REACTORS
330
D
102
}
330
D
100
AcDbGroup
300

 70
     0
 71
     1
  0
GROUP
  5
6A0
102
{ACAD_REACTORS
330
D
102
}
330
D
100
AcDbGroup
300

 70
     0
 71
     1
  0
GROUP
  5
6A1
102
{ACAD_REACTORS
330
D
102
}
330
D
100
AcDbGroup
300

 70
     0
 71
     1
  0
GROUP
  5
6A2
102
{ACAD_REACTORS
330
D
102
}
330
D
100
AcDbGroup
300

 70
     0
 71
     1
  0
GROUP
  5
6A3
102
{ACAD_REACTORS
330
D
102
}
330
D
100
AcDbGroup
300

 70
     0
 71
     1
  0
GROUP
  5
6A4
102
{ACAD_REACTORS
330
D
102
}
330
D
100
AcDbGroup
300

 70
     0
 71
     1
  0
GROUP
  5
6A5
102
{ACAD_REACTORS
330
D
102
}
330
D
100
AcDbGroup
300

 70
     0
 71
     1
  0
GROUP
  5
705
102
{ACAD_REACTORS
330
D
102
}
330
D
100
AcDbGroup
300

 70
     0
 71
     1
  0
GROUP
  5
6C5
102
{ACAD_REACTORS
330
D
102
}
330
D
100
AcDbGroup
300

 70
     0
 71
     1
  0
GROUP
  5
6C6
102
{ACAD_REACTORS
330
D
102
}
330
D
100
AcDbGroup
300

 70
     0
 71
     1
  0
GROUP
  5
6C7
102
{ACAD_REACTORS
330
D
102
}
330
D
100
AcDbGroup
300

 70
     0
 71
     1
  0
GROUP
  5
6C8
102
{ACAD_REACTORS
330
D
102
}
330
D
100
AcDbGroup
300

 70
     0
 71
     1
  0
GROUP
  5
6C9
102
{ACAD_REACTORS
330
D
102
}
330
D
100
AcDbGroup
300

 70
     0
 71
     1
  0
GROUP
  5
6CA
102
{ACAD_REACTORS
330
D
102
}
330
D
100
AcDbGroup
300

 70
     0
 71
     1
  0
GROUP
  5
711
102
{ACAD_REACTORS
330
D
102
}
330
D
100
AcDbGroup
300

 70
     0
 71
     1
  0
GROUP
  5
6CB
102
{ACAD_REACTORS
330
D
102
}
330
D
100
AcDbGroup
300

 70
     0
 71
     1
  0
GROUP
  5
6CC
102
{ACAD_REACTORS
330
D
102
}
330
D
100
AcDbGroup
300

 70
     0
 71
     1
  0
GROUP
  5
6A6
102
{ACAD_REACTORS
330
D
102
}
330
D
100
AcDbGroup
300

 70
     0
 71
     1
  0
GROUP
  5
6CD
102
{ACAD_REACTORS
330
D
102
}
330
D
100
AcDbGroup
300

 70
     0
 71
     1
  0
GROUP
  5
6CE
102
{ACAD_REACTORS
330
D
102
}
330
D
100
AcDbGroup
300

 70
     0
 71
     1
  0
GROUP
  5
712
102
{ACAD_REACTORS
330
D
102
}
330
D
100
AcDbGroup
300

 70
     0
 71
     1
  0
GROUP
  5
6CF
102
{ACAD_REACTORS
330
D
102
}
330
D
100
AcDbGroup
300

 70
     0
 71
     1
  0
GROUP
  5
6D0
102
{ACAD_REACTORS
330
D
102
}
330
D
100
AcDbGroup
300

 70
     0
 71
     1
  0
GROUP
  5
6D1
102
{ACAD_REACTORS
330
D
102
}
330
D
100
AcDbGroup
300

 70
     0
 71
     1
  0
GROUP
  5
6D2
102
{ACAD_REACTORS
330
D
102
}
330
D
100
AcDbGroup
300

 70
     0
 71
     1
  0
GROUP
  5
713
102
{ACAD_REACTORS
330
D
102
}
330
D
100
AcDbGroup
300

 70
     0
 71
     1
  0
GROUP
  5
6D3
102
{ACAD_REACTORS
330
D
102
}
330
D
100
AcDbGroup
300

 70
     0
 71
     1
  0
GROUP
  5
6D4
102
{ACAD_REACTORS
330
D
102
}
330
D
100
AcDbGroup
300

 70
     0
 71
     1
  0
GROUP
  5
6A7
102
{ACAD_REACTORS
330
D
102
}
330
D
100
AcDbGroup
300

 70
     0
 71
     1
  0
GROUP
  5
6D5
102
{ACAD_REACTORS
330
D
102
}
330
D
100
AcDbGroup
300

 70
     0
 71
     1
  0
GROUP
  5
6D6
102
{ACAD_REACTORS
330
D
102
}
330
D
100
AcDbGroup
300

 70
     0
 71
     1
  0
GROUP
  5
6D7
102
{ACAD_REACTORS
330
D
102
}
330
D
100
AcDbGroup
300

 70
     0
 71
     1
  0
GROUP
  5
6D8
102
{ACAD_REACTORS
330
D
102
}
330
D
100
AcDbGroup
300

 70
     0
 71
     1
  0
GROUP
  5
714
102
{ACAD_REACTORS
330
D
102
}
330
D
100
AcDbGroup
300

 70
     0
 71
     1
  0
GROUP
  5
6D9
102
{ACAD_REACTORS
330
D
102
}
330
D
100
AcDbGroup
300

 70
     0
 71
     1
  0
GROUP
  5
6DA
102
{ACAD_REACTORS
330
D
102
}
330
D
100
AcDbGroup
300

 70
     0
 71
     1
  0
GROUP
  5
6DB
102
{ACAD_REACTORS
330
D
102
}
330
D
100
AcDbGroup
300

 70
     0
 71
     1
  0
GROUP
  5
6DC
102
{ACAD_REACTORS
330
D
102
}
330
D
100
AcDbGroup
300

 70
     0
 71
     1
  0
GROUP
  5
6DD
102
{ACAD_REACTORS
330
D
102
}
330
D
100
AcDbGroup
300

 70
     0
 71
     1
  0
GROUP
  5
6A8
102
{ACAD_REACTORS
330
D
102
}
330
D
100
AcDbGroup
300

 70
     0
 71
     1
  0
GROUP
  5
6DE
102
{ACAD_REACTORS
330
D
102
}
330
D
100
AcDbGroup
300

 70
     0
 71
     1
  0
GROUP
  5
6DF
102
{ACAD_REACTORS
330
D
102
}
330
D
100
AcDbGroup
300

 70
     0
 71
     1
  0
GROUP
  5
6E0
102
{ACAD_REACTORS
330
D
102
}
330
D
100
AcDbGroup
300

 70
     0
 71
     1
  0
GROUP
  5
715
102
{ACAD_REACTORS
330
D
102
}
330
D
100
AcDbGroup
300

 70
     0
 71
     1
  0
GROUP
  5
716
102
{ACAD_REACTORS
330
D
102
}
330
D
100
AcDbGroup
300

 70
     0
 71
     1
  0
GROUP
  5
717
102
{ACAD_REACTORS
330
D
102
}
330
D
100
AcDbGroup
300

 70
     0
 71
     1
  0
GROUP
  5
706
102
{ACAD_REACTORS
330
D
102
}
330
D
100
AcDbGroup
300

 70
     0
 71
     1
  0
GROUP
  5
718
102
{ACAD_REACTORS
330
D
102
}
330
D
100
AcDbGroup
300

 70
     0
 71
     1
  0
GROUP
  5
719
102
{ACAD_REACTORS
330
D
102
}
330
D
100
AcDbGroup
300

 70
     0
 71
     1
  0
GROUP
  5
71A
102
{ACAD_REACTORS
330
D
102
}
330
D
100
AcDbGroup
300

 70
     0
 71
     1
  0
GROUP
  5
6A9
102
{ACAD_REACTORS
330
D
102
}
330
D
100
AcDbGroup
300

 70
     0
 71
     1
  0
GROUP
  5
71B
102
{ACAD_REACTORS
330
D
102
}
330
D
100
AcDbGroup
300

 70
     0
 71
     1
  0
GROUP
  5
71C
102
{ACAD_REACTORS
330
D
102
}
330
D
100
AcDbGroup
300

 70
     0
 71
     1
  0
GROUP
  5
72D
102
{ACAD_REACTORS
330
D
102
}
330
D
100
AcDbGroup
300

 70
     0
 71
     1
  0
GROUP
  5
72E
102
{ACAD_REACTORS
330
D
102
}
330
D
100
AcDbGroup
300

 70
     0
 71
     1
  0
GROUP
  5
72F
102
{ACAD_REACTORS
330
D
102
}
330
D
100
AcDbGroup
300

 70
     0
 71
     1
  0
GROUP
  5
730
102
{ACAD_REACTORS
330
D
102
}
330
D
100
AcDbGroup
300

 70
     0
 71
     1
  0
GROUP
  5
731
102
{ACAD_REACTORS
330
D
102
}
330
D
100
AcDbGroup
300

 70
     0
 71
     1
  0
GROUP
  5
732
102
{ACAD_REACTORS
330
D
102
}
330
D
100
AcDbGroup
300

 70
     0
 71
     1
  0
GROUP
  5
733
102
{ACAD_REACTORS
330
D
102
}
330
D
100
AcDbGroup
300

 70
     0
 71
     1
  0
GROUP
  5
734
102
{ACAD_REACTORS
330
D
102
}
330
D
100
AcDbGroup
300

 70
     0
 71
     1
  0
GROUP
  5
6AA
102
{ACAD_REACTORS
330
D
102
}
330
D
100
AcDbGroup
300

 70
     0
 71
     1
  0
GROUP
  5
735
102
{ACAD_REACTORS
330
D
102
}
330
D
100
AcDbGroup
300

 70
     0
 71
     1
  0
GROUP
  5
736
102
{ACAD_REACTORS
330
D
102
}
330
D
100
AcDbGroup
300

 70
     0
 71
     1
  0
GROUP
  5
737
102
{ACAD_REACTORS
330
D
102
}
330
D
100
AcDbGroup
300

 70
     0
 71
     1
  0
GROUP
  5
738
102
{ACAD_REACTORS
330
D
102
}
330
D
100
AcDbGroup
300

 70
     0
 71
     1
  0
GROUP
  5
739
102
{ACAD_REACTORS
330
D
102
}
330
D
100
AcDbGroup
300

 70
     0
 71
     1
  0
GROUP
  5
73A
102
{ACAD_REACTORS
330
D
102
}
330
D
100
AcDbGroup
300

 70
     0
 71
     1
  0
GROUP
  5
73B
102
{ACAD_REACTORS
330
D
102
}
330
D
100
AcDbGroup
300

 70
     0
 71
     1
  0
GROUP
  5
73C
102
{ACAD_REACTORS
330
D
102
}
330
D
100
AcDbGroup
300

 70
     0
 71
     1
  0
GROUP
  5
73D
102
{ACAD_REACTORS
330
D
102
}
330
D
100
AcDbGroup
300

 70
     0
 71
     1
  0
GROUP
  5
73E
102
{ACAD_REACTORS
330
D
102
}
330
D
100
AcDbGroup
300

 70
     0
 71
     1
  0
GROUP
  5
6AB
102
{ACAD_REACTORS
330
D
102
}
330
D
100
AcDbGroup
300

 70
     0
 71
     1
  0
GROUP
  5
73F
102
{ACAD_REACTORS
330
D
102
}
330
D
100
AcDbGroup
300

 70
     0
 71
     1
  0
GROUP
  5
740
102
{ACAD_REACTORS
330
D
102
}
330
D
100
AcDbGroup
300

 70
     0
 71
     1
  0
GROUP
  5
741
102
{ACAD_REACTORS
330
D
102
}
330
D
100
AcDbGroup
300

 70
     0
 71
     1
  0
GROUP
  5
742
102
{ACAD_REACTORS
330
D
102
}
330
D
100
AcDbGroup
300

 70
     0
 71
     1
  0
GROUP
  5
743
102
{ACAD_REACTORS
330
D
102
}
330
D
100
AcDbGroup
300

 70
     0
 71
     1
  0
GROUP
  5
71D
102
{ACAD_REACTORS
330
D
102
}
330
D
100
AcDbGroup
300

 70
     0
 71
     1
  0
GROUP
  5
71E
102
{ACAD_REACTORS
330
D
102
}
330
D
100
AcDbGroup
300

 70
     0
 71
     1
  0
GROUP
  5
744
102
{ACAD_REACTORS
330
D
102
}
330
D
100
AcDbGroup
300

 70
     0
 71
     1
  0
GROUP
  5
745
102
{ACAD_REACTORS
330
D
102
}
330
D
100
AcDbGroup
300

 70
     0
 71
     1
  0
GROUP
  5
746
102
{ACAD_REACTORS
330
D
102
}
330
D
100
AcDbGroup
300

 70
     0
 71
     1
  0
GROUP
  5
6AC
102
{ACAD_REACTORS
330
D
102
}
330
D
100
AcDbGroup
300

 70
     0
 71
     1
  0
GROUP
  5
747
102
{ACAD_REACTORS
330
D
102
}
330
D
100
AcDbGroup
300

 70
     0
 71
     1
  0
GROUP
  5
748
102
{ACAD_REACTORS
330
D
102
}
330
D
100
AcDbGroup
300

 70
     0
 71
     1
  0
GROUP
  5
749
102
{ACAD_REACTORS
330
D
102
}
330
D
100
AcDbGroup
300

 70
     0
 71
     1
340
F3
340
F4
340
F5
340
F6
340
F7
340
F8
340
FD
340
FE
340
FF
340
100
340
101
340
102
340
106
340
107
340
108
340
109
340
10A
340
10B
340
10C
340
10D
340
10E
340
10F
340
110
340
111
340
112
340
113
340
114
340
115
340
116
340
117
340
118
340
119
340
11A
340
11B
340
11C
340
11D
340
11E
340
11F
340
120
340
125
340
126
340
127
340
128
340
129
340
12A
340
12F
340
130
340
131
340
132
340
138
340
139
340
13D
340
13E
340
13F
340
140
340
141
340
142
340
143
340
144
340
149
340
14A
340
14B
340
14C
340
151
340
152
340
153
340
154
340
159
340
15A
340
15B
340
15C
340
161
340
162
340
163
340
164
340
165
340
166
340
167
340
168
340
169
340
16A
340
16B
340
16C
340
16D
340
16E
340
16F
340
170
340
171
340
172
340
173
340
174
340
175
340
176
340
177
340
178
340
179
340
17A
340
17B
340
17C
340
17D
340
17E
340
17F
340
180
340
181
340
182
340
183
340
184
340
185
340
186
340
187
340
188
340
189
340
18A
340
18B
340
18C
340
18D
340
18E
340
18F
340
190
340
191
340
192
340
193
340
194
340
195
340
196
340
197
340
198
340
199
340
19A
340
19B
340
19C
340
19D
340
19E
340
19F
340
1A0
340
1A1
340
1A2
340
1A3
340
1A4
340
1A5
340
1AA
340
1AB
340
1AC
340
1AD
340
1AE
340
1AF
340
1B0
340
1B1
340
1B6
340
1B7
340
1B8
340
1B9
340
1BF
340
1C0
340
1C1
340
1C2
340
1C3
340
1C4
340
1C5
340
1C6
340
1C7
340
1C8
340
1C9
340
1CA
340
1CB
340
1CC
340
1CD
340
1CE
340
1CF
340
1D0
340
1D1
340
1D2
340
1D3
340
1D4
340
1D5
340
1D6
340
1D7
340
1D8
340
1D9
340
1DA
340
1DB
340
1DC
340
1DD
340
1DE
340
1DF
340
1E0
340
1E1
340
1E2
340
1E3
340
1E4
340
1E5
340
1E6
340
1E7
340
1E8
340
1E9
340
1EA
340
1EB
340
1EC
340
1ED
340
1EE
340
1EF
340
1F0
340
1F1
340
1F2
340
1F3
340
1F4
340
1F5
340
1F6
340
1F7
340
1F8
340
1F9
340
1FA
340
1FB
340
1FC
340
1FD
340
1FE
340
1FF
340
200
340
201
340
202
340
203
340
204
340
205
340
206
340
207
340
208
340
209
340
20A
340
20B
340
20C
340
20D
340
20E
340
20F
340
210
340
211
340
212
340
213
340
214
340
215
340
216
340
217
340
218
340
219
340
21A
340
21B
340
21C
340
21D
340
21E
340
21F
340
220
340
221
340
222
340
223
340
224
340
225
340
226
340
227
340
228
340
229
340
22A
340
22B
340
22C
340
22D
340
22E
340
22F
340
230
340
231
340
232
340
233
340
234
340
235
340
236
340
237
340
238
340
239
340
23A
340
23B
340
23C
340
23D
340
23E
340
23F
340
240
340
241
340
242
340
243
340
244
340
245
340
246
340
247
340
248
340
249
340
24A
340
24F
340
250
340
251
340
252
340
253
340
254
340
255
340
256
340
25B
340
25C
340
25D
340
25E
340
25F
340
260
340
261
340
262
340
263
340
264
340
265
340
266
340
267
340
268
340
269
340
26A
340
26B
340
26C
340
26D
340
26E
340
26F
340
270
340
271
340
272
340
273
340
274
340
275
340
276
340
277
340
278
340
279
340
27A
340
27B
340
27C
340
27D
340
27E
340
27F
340
280
340
281
340
282
340
283
340
284
340
285
340
286
340
287
340
288
340
289
340
28A
340
28B
340
28C
340
28D
340
28E
340
28F
340
290
340
291
340
292
340
293
340
294
340
295
340
296
340
297
340
298
340
299
340
29A
340
29B
340
29C
340
29D
340
29E
340
29F
340
2A0
340
2A1
340
2A2
340
2A3
340
2A4
340
2A5
340
2A6
340
2A7
340
2A8
340
2A9
340
2AA
340
2AB
340
2AC
340
2AD
340
2AE
340
2AF
340
2B0
340
2B1
340
2B2
340
2B3
340
2B4
340
2B5
340
2B6
340
2B7
340
2B8
340
2B9
340
2BA
340
2C0
340
2C1
340
2C2
340
2C3
340
2C4
340
2C5
340
2C6
340
2C7
340
2CD
340
2CE
340
2CF
340
2D0
340
2D1
340
2D2
340
2D3
340
2D4
340
2D5
340
2D6
340
2D7
340
2D8
340
2D9
340
2DA
340
2DB
340
2DC
340
2DD
340
2DE
340
2DF
340
2E0
340
2E1
340
2E2
340
2E3
340
2E4
340
2E5
340
2E6
340
2E7
340
2E8
340
2E9
340
2EA
340
2EB
340
2EC
340
2ED
340
2EE
340
2EF
340
2F0
340
2F1
340
2F2
340
2F3
340
2F4
340
2F5
340
2F6
340
2F7
340
2F8
340
2F9
340
2FA
340
2FB
340
2FC
340
2FD
340
2FE
340
2FF
340
300
340
301
340
302
340
303
340
304
340
305
340
306
340
307
340
308
340
309
340
30A
340
30B
340
30C
340
30D
340
30E
340
30F
340
310
340
311
340
312
340
313
340
314
340
315
340
316
340
317
340
318
340
319
340
31A
340
31B
340
31C
340
31D
340
31E
340
31F
340
320
340
321
340
322
340
323
340
324
340
325
340
326
340
327
340
328
340
32E
340
32F
340
330
340
331
340
336
340
337
340
338
340
339
340
33A
340
33B
340
33C
340
33D
340
342
340
343
340
344
340
345
340
346
340
347
340
348
340
349
340
34A
340
34B
340
34C
340
34D
340
34E
340
34F
340
350
340
351
340
352
340
353
340
354
340
355
340
356
340
357
340
358
340
359
340
35A
340
35B
340
35C
340
35D
340
35E
340
35F
340
360
340
361
340
362
340
363
340
364
340
365
340
366
340
367
340
368
340
369
340
36A
340
36B
340
36C
340
36D
340
36E
340
36F
340
370
340
371
340
372
340
373
340
374
340
375
340
376
340
377
340
378
340
379
340
37A
340
37B
340
37C
340
37D
340
37E
340
37F
340
380
340
381
340
382
340
383
340
384
340
385
340
386
340
387
340
388
340
389
340
38A
340
38B
340
390
340
391
340
392
340
393
340
394
340
395
340
39A
340
39B
340
39C
340
39D
340
39E
340
39F
340
3A0
340
3A1
340
3A2
340
3A3
340
3A4
340
3A5
340
3A6
340
3A7
340
3A8
340
3A9
340
3AA
340
3AB
340
3AC
340
3AD
340
3AE
340
3AF
340
3B0
340
3B1
340
3B2
340
3B3
340
3B4
340
3B5
340
3B6
340
3B7
340
3B8
340
3B9
340
3BA
340
3BB
340
3BC
340
3BD
340
3C2
340
3C3
340
3C4
340
3C5
340
3CA
340
3CB
340
3D1
340
3D2
340
3D3
340
3D4
340
3D9
340
3DA
340
3DB
340
3DC
340
3E2
340
3E3
340
3E4
340
3E5
340
3EB
340
3EC
340
3ED
340
3EE
340
3F3
340
3F4
340
3F5
340
3F6
340
3F7
340
3F8
340
3FE
340
3FF
340
400
340
401
340
406
340
407
340
408
340
409
340
40E
340
40F
340
415
340
416
340
417
340
418
340
41D
340
41E
340
41F
340
420
340
426
340
427
340
428
340
429
340
42F
340
430
340
431
340
432
340
437
340
438
340
439
340
43A
340
43B
340
43C
340
442
340
443
340
444
340
445
340
446
340
447
340
448
340
449
340
44A
340
44B
340
44C
340
44D
340
44E
340
44F
340
450
340
451
340
452
340
453
340
454
340
455
340
456
340
457
340
458
340
459
340
45A
340
45B
340
45C
340
45D
340
45E
340
45F
340
460
340
461
340
462
340
463
340
464
340
465
340
466
340
467
340
46C
340
46D
340
46E
340
46F
340
470
340
471
340
476
340
477
340
478
340
479
340
47A
340
47B
340
47C
340
47D
340
47E
340
47F
340
480
340
481
340
482
340
483
340
484
340
485
340
486
340
487
340
488
340
489
340
48A
340
48B
340
48C
340
48D
340
48E
340
48F
340
490
340
491
340
492
340
493
340
494
340
495
340
496
340
497
340
498
340
499
340
49A
340
49B
340
49C
340
49D
340
49E
340
49F
340
4A0
340
4A1
340
4A2
340
4A3
340
4A4
340
4A5
340
4A6
340
4A7
340
4A8
340
4A9
340
4AA
340
4AB
340
4AC
340
4AD
340
4AE
340
4AF
340
4B0
340
4B1
340
4B2
340
4B3
340
4B4
340
4B5
340
4B6
340
4B7
340
4B8
340
4B9
340
4BA
340
4BB
340
4BC
340
4BD
340
4C3
340
4C4
340
4C5
340
4C6
340
4CB
340
4CC
340
4CD
340
4CE
340
4CF
340
4D0
340
4D1
340
4D2
340
4D7
340
4D8
340
4D9
340
4DA
340
4DB
340
4DC
340
4DD
340
4DE
340
4DF
340
4E0
340
4E1
340
4E2
340
4E3
340
4E4
340
4E5
340
4E6
340
4E7
340
4E8
340
4E9
340
4EA
340
4EB
340
4EC
340
4ED
340
4EE
340
4EF
340
4F0
340
4F1
340
4F2
340
4F3
340
4F4
340
4F5
340
4F6
340
4F7
340
4F8
340
4F9
340
4FA
340
4FB
340
4FC
340
4FD
340
4FE
340
4FF
340
500
340
501
340
502
340
503
340
504
340
505
340
506
340
507
340
508
340
509
340
50A
340
50B
340
50C
340
50D
340
50E
340
50F
340
510
340
511
340
512
340
513
340
514
340
515
340
516
340
517
340
518
340
519
340
51A
340
51B
340
51C
340
51D
340
51E
340
51F
340
520
340
521
340
522
340
523
340
524
340
525
340
526
340
527
340
528
340
529
340
52A
340
52B
340
52C
340
52D
340
52E
340
52F
340
530
340
531
340
532
340
533
340
534
340
535
340
536
340
53C
340
53D
340
53E
340
53F
340
540
340
541
340
542
340
543
340
549
340
54A
340
54B
340
54C
340
54D
340
54E
340
54F
340
550
340
551
340
552
340
553
340
554
340
555
340
556
340
557
340
558
340
559
340
55A
340
55B
340
55C
340
55D
340
55E
340
55F
340
560
340
561
340
562
340
563
340
564
340
565
340
566
340
567
340
568
340
569
340
56A
340
56B
340
56C
340
56D
340
56E
340
56F
340
570
340
571
340
572
340
573
340
574
340
575
340
576
340
577
340
578
340
579
340
57A
340
57B
340
57C
340
57D
340
57E
340
57F
340
580
340
581
340
582
340
583
340
584
340
585
340
586
340
587
340
588
340
589
340
58A
340
58B
340
58C
340
58D
340
58E
340
58F
340
590
340
591
340
592
340
593
340
594
340
595
340
596
340
597
340
598
340
599
340
59A
340
59B
340
59C
340
59D
340
59E
340
59F
340
5A0
340
5A1
340
5A2
340
5A3
340
5A4
340
5A9
340
5AA
340
5AB
340
5AC
340
5AD
340
5AE
340
5AF
340
5B0
340
5B5
340
5B6
340
5B7
340
5B8
340
5B9
340
5BA
340
5BB
340
5BC
340
5BD
340
5BE
340
5BF
340
5C0
340
5C1
340
5C2
340
5C3
340
5C4
340
5C5
340
5C6
340
5C7
340
5C8
340
5C9
340
5CA
340
5CB
340
5CC
340
5CD
340
5CE
340
5CF
340
5D0
340
5D1
340
5D2
340
5D3
340
5D4
340
5D5
340
5D6
340
5D7
340
5D8
340
5D9
340
5DA
340
5DB
340
5DC
340
5DD
340
5DE
340
5DF
340
5E0
340
5E1
340
5E2
340
5E3
340
5E4
340
5E5
340
5E6
340
5E7
340
5E8
340
5E9
340
5EA
340
5EB
340
5EC
340
5ED
340
5EE
340
5EF
340
5F0
340
5F1
340
5F2
340
5F3
340
5F4
340
5F5
340
5F6
340
5F7
340
5F8
340
5F9
340
5FA
340
5FB
340
5FC
340
5FD
340
5FE
340
5FF
340
600
340
601
340
602
340
603
340
604
340
605
340
606
340
607
340
608
340
609
340
60A
340
60B
340
60C
340
60D
340
60E
340
60F
340
610
340
611
340
612
340
613
340
614
340
615
340
616
340
617
340
618
340
619
340
61A
340
61B
340
61C
340
61D
340
61E
340
61F
340
620
340
621
340
622
340
623
340
624
340
625
340
626
340
627
340
628
340
629
340
62A
340
62B
340
62C
340
62D
340
62E
340
62F
340
630
340
631
340
632
340
633
340
634
340
635
340
636
340
637
340
638
340
639
340
63A
340
63B
340
63C
340
63D
340
63E
340
63F
340
640
340
645
340
646
340
647
340
648
340
649
340
64A
340
64B
340
64C
340
651
340
652
340
653
340
654
340
65A
340
65B
340
65C
340
65D
340
65E
340
65F
340
660
340
661
340
662
340
663
340
664
340
665
340
666
340
667
340
668
340
669
340
66A
340
66B
340
66C
340
66D
340
66E
340
66F
340
670
340
671
340
672
340
673
340
674
340
675
340
676
340
677
340
678
340
679
340
67A
340
67B
340
67C
340
67D
340
67E
340
67F
340
680
340
681
340
682
340
683
340
684
340
685
340
686
340
687
340
688
340
689
340
68A
340
68B
340
68C
340
68D
340
68E
340
68F
340
690
340
691
340
692
340
693
340
694
340
695
340
696
340
697
340
698
340
699
340
69A
340
69B
  0
GROUP
  5
6AD
102
{ACAD_REACTORS
330
D
102
}
330
D
100
AcDbGroup
300

 70
     0
 71
     1
  0
GROUP
  5
6E1
102
{ACAD_REACTORS
330
D
102
}
330
D
100
AcDbGroup
300

 70
     0
 71
     1
  0
GROUP
  5
6E2
102
{ACAD_REACTORS
330
D
102
}
330
D
100
AcDbGroup
300

 70
     0
 71
     1
  0
GROUP
  5
6E3
102
{ACAD_REACTORS
330
D
102
}
330
D
100
AcDbGroup
300

 70
     0
 71
     1
  0
GROUP
  5
6E4
102
{ACAD_REACTORS
330
D
102
}
330
D
100
AcDbGroup
300

 70
     0
 71
     1
  0
GROUP
  5
6E5
102
{ACAD_REACTORS
330
D
102
}
330
D
100
AcDbGroup
300

 70
     0
 71
     1
  0
GROUP
  5
6E6
102
{ACAD_REACTORS
330
D
102
}
330
D
100
AcDbGroup
300

 70
     0
 71
     1
  0
GROUP
  5
6E7
102
{ACAD_REACTORS
330
D
102
}
330
D
100
AcDbGroup
300

 70
     0
 71
     1
  0
GROUP
  5
6E9
102
{ACAD_REACTORS
330
D
102
}
330
D
100
AcDbGroup
300

 70
     0
 71
     1
  0
GROUP
  5
6E8
102
{ACAD_REACTORS
330
D
102
}
330
D
100
AcDbGroup
300

 70
     0
 71
     1
  0
GROUP
  5
6EA
102
{ACAD_REACTORS
330
D
102
}
330
D
100
AcDbGroup
300

 70
     0
 71
     1
  0
GROUP
  5
6EB
102
{ACAD_REACTORS
330
D
102
}
330
D
100
AcDbGroup
300

 70
     0
 71
     1
  0
GROUP
  5
6EC
102
{ACAD_REACTORS
330
D
102
}
330
D
100
AcDbGroup
300

 70
     0
 71
     1
  0
GROUP
  5
6ED
102
{ACAD_REACTORS
330
D
102
}
330
D
100
AcDbGroup
300

 70
     0
 71
     1
  0
GROUP
  5
6EE
102
{ACAD_REACTORS
330
D
102
}
330
D
100
AcDbGroup
300

 70
     0
 71
     1
  0
GROUP
  5
6EF
102
{ACAD_REACTORS
330
D
102
}
330
D
100
AcDbGroup
300

 70
     0
 71
     1
  0
GROUP
  5
6F0
102
{ACAD_REACTORS
330
D
102
}
330
D
100
AcDbGroup
300

 70
     0
 71
     1
  0
GROUP
  5
6F1
102
{ACAD_REACTORS
330
D
102
}
330
D
100
AcDbGroup
300

 70
     0
 71
     1
  0
GROUP
  5
6F2
102
{ACAD_REACTORS
330
D
102
}
330
D
100
AcDbGroup
300

 70
     0
 71
     1
  0
GROUP
  5
6F3
102
{ACAD_REACTORS
330
D
102
}
330
D
100
AcDbGroup
300

 70
     0
 71
     1
  0
GROUP
  5
6F4
102
{ACAD_REACTORS
330
D
102
}
330
D
100
AcDbGroup
300

 70
     0
 71
     1
  0
GROUP
  5
6F5
102
{ACAD_REACTORS
330
D
102
}
330
D
100
AcDbGroup
300

 70
     0
 71
     1
  0
GROUP
  5
6F6
102
{ACAD_REACTORS
330
D
102
}
330
D
100
AcDbGroup
300

 70
     0
 71
     1
  0
GROUP
  5
6F7
102
{ACAD_REACTORS
330
D
102
}
330
D
100
AcDbGroup
300

 70
     0
 71
     1
  0
GROUP
  5
707
102
{ACAD_REACTORS
330
D
102
}
330
D
100
AcDbGroup
300

 70
     0
 71
     1
  0
GROUP
  5
720
102
{ACAD_REACTORS
330
D
102
}
330
D
100
AcDbGroup
300

 70
     0
 71
     1
  0
GROUP
  5
722
102
{ACAD_REACTORS
330
D
102
}
330
D
100
AcDbGroup
300

 70
     0
 71
     1
  0
GROUP
  5
723
102
{ACAD_REACTORS
330
D
102
}
330
D
100
AcDbGroup
300

 70
     0
 71
     1
  0
GROUP
  5
724
102
{ACAD_REACTORS
330
D
102
}
330
D
100
AcDbGroup
300

 70
     0
 71
     1
  0
GROUP
  5
6F8
102
{ACAD_REACTORS
330
D
102
}
330
D
100
AcDbGroup
300

 70
     0
 71
     1
  0
GROUP
  5
6F9
102
{ACAD_REACTORS
330
D
102
}
330
D
100
AcDbGroup
300

 70
     0
 71
     1
  0
GROUP
  5
725
102
{ACAD_REACTORS
330
D
102
}
330
D
100
AcDbGroup
300

 70
     0
 71
     1
  0
GROUP
  5
6FA
102
{ACAD_REACTORS
330
D
102
}
330
D
100
AcDbGroup
300

 70
     0
 71
     1
  0
GROUP
  5
726
102
{ACAD_REACTORS
330
D
102
}
330
D
100
AcDbGroup
300

 70
     0
 71
     1
  0
GROUP
  5
6AE
102
{ACAD_REACTORS
330
D
102
}
330
D
100
AcDbGroup
300

 70
     0
 71
     1
  0
GROUP
  5
727
102
{ACAD_REACTORS
330
D
102
}
330
D
100
AcDbGroup
300

 70
     0
 71
     1
  0
GROUP
  5
6AF
102
{ACAD_REACTORS
330
D
102
}
330
D
100
AcDbGroup
300

 70
     0
 71
     1
  0
GROUP
  5
6B0
102
{ACAD_REACTORS
330
D
102
}
330
D
100
AcDbGroup
300

 70
     0
 71
     1
  0
GROUP
  5
6B1
102
{ACAD_REACTORS
330
D
102
}
330
D
100
AcDbGroup
300

 70
     0
 71
     1
  0
GROUP
  5
6B2
102
{ACAD_REACTORS
330
D
102
}
330
D
100
AcDbGroup
300

 70
     0
 71
     1
  0
GROUP
  5
6B3
102
{ACAD_REACTORS
330
D
102
}
330
D
100
AcDbGroup
300

 70
     0
 71
     1
  0
GROUP
  5
6B4
102
{ACAD_REACTORS
330
D
102
}
330
D
100
AcDbGroup
300

 70
     0
 71
     1
  0
GROUP
  5
6B5
102
{ACAD_REACTORS
330
D
102
}
330
D
100
AcDbGroup
300

 70
     0
 71
     1
  0
GROUP
  5
6B6
102
{ACAD_REACTORS
330
D
102
}
330
D
100
AcDbGroup
300

 70
     0
 71
     1
  0
GROUP
  5
6B7
102
{ACAD_REACTORS
330
D
102
}
330
D
100
AcDbGroup
300

 70
     0
 71
     1
  0
GROUP
  5
6B8
102
{ACAD_REACTORS
330
D
102
}
330
D
100
AcDbGroup
300

 70
     0
 71
     1
  0
GROUP
  5
6B9
102
{ACAD_REACTORS
330
D
102
}
330
D
100
AcDbGroup
300

 70
     0
 71
     1
  0
GROUP
  5
6BA
102
{ACAD_REACTORS
330
D
102
}
330
D
100
AcDbGroup
300

 70
     0
 71
     1
  0
GROUP
  5
6BB
102
{ACAD_REACTORS
330
D
102
}
330
D
100
AcDbGroup
300

 70
     0
 71
     1
  0
GROUP
  5
6BC
102
{ACAD_REACTORS
330
D
102
}
330
D
100
AcDbGroup
300

 70
     0
 71
     1
  0
GROUP
  5
6BD
102
{ACAD_REACTORS
330
D
102
}
330
D
100
AcDbGroup
300

 70
     0
 71
     1
  0
GROUP
  5
6BE
102
{ACAD_REACTORS
330
D
102
}
330
D
100
AcDbGroup
300

 70
     0
 71
     1
  0
GROUP
  5
6FB
102
{ACAD_REACTORS
330
D
102
}
330
D
100
AcDbGroup
300

 70
     0
 71
     1
  0
GROUP
  5
6BF
102
{ACAD_REACTORS
330
D
102
}
330
D
100
AcDbGroup
300

 70
     0
 71
     1
  0
GROUP
  5
6FC
102
{ACAD_REACTORS
330
D
102
}
330
D
100
AcDbGroup
300

 70
     0
 71
     1
  0
GROUP
  5
728
102
{ACAD_REACTORS
330
D
102
}
330
D
100
AcDbGroup
300

 70
     0
 71
     1
  0
GROUP
  5
729
102
{ACAD_REACTORS
330
D
102
}
330
D
100
AcDbGroup
300

 70
     0
 71
     1
  0
GROUP
  5
72A
102
{ACAD_REACTORS
330
D
102
}
330
D
100
AcDbGroup
300

 70
     0
 71
     1
  0
GROUP
  5
72B
102
{ACAD_REACTORS
330
D
102
}
330
D
100
AcDbGroup
300

 70
     0
 71
     1
  0
GROUP
  5
6FD
102
{ACAD_REACTORS
330
D
102
}
330
D
100
AcDbGroup
300

 70
     0
 71
     1
  0
GROUP
  5
72C
102
{ACAD_REACTORS
330
D
102
}
330
D
100
AcDbGroup
300

 70
     0
 71
     1
  0
GROUP
  5
6FE
102
{ACAD_REACTORS
330
D
102
}
330
D
100
AcDbGroup
300

 70
     0
 71
     1
  0
GROUP
  5
708
102
{ACAD_REACTORS
330
D
102
}
330
D
100
AcDbGroup
300

 70
     0
 71
     1
  0
GROUP
  5
6FF
102
{ACAD_REACTORS
330
D
102
}
330
D
100
AcDbGroup
300

 70
     0
 71
     1
  0
GROUP
  5
709
102
{ACAD_REACTORS
330
D
102
}
330
D
100
AcDbGroup
300

 70
     0
 71
     1
  0
GROUP
  5
700
102
{ACAD_REACTORS
330
D
102
}
330
D
100
AcDbGroup
300

 70
     0
 71
     1
  0
GROUP
  5
70A
102
{ACAD_REACTORS
330
D
102
}
330
D
100
AcDbGroup
300

 70
     0
 71
     1
  0
GROUP
  5
70B
102
{ACAD_REACTORS
330
D
102
}
330
D
100
AcDbGroup
300

 70
     0
 71
     1
  0
GROUP
  5
70C
102
{ACAD_REACTORS
330
D
102
}
330
D
100
AcDbGroup
300

 70
     0
 71
     1
  0
GROUP
  5
70D
102
{ACAD_REACTORS
330
D
102
}
330
D
100
AcDbGroup
300

 70
     0
 71
     1
  0
GROUP
  5
701
102
{ACAD_REACTORS
330
D
102
}
330
D
100
AcDbGroup
300

 70
     0
 71
     1
  0
GROUP
  5
702
102
{ACAD_REACTORS
330
D
102
}
330
D
100
AcDbGroup
300

 70
     0
 71
     1
  0
GROUP
  5
70E
102
{ACAD_REACTORS
330
D
102
}
330
D
100
AcDbGroup
300

 70
     0
 71
     1
  0
GROUP
  5
703
102
{ACAD_REACTORS
330
D
102
}
330
D
100
AcDbGroup
300

 70
     0
 71
     1
  0
GROUP
  5
70F
102
{ACAD_REACTORS
330
D
102
}
330
D
100
AcDbGroup
300

 70
     0
 71
     1
  0
GROUP
  5
710
102
{ACAD_REACTORS
330
D
102
}
330
D
100
AcDbGroup
300

 70
     0
 71
     1
  0
GROUP
  5
704
102
{ACAD_REACTORS
330
D
102
}
330
D
100
AcDbGroup
300

 70
     0
 71
     1
  0
GROUP
  5
6C0
102
{ACAD_REACTORS
330
D
102
}
330
D
100
AcDbGroup
300

 70
     0
 71
     1
  0
GROUP
  5
6C1
102
{ACAD_REACTORS
330
D
102
}
330
D
100
AcDbGroup
300

 70
     0
 71
     1
  0
GROUP
  5
6C2
102
{ACAD_REACTORS
330
D
102
}
330
D
100
AcDbGroup
300

 70
     0
 71
     1
  0
GROUP
  5
6C3
102
{ACAD_REACTORS
330
D
102
}
330
D
100
AcDbGroup
300

 70
     0
 71
     1
  0
GROUP
  5
6C4
102
{ACAD_REACTORS
330
D
102
}
330
D
100
AcDbGroup
300

 70
     0
 71
     1
  0
GROUP
  5
71F
102
{ACAD_REACTORS
330
D
102
}
330
D
100
AcDbGroup
300

 70
     0
 71
     1
  0
LAYOUT
  5
1E
102
{ACAD_REACTORS
330
1A
102
}
330
1A
100
AcDbPlotSettings
  1

  2
none_device
  4

  6

 40
0.0
 41
0.0
 42
0.0
 43
0.0
 44
0.0
 45
0.0
 46
0.0
 47
0.0
 48
0.0
 49
0.0
140
0.0
141
0.0
142
1.0
143
1.0
 70
   688
 72
     0
 73
     0
 74
     5
  7

 75
    16
 76
     0
 77
     2
 78
   300
147
1.0
148
0.0
149
0.0
100
AcDbLayout
  1
Layout1
 70
     1
 71
     1
 10
0.0
 20
0.0
 11
12.0
 21
9.0
 12
0.0
 22
0.0
 32
0.0
 14
1.000000000000000E+20
 24
1.000000000000000E+20
 34
1.000000000000000E+20
 15
-1.000000000000000E+20
 25
-1.000000000000000E+20
 35
-1.000000000000000E+20
146
0.0
 13
0.0
 23
0.0
 33
0.0
 16
1.0
 26
0.0
 36
0.0
 17
0.0
 27
1.0
 37
0.0
 76
     0
330
1B
  0
LAYOUT
  5
26
102
{ACAD_REACTORS
330
1A
102
}
330
1A
100
AcDbPlotSettings
  1

  2
none_device
  4

  6

 40
0.0
 41
0.0
 42
0.0
 43
0.0
 44
0.0
 45
0.0
 46
0.0
 47
0.0
 48
0.0
 49
0.0
140
0.0
141
0.0
142
1.0
143
1.0
 70
   688
 72
     0
 73
     0
 74
     5
  7

 75
    16
 76
     0
 77
     2
 78
   300
147
1.0
148
0.0
149
0.0
100
AcDbLayout
  1
Layout2
 70
     1
 71
     2
 10
0.0
 20
0.0
 11
0.0
 21
0.0
 12
0.0
 22
0.0
 32
0.0
 14
0.0
 24
0.0
 34
0.0
 15
0.0
 25
0.0
 35
0.0
146
0.0
 13
0.0
 23
0.0
 33
0.0
 16
1.0
 26
0.0
 36
0.0
 17
0.0
 27
1.0
 37
0.0
 76
     0
330
23
  0
LAYOUT
  5
22
102
{ACAD_REACTORS
330
1A
102
}
330
1A
100
AcDbPlotSettings
  1

  2
none_device
  4
Letter_(8.50_x_11.00_Inches)
  6

 40
6.35
 41
6.35
 42
6.35000508
 43
6.35000508
 44
215.9
 45
279.4
 46
0.0
 47
0.0
 48
0.0
 49
0.0
140
0.0
141
0.0
142
1.0
143
1.0
 70
  1712
 72
     0
 73
     0
 74
     0
  7

 75
     0
 76
     0
 77
     2
 78
   300
147
1.0
148
0.0
149
0.0
100
AcDbLayout
  1
Model
 70
     1
 71
     0
 10
0.0
 20
0.0
 11
12.0
 21
9.0
 12
0.0
 22
0.0
 32
0.0
 14
0.0
 24
0.0000000000000009
 34
0.0000000000000004
 15
284.9839039896083
 25
94.56493777150013
 35
1.499999988389793
146
0.0
 13
0.0
 23
0.0
 33
0.0
 16
1.0
 26
0.0
 36
0.0
 17
0.0
 27
1.0
 37
0.0
 76
     0
330
1F
331
29
  0
MATERIAL
  5
45
102
{ACAD_REACTORS
330
43
102
}
330
43
100
AcDbMaterial
  1
ByBlock
 72
     1
 94
      127
  0
MATERIAL
  5
44
102
{ACAD_REACTORS
330
43
102
}
330
43
100
AcDbMaterial
  1
ByLayer
 72
     1
 94
      127
  0
MATERIAL
  5
46
102
{ACAD_REACTORS
330
43
102
}
330
43
100
AcDbMaterial
  1
Global
 72
     1
 94
      127
  0
MLEADERSTYLE
  5
5C
102
{ACAD_REACTORS
330
5B
102
}
102
{ACAD_XDICTIONARY
360
780
102
}
330
5B
100
AcDbMLeaderStyle
170
     2
171
     1
172
     0
 90
        2
 40
0.0
 41
0.0
173
     1
 91
-1056964608
340
14
 92
       -2
290
     1
 42
0.09
291
     1
 43
0.36
  3
Standard
341
0
 44
0.18
300

342
11
174
     1
178
     6
175
     1
176
     0
 93
-1056964608
 45
0.18
292
     0
297
     0
 46
0.18
343
0
 94
-1056964608
 47
1.0
 49
1.0
140
1.0
293
     1
141
0.0
294
     1
177
     0
142
1.0
295
     0
296
     0
143
0.125
1001
ACAD_MLEADERVER
1070
     2
  0
MLINESTYLE
  5
18
102
{ACAD_REACTORS
330
17
102
}
330
17
100
AcDbMlineStyle
  2
Standard
 70
     0
  3

 62
   256
 51
90.0
 52
90.0
 71
     2
 49
0.5
 62
   256
  6
BYLAYER
 49
-0.5
 62
   256
  6
BYLAYER
  0
ACDBPLACEHOLDER
  5
F
102
{ACAD_REACTORS
330
E
102
}
330
E
  0
SCALE
  5
48
102
{ACAD_REACTORS
330
47
102
}
330
47
100
AcDbScale
 70
     0
300
1:1
140
1.0
141
1.0
290
     1
  0
SCALE
  5
49
102
{ACAD_REACTORS
330
47
102
}
330
47
100
AcDbScale
 70
     0
300
1/128" = 1'-0"
140
0.0078125
141
12.0
290
     0
  0
SCALE
  5
4A
102
{ACAD_REACTORS
330
47
102
}
330
47
100
AcDbScale
 70
     0
300
1/64" = 1'-0"
140
0.015625
141
12.0
290
     0
  0
SCALE
  5
4B
102
{ACAD_REACTORS
330
47
102
}
330
47
100
AcDbScale
 70
     0
300
1/32" = 1'-0"
140
0.03125
141
12.0
290
     0
  0
SCALE
  5
4C
102
{ACAD_REACTORS
330
47
102
}
330
47
100
AcDbScale
 70
     0
300
1/16" = 1'-0"
140
0.0625
141
12.0
290
     0
  0
SCALE
  5
4D
102
{ACAD_REACTORS
330
47
102
}
330
47
100
AcDbScale
 70
     0
300
3/32" = 1'-0"
140
0.09375
141
12.0
290
     0
  0
SCALE
  5
4E
102
{ACAD_REACTORS
330
47
102
}
330
47
100
AcDbScale
 70
     0
300
1/8" = 1'-0"
140
0.125
141
12.0
290
     0
  0
SCALE
  5
4F
102
{ACAD_REACTORS
330
47
102
}
330
47
100
AcDbScale
 70
     0
300
3/16" = 1'-0"
140
0.1875
141
12.0
290
     0
  0
SCALE
  5
50
102
{ACAD_REACTORS
330
47
102
}
330
47
100
AcDbScale
 70
     0
300
1/4" = 1'-0"
140
0.25
141
12.0
290
     0
  0
SCALE
  5
51
102
{ACAD_REACTORS
330
47
102
}
330
47
100
AcDbScale
 70
     0
300
3/8" = 1'-0"
140
0.375
141
12.0
290
     0
  0
SCALE
  5
52
102
{ACAD_REACTORS
330
47
102
}
330
47
100
AcDbScale
 70
     0
300
1/2" = 1'-0"
140
0.5
141
12.0
290
     0
  0
SCALE
  5
53
102
{ACAD_REACTORS
330
47
102
}
330
47
100
AcDbScale
 70
     0
300
3/4" = 1'-0"
140
0.75
141
12.0
290
     0
  0
SCALE
  5
54
102
{ACAD_REACTORS
330
47
102
}
330
47
100
AcDbScale
 70
     0
300
1" = 1'-0"
140
1.0
141
12.0
290
     0
  0
SCALE
  5
55
102
{ACAD_REACTORS
330
47
102
}
330
47
100
AcDbScale
 70
     0
300
1-1/2" = 1'-0"
140
1.5
141
12.0
290
     0
  0
SCALE
  5
56
102
{ACAD_REACTORS
330
47
102
}
330
47
100
AcDbScale
 70
     0
300
3" = 1'-0"
140
3.0
141
12.0
290
     0
  0
SCALE
  5
57
102
{ACAD_REACTORS
330
47
102
}
330
47
100
AcDbScale
 70
     0
300
6" = 1'-0"
140
6.0
141
12.0
290
     0
  0
SCALE
  5
58
102
{ACAD_REACTORS
330
47
102
}
330
47
100
AcDbScale
 70
     0
300
1'-0" = 1'-0"
140
12.0
141
12.0
290
     0
  0
TABLESTYLE
  5
5A
102
{ACAD_REACTORS
330
59
102
}
102
{ACAD_XDICTIONARY
360
77D
102
}
330
59
100
AcDbTableStyle
  3
Standard
 70
     0
 71
     0
 40
0.06
 41
0.06
280
     0
281
     0
  7
Standard
140
0.18
170
     2
 62
     0
 63
   257
283
     0
 90
        4
 91
        0
  1

274
    -2
284
     1
 64
     0
275
    -2
285
     1
 65
     0
276
    -2
286
     1
 66
     0
277
    -2
287
     1
 67
     0
278
    -2
288
     1
 68
     0
279
    -2
289
     1
 69
     0
  7
Standard
140
0.25
170
     5
 62
     0
 63
   257
283
     0
 90
        4
 91
        0
  1

274
    -2
284
     1
 64
     0
275
    -2
285
     1
 65
     0
276
    -2
286
     1
 66
     0
277
    -2
287
     1
 67
     0
278
    -2
288
     1
 68
     0
279
    -2
289
     1
 69
     0
  7
Standard
140
0.18
170
     5
 62
     0
 63
   257
283
     0
 90
        4
 91
        0
  1

274
    -2
284
     1
 64
     0
275
    -2
285
     1
 65
     0
276
    -2
286
     1
 66
     0
277
    -2
287
     1
 67
     0
278
    -2
288
     1
 68
     0
279
    -2
289
     1
 69
     0
  0
VISUALSTYLE
  5
2F
102
{ACAD_REACTORS
330
2A
102
}
102
{ACAD_XDICTIONARY
360
755
102
}
330
2A
100
AcDbVisualStyle
  2
2dWireframe
 70
     4
 71
     0
 72
     2
 73
     0
 90
        0
 40
0.6
 41
30.0
 62
     5
 63
     7
421
 16777215
 74
     1
 91
        4
 64
     7
 65
   257
 75
     1
175
     1
 42
1.0
 92
        0
 66
   257
 43
1.0
 76
     1
 77
     6
 78
     2
 67
     7
 79
     5
170
     0
171
     0
290
     0
174
     0
 93
        1
 44
0.0
173
     0
291
     0
 45
0.0
  0
VISUALSTYLE
  5
32
102
{ACAD_REACTORS
330
2A
102
}
102
{ACAD_XDICTIONARY
360
75B
102
}
330
2A
100
AcDbVisualStyle
  2
Basic
 70
     7
 71
     1
 72
     0
 73
     1
 90
        0
 40
0.6
 41
30.0
 62
     5
 63
     7
421
 16777215
 74
     0
 91
        4
 64
     7
 65
   257
 75
     1
175
     1
 42
1.0
 92
        8
 66
     7
 43
1.0
 76
     1
 77
     6
 78
     2
 67
     7
 79
     5
170
     0
171
     0
290
     0
174
     0
 93
        1
 44
0.0
173
     0
291
     1
 45
0.0
  0
VISUALSTYLE
  5
36
102
{ACAD_REACTORS
330
2A
102
}
102
{ACAD_XDICTIONARY
360
763
102
}
330
2A
100
AcDbVisualStyle
  2
Brighten
 70
    12
 71
     2
 72
     2
 73
     0
 90
        0
 40
0.6
 41
30.0
 62
     5
 63
     7
421
 16777215
 74
     1
 91
        4
 64
     7
 65
   257
 75
     1
175
     1
 42
1.0
 92
        8
 66
     7
 43
1.0
 76
     1
 77
     6
 78
     2
 67
     7
 79
     5
170
     0
171
     0
290
     0
174
     0
 93
        1
 44
50.0
173
     0
291
     1
 45
0.0
  0
VISUALSTYLE
  5
3A
102
{ACAD_REACTORS
330
2A
102
}
102
{ACAD_XDICTIONARY
360
76B
102
}
330
2A
100
AcDbVisualStyle
  2
ColorChange
 70
    16
 71
     2
 72
     2
 73
     3
 90
        0
 40
0.6
 41
30.0
 62
     5
 63
     8
421
  8421504
 74
     1
 91
        4
 64
     7
 65
   257
 75
     1
175
     1
 42
1.0
 92
        8
 66
     8
424
  8421504
 43
1.0
 76
     1
 77
     6
 78
     2
 67
     7
 79
     5
170
     0
171
     0
290
     0
174
     0
 93
        1
 44
0.0
173
     0
291
     1
 45
0.0
  0
VISUALSTYLE
  5
34
102
{ACAD_REACTORS
330
2A
102
}
102
{ACAD_XDICTIONARY
360
75F
102
}
330
2A
100
AcDbVisualStyle
  2
Conceptual
 70
     9
 71
     3
 72
     2
 73
     0
 90
        0
 40
0.6
 41
30.0
 62
     5
 63
     7
421
 16777215
 74
     2
 91
        2
 64
     7
 65
   257
 75
     1
175
     1
 42
179.0
 92
        8
 66
     7
 43
1.0
 76
     1
 77
     6
 78
     2
 67
     7
 79
     3
170
     0
171
     0
290
     0
174
     0
 93
        1
 44
0.0
173
     0
291
     0
 45
0.0
  0
VISUALSTYLE
  5
35
102
{ACAD_REACTORS
330
2A
102
}
102
{ACAD_XDICTIONARY
360
761
102
}
330
2A
100
AcDbVisualStyle
  2
Dim
 70
    11
 71
     2
 72
     2
 73
     0
 90
        0
 40
0.6
 41
30.0
 62
     5
 63
     7
421
 16777215
 74
     1
 91
        4
 64
     7
 65
   257
 75
     1
175
     1
 42
1.0
 92
        8
 66
     7
 43
1.0
 76
     1
 77
     6
 78
     2
 67
     7
 79
     5
170
     0
171
     0
290
     0
174
     0
 93
        1
 44
-50.0
173
     0
291
     1
 45
0.0
  0
VISUALSTYLE
  5
3D
102
{ACAD_REACTORS
330
2A
102
}
102
{ACAD_XDICTIONARY
360
771
102
}
330
2A
100
AcDbVisualStyle
  2
EdgeColorOff
 70
    22
 71
     2
 72
     2
 73
     0
 90
        0
 40
0.6
 41
30.0
 62
     5
 63
     7
421
 16777215
 74
     1
 91
        4
 64
     7
 65
   257
 75
     1
175
     1
 42
1.0
 92
        8
 66
     7
 43
1.0
 76
     1
 77
     6
 78
     2
 67
     7
 79
     5
170
     0
171
     0
290
     0
174
     0
 93
        1
 44
0.0
173
     0
291
     1
 45
0.0
  0
VISUALSTYLE
  5
39
102
{ACAD_REACTORS
330
2A
102
}
102
{ACAD_XDICTIONARY
360
769
102
}
330
2A
100
AcDbVisualStyle
  2
Facepattern
 70
    15
 71
     2
 72
     2
 73
     0
 90
        0
 40
0.6
 41
30.0
 62
     5
 63
     7
421
 16777215
 74
     1
 91
        4
 64
     7
 65
   257
 75
     1
175
     1
 42
1.0
 92
        8
 66
     7
 43
1.0
 76
     1
 77
     6
 78
     2
 67
     7
 79
     5
170
     0
171
     0
290
     0
174
     0
 93
        1
 44
0.0
173
     0
291
     1
 45
0.0
  0
VISUALSTYLE
  5
2B
102
{ACAD_REACTORS
330
2A
102
}
102
{ACAD_XDICTIONARY
360
74D
102
}
330
2A
100
AcDbVisualStyle
  2
Flat
 70
     0
 71
     2
 72
     1
 73
     1
 90
        2
 40
0.6
 41
30.0
 62
     5
 63
     7
421
 16777215
 74
     0
 91
        0
 64
     7
 65
   257
 75
     1
175
     1
 42
1.0
 92
        8
 66
     7
 43
1.0
 76
     1
 77
     6
 78
     2
 67
     7
 79
     5
170
     0
171
     0
290
     0
174
     0
 93
       13
 44
0.0
173
     0
291
     1
 45
0.0
  0
VISUALSTYLE
  5
2C
102
{ACAD_REACTORS
330
2A
102
}
102
{ACAD_XDICTIONARY
360
74F
102
}
330
2A
100
AcDbVisualStyle
  2
FlatWithEdges
 70
     1
 71
     2
 72
     1
 73
     1
 90
        2
 40
0.6
 41
30.0
 62
     5
 63
     7
421
 16777215
 74
     1
 91
        0
 64
     7
 65
   257
 75
     1
175
     1
 42
1.0
 92
        0
 66
   257
 43
1.0
 76
     1
 77
     6
 78
     2
 67
     7
 79
     5
170
     0
171
     0
290
     0
174
     0
 93
       13
 44
0.0
173
     0
291
     1
 45
0.0
  0
VISUALSTYLE
  5
2D
102
{ACAD_REACTORS
330
2A
102
}
102
{ACAD_XDICTIONARY
360
751
102
}
330
2A
100
AcDbVisualStyle
  2
Gouraud
 70
     2
 71
     2
 72
     2
 73
     1
 90
        2
 40
0.6
 41
30.0
 62
     5
 63
     7
421
 16777215
 74
     0
 91
        0
 64
     7
 65
   257
 75
     1
175
     1
 42
1.0
 92
        0
 66
     7
 43
1.0
 76
     1
 77
     6
 78
     2
 67
     7
 79
     5
170
     0
171
     0
290
     0
174
     0
 93
       13
 44
0.0
173
     0
291
     1
 45
0.0
  0
VISUALSTYLE
  5
2E
102
{ACAD_REACTORS
330
2A
102
}
102
{ACAD_XDICTIONARY
360
753
102
}
330
2A
100
AcDbVisualStyle
  2
GouraudWithEdges
 70
     3
 71
     2
 72
     2
 73
     1
 90
        2
 40
0.6
 41
30.0
 62
     5
 63
     7
421
 16777215
 74
     1
 91
        0
 64
     7
 65
   257
 75
     1
175
     1
 42
1.0
 92
        0
 66
   257
 43
1.0
 76
     1
 77
     6
 78
     2
 67
     7
 79
     5
170
     0
171
     0
290
     0
174
     0
 93
       13
 44
0.0
173
     0
291
     1
 45
0.0
  0
VISUALSTYLE
  5
31
102
{ACAD_REACTORS
330
2A
102
}
102
{ACAD_XDICTIONARY
360
759
102
}
330
2A
100
AcDbVisualStyle
  2
Hidden
 70
     6
 71
     1
 72
     2
 73
     2
 90
        0
 40
0.6
 41
30.0
 62
     5
 63
     7
421
 16777215
 74
     2
 91
        2
 64
     7
 65
   257
 75
     2
175
     1
 42
40.0
 92
        0
 66
   257
 43
1.0
 76
     1
 77
     6
 78
     2
 67
     7
 79
     3
170
     0
171
     0
290
     0
174
     0
 93
        1
 44
0.0
173
     0
291
     0
 45
0.0
  0
VISUALSTYLE
  5
3B
102
{ACAD_REACTORS
330
2A
102
}
102
{ACAD_XDICTIONARY
360
76D
102
}
330
2A
100
AcDbVisualStyle
  2
JitterOff
 70
    20
 71
     2
 72
     2
 73
     0
 90
        0
 40
0.6
 41
30.0
 62
     5
 63
     7
421
 16777215
 74
     1
 91
        4
 64
     7
 65
   257
 75
     1
175
     1
 42
1.0
 92
       10
 66
     7
 43
1.0
 76
     1
 77
     6
 78
     2
 67
     7
 79
     5
170
     0
171
     0
290
     0
174
     0
 93
        1
 44
0.0
173
     0
291
     1
 45
0.0
  0
VISUALSTYLE
  5
38
102
{ACAD_REACTORS
330
2A
102
}
102
{ACAD_XDICTIONARY
360
767
102
}
330
2A
100
AcDbVisualStyle
  2
Linepattern
 70
    14
 71
     2
 72
     2
 73
     0
 90
        0
 40
0.6
 41
30.0
 62
     5
 63
     7
421
 16777215
 74
     1
 91
        4
 64
     7
 65
   257
 75
     7
175
     7
 42
1.0
 92
        8
 66
     7
 43
1.0
 76
     1
 77
     6
 78
     2
 67
     7
 79
     5
170
     0
171
     0
290
     0
174
     0
 93
        1
 44
0.0
173
     0
291
     1
 45
0.0
  0
VISUALSTYLE
  5
3C
102
{ACAD_REACTORS
330
2A
102
}
102
{ACAD_XDICTIONARY
360
76F
102
}
330
2A
100
AcDbVisualStyle
  2
OverhangOff
 70
    21
 71
     2
 72
     2
 73
     0
 90
        0
 40
0.6
 41
30.0
 62
     5
 63
     7
421
 16777215
 74
     1
 91
        4
 64
     7
 65
   257
 75
     1
175
     1
 42
1.0
 92
        9
 66
     7
 43
1.0
 76
     1
 77
     6
 78
     2
 67
     7
 79
     5
170
     0
171
     0
290
     0
174
     0
 93
        1
 44
0.0
173
     0
291
     1
 45
0.0
  0
VISUALSTYLE
  5
33
102
{ACAD_REACTORS
330
2A
102
}
102
{ACAD_XDICTIONARY
360
75D
102
}
330
2A
100
AcDbVisualStyle
  2
Realistic
 70
     8
 71
     2
 72
     3
 73
     0
 90
        2
 40
0.6
 41
30.0
 62
     5
 63
     7
421
 16777215
 74
     0
 91
        0
 64
     7
 65
   257
 75
     1
175
     1
 42
1.0
 92
        8
 66
   257
 43
1.0
 76
     1
 77
     6
 78
     2
 67
     7
 79
     3
170
     0
171
     0
290
     0
174
     0
 93
       13
 44
0.0
173
     0
291
     0
 45
0.0
  0
VISUALSTYLE
  5
42
102
{ACAD_REACTORS
330
2A
102
}
102
{ACAD_XDICTIONARY
360
77B
102
}
330
2A
100
AcDbVisualStyle
  2
Shaded
 70
    27
 71
     2
 72
     2
 73
     1
 90
        2
 40
0.6
 41
30.0
 62
     5
 63
     7
421
 16777215
 74
     0
 91
        4
 64
     7
 65
   257
 75
     1
175
     1
 42
1.0
 92
        8
 66
   257
 43
1.0
 76
     1
 77
     6
 78
     2
 67
     8
425
  7895160
 79
     3
170
     0
171
     0
290
     0
174
     0
 93
        5
 44
0.0
173
     0
291
     0
 45
0.0
  0
VISUALSTYLE
  5
41
102
{ACAD_REACTORS
330
2A
102
}
102
{ACAD_XDICTIONARY
360
779
102
}
330
2A
100
AcDbVisualStyle
  2
Shaded with edges
 70
    26
 71
     2
 72
     2
 73
     1
 90
        2
 40
0.6
 41
30.0
 62
     5
 63
     7
421
 16777215
 74
     1
 91
       10
 64
     7
 65
   257
 75
     2
175
     1
 42
1.0
 92
        8
 66
   257
 43
1.0
 76
     1
 77
     6
 78
     2
 67
     7
 79
     3
170
     0
171
     0
290
     0
174
     0
 93
        5
 44
0.0
173
     0
291
     0
 45
0.0
  0
VISUALSTYLE
  5
3E
102
{ACAD_REACTORS
330
2A
102
}
102
{ACAD_XDICTIONARY
360
773
102
}
330
2A
100
AcDbVisualStyle
  2
Shades of Gray
 70
    23
 71
     2
 72
     2
 73
     3
 90
        0
 40
0.6
 41
30.0
 62
     5
 63
     7
421
 16777215
 74
     2
 91
        2
 64
     7
 65
     7
 75
     1
175
     1
 42
40.0
 92
        8
 66
     7
 43
1.0
 76
     1
 77
     6
 78
     2
 67
     7
 79
     3
170
     0
171
     0
290
     0
174
     0
 93
        1
 44
0.0
173
     0
291
     0
 45
0.0
  0
VISUALSTYLE
  5
3F
102
{ACAD_REACTORS
330
2A
102
}
102
{ACAD_XDICTIONARY
360
775
102
}
330
2A
100
AcDbVisualStyle
  2
Sketchy
 70
    24
 71
     1
 72
     2
 73
     2
 90
        0
 40
0.6
 41
30.0
 62
     5
 63
     7
421
 16777215
 74
     2
 91
        2
 64
     7
 65
     7
 75
     1
175
     1
 42
40.0
 92
       11
 66
     7
 43
1.0
 76
     1
 77
     6
 78
     2
 67
     7
 79
     6
170
     0
171
     0
290
     0
174
     0
 93
        1
 44
0.0
173
     0
291
     0
 45
0.0
  0
VISUALSTYLE
  5
37
102
{ACAD_REACTORS
330
2A
102
}
102
{ACAD_XDICTIONARY
360
765
102
}
330
2A
100
AcDbVisualStyle
  2
Thicken
 70
    13
 71
     2
 72
     2
 73
     0
 90
        0
 40
0.6
 41
30.0
 62
     5
 63
     7
421
 16777215
 74
     1
 91
        4
 64
     7
 65
   257
 75
     1
175
     1
 42
1.0
 92
       12
 66
     7
 43
1.0
 76
     1
 77
     6
 78
     2
 67
     7
 79
     5
170
     0
171
     0
290
     0
174
     0
 93
        1
 44
0.0
173
     0
291
     1
 45
0.0
  0
VISUALSTYLE
  5
30
102
{ACAD_REACTORS
330
2A
102
}
102
{ACAD_XDICTIONARY
360
757
102
}
330
2A
100
AcDbVisualStyle
  2
Wireframe
 70
     5
 71
     0
 72
     2
 73
     0
 90
        0
 40
0.6
 41
30.0
 62
     5
 63
     7
421
 16777215
 74
     1
 91
        4
 64
     7
 65
   257
 75
     1
175
     1
 42
1.0
 92
        0
 66
   257
 43
1.0
 76
     1
 77
     6
 78
     2
 67
     7
 79
     3
170
     0
171
     0
290
     0
174
     0
 93
        1
 44
0.0
173
     0
291
     0
 45
0.0
  0
VISUALSTYLE
  5
40
102
{ACAD_REACTORS
330
2A
102
}
102
{ACAD_XDICTIONARY
360
777
102
}
330
2A
100
AcDbVisualStyle
  2
X-Ray
 70
    25
 71
     2
 72
     2
 73
     1
 90
        1
 40
0.5
 41
30.0
 62
     5
 63
     7
421
 16777215
 74
     1
 91
        0
 64
     7
 65
   257
 75
     1
175
     1
 42
1.0
 92
        8
 66
     7
 43
1.0
 76
     1
 77
     6
 78
     2
 67
     7
 79
     3
170
     0
171
     0
290
     0
174
     0
 93
       13
 44
0.0
173
     0
291
     0
 45
0.0
  0
DICTIONARYVAR
  5
74B
102
{ACAD_REACTORS
330
74A
102
}
330
74A
100
DictionaryVariables
280
     0
  1
1:1
  0
DICTIONARYVAR
  5
784
102
{ACAD_REACTORS
330
74A
102
}
330
74A
100
DictionaryVariables
280
     0
  1
Standard
  0
DICTIONARYVAR
  5
783
102
{ACAD_REACTORS
330
74A
102
}
330
74A
100
DictionaryVariables
280
     0
  1
Standard
  0
DICTIONARYVAR
  5
74C
102
{ACAD_REACTORS
330
74A
102
}
330
74A
100
DictionaryVariables
280
     0
  1
2
  0
DICTIONARY
  5
780
330
5C
100
AcDbDictionary
280
     1
281
     1
  3
ACAD_XREC_ROUNDTRIP
360
781
  0
DICTIONARY
  5
77D
330
5A
100
AcDbDictionary
280
     1
281
     1
  3
ACAD_ROUNDTRIP_2008_TABLESTYLE_CELLSTYLEMAP
360
77E
  0
DICTIONARY
  5
755
330
2F
100
AcDbDictionary
280
     1
281
     1
  3
ACAD_XREC_ROUNDTRIP
360
756
  0
DICTIONARY
  5
75B
330
32
100
AcDbDictionary
280
     1
281
     1
  3
ACAD_XREC_ROUNDTRIP
360
75C
  0
DICTIONARY
  5
763
330
36
100
AcDbDictionary
280
     1
281
     1
  3
ACAD_XREC_ROUNDTRIP
360
764
  0
DICTIONARY
  5
76B
330
3A
100
AcDbDictionary
280
     1
281
     1
  3
ACAD_XREC_ROUNDTRIP
360
76C
  0
DICTIONARY
  5
75F
330
34
100
AcDbDictionary
280
     1
281
     1
  3
ACAD_XREC_ROUNDTRIP
360
760
  0
DICTIONARY
  5
761
330
35
100
AcDbDictionary
280
     1
281
     1
  3
ACAD_XREC_ROUNDTRIP
360
762
  0
DICTIONARY
  5
771
330
3D
100
AcDbDictionary
280
     1
281
     1
  3
ACAD_XREC_ROUNDTRIP
360
772
  0
DICTIONARY
  5
769
330
39
100
AcDbDictionary
280
     1
281
     1
  3
ACAD_XREC_ROUNDTRIP
360
76A
  0
DICTIONARY
  5
74D
330
2B
100
AcDbDictionary
280
     1
281
     1
  3
ACAD_XREC_ROUNDTRIP
360
74E
  0
DICTIONARY
  5
74F
330
2C
100
AcDbDictionary
280
     1
281
     1
  3
ACAD_XREC_ROUNDTRIP
360
750
  0
DICTIONARY
  5
751
330
2D
100
AcDbDictionary
280
     1
281
     1
  3
ACAD_XREC_ROUNDTRIP
360
752
  0
DICTIONARY
  5
753
330
2E
100
AcDbDictionary
280
     1
281
     1
  3
ACAD_XREC_ROUNDTRIP
360
754
  0
DICTIONARY
  5
759
330
31
100
AcDbDictionary
280
     1
281
     1
  3
ACAD_XREC_ROUNDTRIP
360
75A
  0
DICTIONARY
  5
76D
330
3B
100
AcDbDictionary
280
     1
281
     1
  3
ACAD_XREC_ROUNDTRIP
360
76E
  0
DICTIONARY
  5
767
330
38
100
AcDbDictionary
280
     1
281
     1
  3
ACAD_XREC_ROUNDTRIP
360
768
  0
DICTIONARY
  5
76F
330
3C
100
AcDbDictionary
280
     1
281
     1
  3
ACAD_XREC_ROUNDTRIP
360
770
  0
DICTIONARY
  5
75D
330
33
100
AcDbDictionary
280
     1
281
     1
  3
ACAD_XREC_ROUNDTRIP
360
75E
  0
DICTIONARY
  5
77B
330
42
100
AcDbDictionary
280
     1
281
     1
  3
ACAD_XREC_ROUNDTRIP
360
77C
  0
DICTIONARY
  5
779
330
41
100
AcDbDictionary
280
     1
281
     1
  3
ACAD_XREC_ROUNDTRIP
360
77A
  0
DICTIONARY
  5
773
330
3E
100
AcDbDictionary
280
     1
281
     1
  3
ACAD_XREC_ROUNDTRIP
360
774
  0
DICTIONARY
  5
775
330
3F
100
AcDbDictionary
280
     1
281
     1
  3
ACAD_XREC_ROUNDTRIP
360
776
  0
DICTIONARY
  5
765
330
37
100
AcDbDictionary
280
     1
281
     1
  3
ACAD_XREC_ROUNDTRIP
360
766
  0
DICTIONARY
  5
757
330
30
100
AcDbDictionary
280
     1
281
     1
  3
ACAD_XREC_ROUNDTRIP
360
758
  0
DICTIONARY
  5
777
330
40
100
AcDbDictionary
280
     1
281
     1
  3
ACAD_XREC_ROUNDTRIP
360
778
  0
XRECORD
  5
781
102
{ACAD_REACTORS
330
780
102
}
330
780
100
AcDbXrecord
280
     1
102
ACAD_ROUNDTRIP_2010_MLEADER_STYLE
  0
CELLSTYLEMAP
  5
77E
102
{ACAD_REACTORS
330
77D
102
}
330
77D
100
AcDbCellStyleMap
 90
        3
300
CELLSTYLE
  1
TABLEFORMAT_BEGIN
 90
        5
170
     1
 91
        0
 92
    32768
 62
   257
 93
        1
300
CONTENTFORMAT
  1
CONTENTFORMAT_BEGIN
 90
        0
 91
        0
 92
        4
 93
        0
300

 40
0.0
140
1.0
 94
        5
 62
     0
340
11
144
0.25
309
CONTENTFORMAT_END
171
     1
301
MARGIN
  1
CELLMARGIN_BEGIN
 40
0.06
 40
0.06
 40
0.06
 40
0.06
 40
0.06
 40
0.06
309
CELLMARGIN_END
 94
        6
 95
        1
302
GRIDFORMAT
  1
GRIDFORMAT_BEGIN
 90
        0
 91
        1
 62
     0
 92
       -2
340
14
 93
        0
 40
0.045
309
GRIDFORMAT_END
 95
        2
302
GRIDFORMAT
  1
GRIDFORMAT_BEGIN
 90
        0
 91
        1
 62
     0
 92
       -2
340
14
 93
        0
 40
0.045
309
GRIDFORMAT_END
 95
        4
302
GRIDFORMAT
  1
GRIDFORMAT_BEGIN
 90
        0
 91
        1
 62
     0
 92
       -2
340
14
 93
        0
 40
0.045
309
GRIDFORMAT_END
 95
        8
302
GRIDFORMAT
  1
GRIDFORMAT_BEGIN
 90
        0
 91
        1
 62
     0
 92
       -2
340
14
 93
        0
 40
0.045
309
GRIDFORMAT_END
 95
       16
302
GRIDFORMAT
  1
GRIDFORMAT_BEGIN
 90
        0
 91
        1
 62
     0
 92
       -2
340
14
 93
        0
 40
0.045
309
GRIDFORMAT_END
 95
       32
302
GRIDFORMAT
  1
GRIDFORMAT_BEGIN
 90
        0
 91
        1
 62
     0
 92
       -2
340
14
 93
        0
 40
0.045
309
GRIDFORMAT_END
309
TABLEFORMAT_END
  1
CELLSTYLE_BEGIN
 90
        1
 91
        1
300
_TITLE
309
CELLSTYLE_END
300
CELLSTYLE
  1
TABLEFORMAT_BEGIN
 90
        5
170
     1
 91
        0
 92
        0
 62
   257
 93
        1
300
CONTENTFORMAT
  1
CONTENTFORMAT_BEGIN
 90
        0
 91
        0
 92
        4
 93
        0
300

 40
0.0
140
1.0
 94
        5
 62
     0
340
11
144
0.18
309
CONTENTFORMAT_END
171
     1
301
MARGIN
  1
CELLMARGIN_BEGIN
 40
0.06
 40
0.06
 40
0.06
 40
0.06
 40
0.06
 40
0.06
309
CELLMARGIN_END
 94
        6
 95
        1
302
GRIDFORMAT
  1
GRIDFORMAT_BEGIN
 90
        0
 91
        1
 62
     0
 92
       -2
340
14
 93
        0
 40
0.045
309
GRIDFORMAT_END
 95
        2
302
GRIDFORMAT
  1
GRIDFORMAT_BEGIN
 90
        0
 91
        1
 62
     0
 92
       -2
340
14
 93
        0
 40
0.045
309
GRIDFORMAT_END
 95
        4
302
GRIDFORMAT
  1
GRIDFORMAT_BEGIN
 90
        0
 91
        1
 62
     0
 92
       -2
340
14
 93
        0
 40
0.045
309
GRIDFORMAT_END
 95
        8
302
GRIDFORMAT
  1
GRIDFORMAT_BEGIN
 90
        0
 91
        1
 62
     0
 92
       -2
340
14
 93
        0
 40
0.045
309
GRIDFORMAT_END
 95
       16
302
GRIDFORMAT
  1
GRIDFORMAT_BEGIN
 90
        0
 91
        1
 62
     0
 92
       -2
340
14
 93
        0
 40
0.045
309
GRIDFORMAT_END
 95
       32
302
GRIDFORMAT
  1
GRIDFORMAT_BEGIN
 90
        0
 91
        1
 62
     0
 92
       -2
340
14
 93
        0
 40
0.045
309
GRIDFORMAT_END
309
TABLEFORMAT_END
  1
CELLSTYLE_BEGIN
 90
        2
 91
        1
300
_HEADER
309
CELLSTYLE_END
300
CELLSTYLE
  1
TABLEFORMAT_BEGIN
 90
        5
170
     1
 91
        0
 92
        0
 62
   257
 93
        1
300
CONTENTFORMAT
  1
CONTENTFORMAT_BEGIN
 90
        0
 91
        0
 92
        4
 93
        0
300

 40
0.0
140
1.0
 94
        2
 62
     0
340
11
144
0.18
309
CONTENTFORMAT_END
171
     1
301
MARGIN
  1
CELLMARGIN_BEGIN
 40
0.06
 40
0.06
 40
0.06
 40
0.06
 40
0.06
 40
0.06
309
CELLMARGIN_END
 94
        6
 95
        1
302
GRIDFORMAT
  1
GRIDFORMAT_BEGIN
 90
        0
 91
        1
 62
     0
 92
       -2
340
14
 93
        0
 40
0.045
309
GRIDFORMAT_END
 95
        2
302
GRIDFORMAT
  1
GRIDFORMAT_BEGIN
 90
        0
 91
        1
 62
     0
 92
       -2
340
14
 93
        0
 40
0.045
309
GRIDFORMAT_END
 95
        4
302
GRIDFORMAT
  1
GRIDFORMAT_BEGIN
 90
        0
 91
        1
 62
     0
 92
       -2
340
14
 93
        0
 40
0.045
309
GRIDFORMAT_END
 95
        8
302
GRIDFORMAT
  1
GRIDFORMAT_BEGIN
 90
        0
 91
        1
 62
     0
 92
       -2
340
14
 93
        0
 40
0.045
309
GRIDFORMAT_END
 95
       16
302
GRIDFORMAT
  1
GRIDFORMAT_BEGIN
 90
        0
 91
        1
 62
     0
 92
       -2
340
14
 93
        0
 40
0.045
309
GRIDFORMAT_END
 95
       32
302
GRIDFORMAT
  1
GRIDFORMAT_BEGIN
 90
        0
 91
        1
 62
     0
 92
       -2
340
14
 93
        0
 40
0.045
309
GRIDFORMAT_END
309
TABLEFORMAT_END
  1
CELLSTYLE_BEGIN
 90
        3
 91
        2
300
_DATA
309
CELLSTYLE_END
  0
XRECORD
  5
756
102
{ACAD_REACTORS
330
755
102
}
330
755
100
AcDbXrecord
280
     1
102
RTVSPropertyOp0
 70
     1
102
RTVSPropertyOp1
 70
     1
102
RTVSPropertyOp2
 70
     1
102
RTVSPropertyOp3
 70
     1
102
RTVSPropertyOp4
 70
     1
102
RTVSPropertyOp5
 70
     1
102
RTVSPropertyOp6
 70
     1
102
RTVSPropertyOp7
 70
     1
102
RTVSPropertyOp8
 70
     1
102
RTVSPropertyOp9
 70
     1
102
RTVSPropertyOp10
 70
     1
102
RTVSPropertyOp11
 70
     1
102
RTVSPropertyOp12
 70
     1
102
RTVSPropertyOp13
 70
     1
102
RTVSPropertyOp14
 70
     1
102
RTVSPropertyOp15
 70
     1
102
RTVSPropertyOp16
 70
     1
102
RTVSPropertyOp17
 70
     1
102
RTVSPropertyOp18
 70
     1
102
RTVSPropertyOp19
 70
     1
102
RTVSPropertyOp20
 70
     1
102
RTVSPropertyOp21
 70
     1
102
RTVSPropertyOp22
 70
     1
102
RTVSPropertyOp23
 70
     1
102
RTVSPropertyOp24
 70
     1
102
RTVSPropertyOp25
 70
     1
102
RTVSPropertyOp26
 70
     1
102
RTVSPropertyOp27
 70
     1
102
RTVSPropertyOp28
 70
     1
102
RTVSPropertyOp29
 70
     1
102
RTVSPropertyOp30
 70
     1
102
RTVSPropertyOp31
 70
     1
102
RTVSPropertyOp32
 70
     1
102
RTVSPropertyOp33
 70
     1
102
RTVSPropertyOp34
 70
     1
102
RTVSPropertyOp35
 70
     1
102
RTVSPropertyOp36
 70
     1
102
RTVSPropertyOp37
 70
     1
102
RTVSPropertyOp38
 70
     1
102
RTVSPropertyOp39
 70
     1
102
RTVSPropertyOp40
 70
     1
102
RTVSPropertyOp41
 70
     1
102
RTVSPropertyOp42
 70
     1
102
RTVSPropertyOp43
 70
     1
102
RTVSPropertyOp44
 70
     1
102
RTVSPropertyOp45
 70
     1
102
RTVSPropertyOp46
 70
     1
102
RTVSPropertyOp47
 70
     1
102
RTVSPropertyOp48
 70
     1
102
RTVSPropertyOp49
 70
     1
102
RTVSPropertyOp50
 70
     1
102
RTVSPropertyOp51
 70
     0
102
RTVSPropertyOp52
 70
     0
102
RTVSPropertyOp53
 70
     1
102
RTVSPropertyOp54
 70
     1
102
RTVSPropertyOp55
 70
     1
102
RTVSPropertyOp56
 70
     1
102
RTVSPropertyOp57
 70
     1
102
RTVSPost2010Prop28
280
     1
102
RTVSPost2010PropOp28
 70
     1
102
RTVSPost2010Prop29
280
     1
102
RTVSPost2010PropOp29
 70
     1
102
RTVSPost2010Prop30
280
     0
102
RTVSPost2010PropOp30
 70
     1
102
RTVSPost2010Prop31
280
     0
102
RTVSPost2010PropOp31
 70
     1
102
RTVSPost2010Prop32
280
     0
102
RTVSPost2010PropOp32
 70
     1
102
RTVSPost2010Prop33
280
     0
102
RTVSPost2010PropOp33
 70
     1
102
RTVSPost2010Prop34
280
     0
102
RTVSPost2010PropOp34
 70
     1
102
RTVSPost2010Prop35
280
     0
102
RTVSPost2010PropOp35
 70
     1
102
RTVSPost2010Prop36
280
     0
102
RTVSPost2010PropOp36
 70
     1
102
RTVSPost2010Prop37
 90
       50
102
RTVSPost2010PropOp37
 70
     1
102
RTVSPost2010Prop38
140
0.0
102
RTVSPost2010PropOp38
 70
     1
102
RTVSPost2010Prop39
140
1.0
102
RTVSPost2010PropOp39
 70
     1
102
RTVSPost2010Prop40
 90
        0
102
RTVSPost2010PropOp40
 70
     1
102
RTVSPost2010Prop41ColorIndex
 90
       18
102
RTVSPost2010Prop41ColorRGB
 90
        0
102
RTVSPost2010PropOp41
 70
     1
102
RTVSPost2010Prop42
 90
       50
102
RTVSPost2010PropOp42
 70
     1
102
RTVSPost2010Prop43
 90
        3
102
RTVSPost2010PropOp43
 70
     1
102
RTVSPost2010Prop44ColorIndex
 90
        5
102
RTVSPost2010Prop44ColorRGB
 90
      255
102
RTVSPost2010PropOp44
 70
     1
102
RTVSPost2010Prop45
280
     0
102
RTVSPost2010PropOp45
 70
     1
102
RTVSPost2010Prop46
 90
       50
102
RTVSPost2010PropOp46
 70
     1
102
RTVSPost2010Prop47
 90
       50
102
RTVSPost2010PropOp47
 70
     1
102
RTVSPost2010Prop48
 90
       50
102
RTVSPost2010PropOp48
 70
     1
102
RTVSPost2010Prop49
280
     0
102
RTVSPost2010PropOp49
 70
     1
102
RTVSPost2010Prop50
 90
       50
102
RTVSPost2010PropOp50
 70
     1
102
RTVSPost2010Prop51ColorIndex
 90
      256
102
RTVSPost2010Prop51ColorRGB
 90
-16777216
102
RTVSPost2010PropOp51
 70
     0
102
RTVSPost2010Prop52
140
1.0
102
RTVSPost2010PropOp52
 70
     0
102
RTVSPost2010Prop53
 90
        2
102
RTVSPost2010PropOp53
 70
     1
102
RTVSPost2010Prop54
  1
strokes_ogs.tif
102
RTVSPost2010PropOp54
 70
     1
102
RTVSPost2010Prop55
280
     0
102
RTVSPost2010PropOp55
 70
     1
102
RTVSPost2010Prop56
140
1.0
102
RTVSPost2010PropOp56
 70
     1
102
RTVSPost2010Prop57
140
1.0
102
RTVSPost2010PropOp57
 70
     1
  0
XRECORD
  5
75C
102
{ACAD_REACTORS
330
75B
102
}
330
75B
100
AcDbXrecord
280
     1
102
RTVSPropertyOp0
 70
     1
102
RTVSPropertyOp1
 70
     1
102
RTVSPropertyOp2
 70
     1
102
RTVSPropertyOp3
 70
     1
102
RTVSPropertyOp4
 70
     1
102
RTVSPropertyOp5
 70
     1
102
RTVSPropertyOp6
 70
     1
102
RTVSPropertyOp7
 70
     1
102
RTVSPropertyOp8
 70
     1
102
RTVSPropertyOp9
 70
     1
102
RTVSPropertyOp10
 70
     1
102
RTVSPropertyOp11
 70
     1
102
RTVSPropertyOp12
 70
     1
102
RTVSPropertyOp13
 70
     1
102
RTVSPropertyOp14
 70
     1
102
RTVSPropertyOp15
 70
     1
102
RTVSPropertyOp16
 70
     1
102
RTVSPropertyOp17
 70
     1
102
RTVSPropertyOp18
 70
     1
102
RTVSPropertyOp19
 70
     1
102
RTVSPropertyOp20
 70
     1
102
RTVSPropertyOp21
 70
     1
102
RTVSPropertyOp22
 70
     1
102
RTVSPropertyOp23
 70
     1
102
RTVSPropertyOp24
 70
     1
102
RTVSPropertyOp25
 70
     1
102
RTVSPropertyOp26
 70
     1
102
RTVSPropertyOp27
 70
     1
102
RTVSPropertyOp28
 70
     1
102
RTVSPropertyOp29
 70
     1
102
RTVSPropertyOp30
 70
     1
102
RTVSPropertyOp31
 70
     1
102
RTVSPropertyOp32
 70
     1
102
RTVSPropertyOp33
 70
     1
102
RTVSPropertyOp34
 70
     1
102
RTVSPropertyOp35
 70
     1
102
RTVSPropertyOp36
 70
     1
102
RTVSPropertyOp37
 70
     1
102
RTVSPropertyOp38
 70
     1
102
RTVSPropertyOp39
 70
     1
102
RTVSPropertyOp40
 70
     1
102
RTVSPropertyOp41
 70
     1
102
RTVSPropertyOp42
 70
     1
102
RTVSPropertyOp43
 70
     1
102
RTVSPropertyOp44
 70
     1
102
RTVSPropertyOp45
 70
     1
102
RTVSPropertyOp46
 70
     1
102
RTVSPropertyOp47
 70
     1
102
RTVSPropertyOp48
 70
     1
102
RTVSPropertyOp49
 70
     1
102
RTVSPropertyOp50
 70
     1
102
RTVSPropertyOp51
 70
     0
102
RTVSPropertyOp52
 70
     0
102
RTVSPropertyOp53
 70
     1
102
RTVSPropertyOp54
 70
     1
102
RTVSPropertyOp55
 70
     1
102
RTVSPropertyOp56
 70
     1
102
RTVSPropertyOp57
 70
     1
102
RTVSPost2010Prop28
280
     0
102
RTVSPost2010PropOp28
 70
     1
102
RTVSPost2010Prop29
280
     1
102
RTVSPost2010PropOp29
 70
     1
102
RTVSPost2010Prop30
280
     1
102
RTVSPost2010PropOp30
 70
     1
102
RTVSPost2010Prop31
280
     0
102
RTVSPost2010PropOp31
 70
     1
102
RTVSPost2010Prop32
280
     0
102
RTVSPost2010PropOp32
 70
     1
102
RTVSPost2010Prop33
280
     0
102
RTVSPost2010PropOp33
 70
     1
102
RTVSPost2010Prop34
280
     0
102
RTVSPost2010PropOp34
 70
     1
102
RTVSPost2010Prop35
280
     0
102
RTVSPost2010PropOp35
 70
     1
102
RTVSPost2010Prop36
280
     0
102
RTVSPost2010PropOp36
 70
     1
102
RTVSPost2010Prop37
 90
       50
102
RTVSPost2010PropOp37
 70
     1
102
RTVSPost2010Prop38
140
0.0
102
RTVSPost2010PropOp38
 70
     1
102
RTVSPost2010Prop39
140
1.0
102
RTVSPost2010PropOp39
 70
     1
102
RTVSPost2010Prop40
 90
        0
102
RTVSPost2010PropOp40
 70
     1
102
RTVSPost2010Prop41ColorIndex
 90
       18
102
RTVSPost2010Prop41ColorRGB
 90
        0
102
RTVSPost2010PropOp41
 70
     1
102
RTVSPost2010Prop42
 90
       50
102
RTVSPost2010PropOp42
 70
     1
102
RTVSPost2010Prop43
 90
        3
102
RTVSPost2010PropOp43
 70
     1
102
RTVSPost2010Prop44ColorIndex
 90
        5
102
RTVSPost2010Prop44ColorRGB
 90
      255
102
RTVSPost2010PropOp44
 70
     1
102
RTVSPost2010Prop45
280
     0
102
RTVSPost2010PropOp45
 70
     1
102
RTVSPost2010Prop46
 90
       50
102
RTVSPost2010PropOp46
 70
     1
102
RTVSPost2010Prop47
 90
       50
102
RTVSPost2010PropOp47
 70
     1
102
RTVSPost2010Prop48
 90
       50
102
RTVSPost2010PropOp48
 70
     1
102
RTVSPost2010Prop49
280
     0
102
RTVSPost2010PropOp49
 70
     1
102
RTVSPost2010Prop50
 90
       50
102
RTVSPost2010PropOp50
 70
     1
102
RTVSPost2010Prop51ColorIndex
 90
      256
102
RTVSPost2010Prop51ColorRGB
 90
-16777216
102
RTVSPost2010PropOp51
 70
     0
102
RTVSPost2010Prop52
140
1.0
102
RTVSPost2010PropOp52
 70
     0
102
RTVSPost2010Prop53
 90
        2
102
RTVSPost2010PropOp53
 70
     1
102
RTVSPost2010Prop54
  1
strokes_ogs.tif
102
RTVSPost2010PropOp54
 70
     1
102
RTVSPost2010Prop55
280
     0
102
RTVSPost2010PropOp55
 70
     1
102
RTVSPost2010Prop56
140
1.0
102
RTVSPost2010PropOp56
 70
     1
102
RTVSPost2010Prop57
140
1.0
102
RTVSPost2010PropOp57
 70
     1
  0
XRECORD
  5
764
102
{ACAD_REACTORS
330
763
102
}
330
763
100
AcDbXrecord
280
     1
102
RTVSPropertyOp0
 70
     1
102
RTVSPropertyOp1
 70
     1
102
RTVSPropertyOp2
 70
     1
102
RTVSPropertyOp3
 70
     1
102
RTVSPropertyOp4
 70
     1
102
RTVSPropertyOp5
 70
     1
102
RTVSPropertyOp6
 70
     1
102
RTVSPropertyOp7
 70
     1
102
RTVSPropertyOp8
 70
     1
102
RTVSPropertyOp9
 70
     1
102
RTVSPropertyOp10
 70
     1
102
RTVSPropertyOp11
 70
     1
102
RTVSPropertyOp12
 70
     1
102
RTVSPropertyOp13
 70
     1
102
RTVSPropertyOp14
 70
     1
102
RTVSPropertyOp15
 70
     1
102
RTVSPropertyOp16
 70
     1
102
RTVSPropertyOp17
 70
     1
102
RTVSPropertyOp18
 70
     1
102
RTVSPropertyOp19
 70
     1
102
RTVSPropertyOp20
 70
     1
102
RTVSPropertyOp21
 70
     1
102
RTVSPropertyOp22
 70
     1
102
RTVSPropertyOp23
 70
     1
102
RTVSPropertyOp24
 70
     1
102
RTVSPropertyOp25
 70
     1
102
RTVSPropertyOp26
 70
     1
102
RTVSPropertyOp27
 70
     1
102
RTVSPropertyOp28
 70
     1
102
RTVSPropertyOp29
 70
     1
102
RTVSPropertyOp30
 70
     1
102
RTVSPropertyOp31
 70
     1
102
RTVSPropertyOp32
 70
     1
102
RTVSPropertyOp33
 70
     1
102
RTVSPropertyOp34
 70
     1
102
RTVSPropertyOp35
 70
     1
102
RTVSPropertyOp36
 70
     1
102
RTVSPropertyOp37
 70
     1
102
RTVSPropertyOp38
 70
     1
102
RTVSPropertyOp39
 70
     1
102
RTVSPropertyOp40
 70
     1
102
RTVSPropertyOp41
 70
     1
102
RTVSPropertyOp42
 70
     1
102
RTVSPropertyOp43
 70
     1
102
RTVSPropertyOp44
 70
     1
102
RTVSPropertyOp45
 70
     1
102
RTVSPropertyOp46
 70
     1
102
RTVSPropertyOp47
 70
     1
102
RTVSPropertyOp48
 70
     1
102
RTVSPropertyOp49
 70
     1
102
RTVSPropertyOp50
 70
     1
102
RTVSPropertyOp51
 70
     0
102
RTVSPropertyOp52
 70
     0
102
RTVSPropertyOp53
 70
     1
102
RTVSPropertyOp54
 70
     1
102
RTVSPropertyOp55
 70
     1
102
RTVSPropertyOp56
 70
     1
102
RTVSPropertyOp57
 70
     1
102
RTVSPost2010Prop28
280
     0
102
RTVSPost2010PropOp28
 70
     1
102
RTVSPost2010Prop29
280
     1
102
RTVSPost2010PropOp29
 70
     1
102
RTVSPost2010Prop30
280
     1
102
RTVSPost2010PropOp30
 70
     1
102
RTVSPost2010Prop31
280
     0
102
RTVSPost2010PropOp31
 70
     1
102
RTVSPost2010Prop32
280
     0
102
RTVSPost2010PropOp32
 70
     1
102
RTVSPost2010Prop33
280
     0
102
RTVSPost2010PropOp33
 70
     1
102
RTVSPost2010Prop34
280
     0
102
RTVSPost2010PropOp34
 70
     1
102
RTVSPost2010Prop35
280
     0
102
RTVSPost2010PropOp35
 70
     1
102
RTVSPost2010Prop36
280
     0
102
RTVSPost2010PropOp36
 70
     1
102
RTVSPost2010Prop37
 90
       50
102
RTVSPost2010PropOp37
 70
     1
102
RTVSPost2010Prop38
140
0.0
102
RTVSPost2010PropOp38
 70
     1
102
RTVSPost2010Prop39
140
1.0
102
RTVSPost2010PropOp39
 70
     1
102
RTVSPost2010Prop40
 90
        0
102
RTVSPost2010PropOp40
 70
     1
102
RTVSPost2010Prop41ColorIndex
 90
       18
102
RTVSPost2010Prop41ColorRGB
 90
        0
102
RTVSPost2010PropOp41
 70
     1
102
RTVSPost2010Prop42
 90
       50
102
RTVSPost2010PropOp42
 70
     1
102
RTVSPost2010Prop43
 90
        3
102
RTVSPost2010PropOp43
 70
     1
102
RTVSPost2010Prop44ColorIndex
 90
        5
102
RTVSPost2010Prop44ColorRGB
 90
      255
102
RTVSPost2010PropOp44
 70
     1
102
RTVSPost2010Prop45
280
     0
102
RTVSPost2010PropOp45
 70
     1
102
RTVSPost2010Prop46
 90
       50
102
RTVSPost2010PropOp46
 70
     1
102
RTVSPost2010Prop47
 90
       50
102
RTVSPost2010PropOp47
 70
     1
102
RTVSPost2010Prop48
 90
       50
102
RTVSPost2010PropOp48
 70
     1
102
RTVSPost2010Prop49
280
     0
102
RTVSPost2010PropOp49
 70
     1
102
RTVSPost2010Prop50
 90
       50
102
RTVSPost2010PropOp50
 70
     1
102
RTVSPost2010Prop51ColorIndex
 90
      256
102
RTVSPost2010Prop51ColorRGB
 90
-16777216
102
RTVSPost2010PropOp51
 70
     0
102
RTVSPost2010Prop52
140
1.0
102
RTVSPost2010PropOp52
 70
     0
102
RTVSPost2010Prop53
 90
        2
102
RTVSPost2010PropOp53
 70
     1
102
RTVSPost2010Prop54
  1
strokes_ogs.tif
102
RTVSPost2010PropOp54
 70
     1
102
RTVSPost2010Prop55
280
     0
102
RTVSPost2010PropOp55
 70
     1
102
RTVSPost2010Prop56
140
1.0
102
RTVSPost2010PropOp56
 70
     1
102
RTVSPost2010Prop57
140
1.0
102
RTVSPost2010PropOp57
 70
     1
  0
XRECORD
  5
76C
102
{ACAD_REACTORS
330
76B
102
}
330
76B
100
AcDbXrecord
280
     1
102
RTVSPropertyOp0
 70
     1
102
RTVSPropertyOp1
 70
     1
102
RTVSPropertyOp2
 70
     1
102
RTVSPropertyOp3
 70
     1
102
RTVSPropertyOp4
 70
     1
102
RTVSPropertyOp5
 70
     1
102
RTVSPropertyOp6
 70
     1
102
RTVSPropertyOp7
 70
     1
102
RTVSPropertyOp8
 70
     1
102
RTVSPropertyOp9
 70
     1
102
RTVSPropertyOp10
 70
     1
102
RTVSPropertyOp11
 70
     1
102
RTVSPropertyOp12
 70
     1
102
RTVSPropertyOp13
 70
     1
102
RTVSPropertyOp14
 70
     1
102
RTVSPropertyOp15
 70
     1
102
RTVSPropertyOp16
 70
     1
102
RTVSPropertyOp17
 70
     1
102
RTVSPropertyOp18
 70
     1
102
RTVSPropertyOp19
 70
     1
102
RTVSPropertyOp20
 70
     1
102
RTVSPropertyOp21
 70
     1
102
RTVSPropertyOp22
 70
     1
102
RTVSPropertyOp23
 70
     1
102
RTVSPropertyOp24
 70
     1
102
RTVSPropertyOp25
 70
     1
102
RTVSPropertyOp26
 70
     1
102
RTVSPropertyOp27
 70
     1
102
RTVSPropertyOp28
 70
     1
102
RTVSPropertyOp29
 70
     1
102
RTVSPropertyOp30
 70
     1
102
RTVSPropertyOp31
 70
     1
102
RTVSPropertyOp32
 70
     1
102
RTVSPropertyOp33
 70
     1
102
RTVSPropertyOp34
 70
     1
102
RTVSPropertyOp35
 70
     1
102
RTVSPropertyOp36
 70
     1
102
RTVSPropertyOp37
 70
     1
102
RTVSPropertyOp38
 70
     1
102
RTVSPropertyOp39
 70
     1
102
RTVSPropertyOp40
 70
     1
102
RTVSPropertyOp41
 70
     1
102
RTVSPropertyOp42
 70
     1
102
RTVSPropertyOp43
 70
     1
102
RTVSPropertyOp44
 70
     1
102
RTVSPropertyOp45
 70
     1
102
RTVSPropertyOp46
 70
     1
102
RTVSPropertyOp47
 70
     1
102
RTVSPropertyOp48
 70
     1
102
RTVSPropertyOp49
 70
     1
102
RTVSPropertyOp50
 70
     1
102
RTVSPropertyOp51
 70
     0
102
RTVSPropertyOp52
 70
     0
102
RTVSPropertyOp53
 70
     1
102
RTVSPropertyOp54
 70
     1
102
RTVSPropertyOp55
 70
     1
102
RTVSPropertyOp56
 70
     1
102
RTVSPropertyOp57
 70
     1
102
RTVSPost2010Prop28
280
     0
102
RTVSPost2010PropOp28
 70
     1
102
RTVSPost2010Prop29
280
     1
102
RTVSPost2010PropOp29
 70
     1
102
RTVSPost2010Prop30
280
     1
102
RTVSPost2010PropOp30
 70
     1
102
RTVSPost2010Prop31
280
     0
102
RTVSPost2010PropOp31
 70
     1
102
RTVSPost2010Prop32
280
     0
102
RTVSPost2010PropOp32
 70
     1
102
RTVSPost2010Prop33
280
     0
102
RTVSPost2010PropOp33
 70
     1
102
RTVSPost2010Prop34
280
     0
102
RTVSPost2010PropOp34
 70
     1
102
RTVSPost2010Prop35
280
     0
102
RTVSPost2010PropOp35
 70
     1
102
RTVSPost2010Prop36
280
     0
102
RTVSPost2010PropOp36
 70
     1
102
RTVSPost2010Prop37
 90
       50
102
RTVSPost2010PropOp37
 70
     1
102
RTVSPost2010Prop38
140
0.0
102
RTVSPost2010PropOp38
 70
     1
102
RTVSPost2010Prop39
140
1.0
102
RTVSPost2010PropOp39
 70
     1
102
RTVSPost2010Prop40
 90
        0
102
RTVSPost2010PropOp40
 70
     1
102
RTVSPost2010Prop41ColorIndex
 90
       18
102
RTVSPost2010Prop41ColorRGB
 90
        0
102
RTVSPost2010PropOp41
 70
     1
102
RTVSPost2010Prop42
 90
       50
102
RTVSPost2010PropOp42
 70
     1
102
RTVSPost2010Prop43
 90
        3
102
RTVSPost2010PropOp43
 70
     1
102
RTVSPost2010Prop44ColorIndex
 90
        5
102
RTVSPost2010Prop44ColorRGB
 90
      255
102
RTVSPost2010PropOp44
 70
     1
102
RTVSPost2010Prop45
280
     0
102
RTVSPost2010PropOp45
 70
     1
102
RTVSPost2010Prop46
 90
       50
102
RTVSPost2010PropOp46
 70
     1
102
RTVSPost2010Prop47
 90
       50
102
RTVSPost2010PropOp47
 70
     1
102
RTVSPost2010Prop48
 90
       50
102
RTVSPost2010PropOp48
 70
     1
102
RTVSPost2010Prop49
280
     0
102
RTVSPost2010PropOp49
 70
     1
102
RTVSPost2010Prop50
 90
       50
102
RTVSPost2010PropOp50
 70
     1
102
RTVSPost2010Prop51ColorIndex
 90
      256
102
RTVSPost2010Prop51ColorRGB
 90
-16777216
102
RTVSPost2010PropOp51
 70
     0
102
RTVSPost2010Prop52
140
1.0
102
RTVSPost2010PropOp52
 70
     0
102
RTVSPost2010Prop53
 90
        2
102
RTVSPost2010PropOp53
 70
     1
102
RTVSPost2010Prop54
  1
strokes_ogs.tif
102
RTVSPost2010PropOp54
 70
     1
102
RTVSPost2010Prop55
280
     0
102
RTVSPost2010PropOp55
 70
     1
102
RTVSPost2010Prop56
140
1.0
102
RTVSPost2010PropOp56
 70
     1
102
RTVSPost2010Prop57
140
1.0
102
RTVSPost2010PropOp57
 70
     1
  0
XRECORD
  5
760
102
{ACAD_REACTORS
330
75F
102
}
330
75F
100
AcDbXrecord
280
     1
102
RTVSPropertyOp0
 70
     1
102
RTVSPropertyOp1
 70
     1
102
RTVSPropertyOp2
 70
     1
102
RTVSPropertyOp3
 70
     1
102
RTVSPropertyOp4
 70
     1
102
RTVSPropertyOp5
 70
     1
102
RTVSPropertyOp6
 70
     1
102
RTVSPropertyOp7
 70
     1
102
RTVSPropertyOp8
 70
     1
102
RTVSPropertyOp9
 70
     1
102
RTVSPropertyOp10
 70
     1
102
RTVSPropertyOp11
 70
     1
102
RTVSPropertyOp12
 70
     1
102
RTVSPropertyOp13
 70
     1
102
RTVSPropertyOp14
 70
     1
102
RTVSPropertyOp15
 70
     1
102
RTVSPropertyOp16
 70
     1
102
RTVSPropertyOp17
 70
     1
102
RTVSPropertyOp18
 70
     1
102
RTVSPropertyOp19
 70
     1
102
RTVSPropertyOp20
 70
     1
102
RTVSPropertyOp21
 70
     1
102
RTVSPropertyOp22
 70
     1
102
RTVSPropertyOp23
 70
     1
102
RTVSPropertyOp24
 70
     1
102
RTVSPropertyOp25
 70
     1
102
RTVSPropertyOp26
 70
     1
102
RTVSPropertyOp27
 70
     1
102
RTVSPropertyOp28
 70
     1
102
RTVSPropertyOp29
 70
     1
102
RTVSPropertyOp30
 70
     1
102
RTVSPropertyOp31
 70
     1
102
RTVSPropertyOp32
 70
     1
102
RTVSPropertyOp33
 70
     1
102
RTVSPropertyOp34
 70
     1
102
RTVSPropertyOp35
 70
     1
102
RTVSPropertyOp36
 70
     1
102
RTVSPropertyOp37
 70
     1
102
RTVSPropertyOp38
 70
     1
102
RTVSPropertyOp39
 70
     1
102
RTVSPropertyOp40
 70
     1
102
RTVSPropertyOp41
 70
     1
102
RTVSPropertyOp42
 70
     1
102
RTVSPropertyOp43
 70
     1
102
RTVSPropertyOp44
 70
     1
102
RTVSPropertyOp45
 70
     1
102
RTVSPropertyOp46
 70
     1
102
RTVSPropertyOp47
 70
     1
102
RTVSPropertyOp48
 70
     1
102
RTVSPropertyOp49
 70
     1
102
RTVSPropertyOp50
 70
     1
102
RTVSPropertyOp51
 70
     0
102
RTVSPropertyOp52
 70
     0
102
RTVSPropertyOp53
 70
     1
102
RTVSPropertyOp54
 70
     1
102
RTVSPropertyOp55
 70
     1
102
RTVSPropertyOp56
 70
     1
102
RTVSPropertyOp57
 70
     1
102
RTVSPost2010Prop28
280
     0
102
RTVSPost2010PropOp28
 70
     1
102
RTVSPost2010Prop29
280
     1
102
RTVSPost2010PropOp29
 70
     1
102
RTVSPost2010Prop30
280
     1
102
RTVSPost2010PropOp30
 70
     1
102
RTVSPost2010Prop31
280
     0
102
RTVSPost2010PropOp31
 70
     1
102
RTVSPost2010Prop32
280
     0
102
RTVSPost2010PropOp32
 70
     1
102
RTVSPost2010Prop33
280
     0
102
RTVSPost2010PropOp33
 70
     1
102
RTVSPost2010Prop34
280
     0
102
RTVSPost2010PropOp34
 70
     1
102
RTVSPost2010Prop35
280
     0
102
RTVSPost2010PropOp35
 70
     1
102
RTVSPost2010Prop36
280
     0
102
RTVSPost2010PropOp36
 70
     1
102
RTVSPost2010Prop37
 90
       50
102
RTVSPost2010PropOp37
 70
     1
102
RTVSPost2010Prop38
140
0.0
102
RTVSPost2010PropOp38
 70
     1
102
RTVSPost2010Prop39
140
1.0
102
RTVSPost2010PropOp39
 70
     1
102
RTVSPost2010Prop40
 90
        0
102
RTVSPost2010PropOp40
 70
     1
102
RTVSPost2010Prop41ColorIndex
 90
       18
102
RTVSPost2010Prop41ColorRGB
 90
        0
102
RTVSPost2010PropOp41
 70
     1
102
RTVSPost2010Prop42
 90
       50
102
RTVSPost2010PropOp42
 70
     1
102
RTVSPost2010Prop43
 90
        3
102
RTVSPost2010PropOp43
 70
     1
102
RTVSPost2010Prop44ColorIndex
 90
        5
102
RTVSPost2010Prop44ColorRGB
 90
      255
102
RTVSPost2010PropOp44
 70
     1
102
RTVSPost2010Prop45
280
     0
102
RTVSPost2010PropOp45
 70
     1
102
RTVSPost2010Prop46
 90
       50
102
RTVSPost2010PropOp46
 70
     1
102
RTVSPost2010Prop47
 90
       50
102
RTVSPost2010PropOp47
 70
     1
102
RTVSPost2010Prop48
 90
       50
102
RTVSPost2010PropOp48
 70
     1
102
RTVSPost2010Prop49
280
     0
102
RTVSPost2010PropOp49
 70
     1
102
RTVSPost2010Prop50
 90
       50
102
RTVSPost2010PropOp50
 70
     1
102
RTVSPost2010Prop51ColorIndex
 90
      256
102
RTVSPost2010Prop51ColorRGB
 90
-16777216
102
RTVSPost2010PropOp51
 70
     0
102
RTVSPost2010Prop52
140
1.0
102
RTVSPost2010PropOp52
 70
     0
102
RTVSPost2010Prop53
 90
        2
102
RTVSPost2010PropOp53
 70
     1
102
RTVSPost2010Prop54
  1
strokes_ogs.tif
102
RTVSPost2010PropOp54
 70
     1
102
RTVSPost2010Prop55
280
     0
102
RTVSPost2010PropOp55
 70
     1
102
RTVSPost2010Prop56
140
1.0
102
RTVSPost2010PropOp56
 70
     1
102
RTVSPost2010Prop57
140
1.0
102
RTVSPost2010PropOp57
 70
     1
  0
XRECORD
  5
762
102
{ACAD_REACTORS
330
761
102
}
330
761
100
AcDbXrecord
280
     1
102
RTVSPropertyOp0
 70
     1
102
RTVSPropertyOp1
 70
     1
102
RTVSPropertyOp2
 70
     1
102
RTVSPropertyOp3
 70
     1
102
RTVSPropertyOp4
 70
     1
102
RTVSPropertyOp5
 70
     1
102
RTVSPropertyOp6
 70
     1
102
RTVSPropertyOp7
 70
     1
102
RTVSPropertyOp8
 70
     1
102
RTVSPropertyOp9
 70
     1
102
RTVSPropertyOp10
 70
     1
102
RTVSPropertyOp11
 70
     1
102
RTVSPropertyOp12
 70
     1
102
RTVSPropertyOp13
 70
     1
102
RTVSPropertyOp14
 70
     1
102
RTVSPropertyOp15
 70
     1
102
RTVSPropertyOp16
 70
     1
102
RTVSPropertyOp17
 70
     1
102
RTVSPropertyOp18
 70
     1
102
RTVSPropertyOp19
 70
     1
102
RTVSPropertyOp20
 70
     1
102
RTVSPropertyOp21
 70
     1
102
RTVSPropertyOp22
 70
     1
102
RTVSPropertyOp23
 70
     1
102
RTVSPropertyOp24
 70
     1
102
RTVSPropertyOp25
 70
     1
102
RTVSPropertyOp26
 70
     1
102
RTVSPropertyOp27
 70
     1
102
RTVSPropertyOp28
 70
     1
102
RTVSPropertyOp29
 70
     1
102
RTVSPropertyOp30
 70
     1
102
RTVSPropertyOp31
 70
     1
102
RTVSPropertyOp32
 70
     1
102
RTVSPropertyOp33
 70
     1
102
RTVSPropertyOp34
 70
     1
102
RTVSPropertyOp35
 70
     1
102
RTVSPropertyOp36
 70
     1
102
RTVSPropertyOp37
 70
     1
102
RTVSPropertyOp38
 70
     1
102
RTVSPropertyOp39
 70
     1
102
RTVSPropertyOp40
 70
     1
102
RTVSPropertyOp41
 70
     1
102
RTVSPropertyOp42
 70
     1
102
RTVSPropertyOp43
 70
     1
102
RTVSPropertyOp44
 70
     1
102
RTVSPropertyOp45
 70
     1
102
RTVSPropertyOp46
 70
     1
102
RTVSPropertyOp47
 70
     1
102
RTVSPropertyOp48
 70
     1
102
RTVSPropertyOp49
 70
     1
102
RTVSPropertyOp50
 70
     1
102
RTVSPropertyOp51
 70
     0
102
RTVSPropertyOp52
 70
     0
102
RTVSPropertyOp53
 70
     1
102
RTVSPropertyOp54
 70
     1
102
RTVSPropertyOp55
 70
     1
102
RTVSPropertyOp56
 70
     1
102
RTVSPropertyOp57
 70
     1
102
RTVSPost2010Prop28
280
     0
102
RTVSPost2010PropOp28
 70
     1
102
RTVSPost2010Prop29
280
     1
102
RTVSPost2010PropOp29
 70
     1
102
RTVSPost2010Prop30
280
     1
102
RTVSPost2010PropOp30
 70
     1
102
RTVSPost2010Prop31
280
     0
102
RTVSPost2010PropOp31
 70
     1
102
RTVSPost2010Prop32
280
     0
102
RTVSPost2010PropOp32
 70
     1
102
RTVSPost2010Prop33
280
     0
102
RTVSPost2010PropOp33
 70
     1
102
RTVSPost2010Prop34
280
     0
102
RTVSPost2010PropOp34
 70
     1
102
RTVSPost2010Prop35
280
     0
102
RTVSPost2010PropOp35
 70
     1
102
RTVSPost2010Prop36
280
     0
102
RTVSPost2010PropOp36
 70
     1
102
RTVSPost2010Prop37
 90
       50
102
RTVSPost2010PropOp37
 70
     1
102
RTVSPost2010Prop38
140
0.0
102
RTVSPost2010PropOp38
 70
     1
102
RTVSPost2010Prop39
140
1.0
102
RTVSPost2010PropOp39
 70
     1
102
RTVSPost2010Prop40
 90
        0
102
RTVSPost2010PropOp40
 70
     1
102
RTVSPost2010Prop41ColorIndex
 90
       18
102
RTVSPost2010Prop41ColorRGB
 90
        0
102
RTVSPost2010PropOp41
 70
     1
102
RTVSPost2010Prop42
 90
       50
102
RTVSPost2010PropOp42
 70
     1
102
RTVSPost2010Prop43
 90
        3
102
RTVSPost2010PropOp43
 70
     1
102
RTVSPost2010Prop44ColorIndex
 90
        5
102
RTVSPost2010Prop44ColorRGB
 90
      255
102
RTVSPost2010PropOp44
 70
     1
102
RTVSPost2010Prop45
280
     0
102
RTVSPost2010PropOp45
 70
     1
102
RTVSPost2010Prop46
 90
       50
102
RTVSPost2010PropOp46
 70
     1
102
RTVSPost2010Prop47
 90
       50
102
RTVSPost2010PropOp47
 70
     1
102
RTVSPost2010Prop48
 90
       50
102
RTVSPost2010PropOp48
 70
     1
102
RTVSPost2010Prop49
280
     0
102
RTVSPost2010PropOp49
 70
     1
102
RTVSPost2010Prop50
 90
       50
102
RTVSPost2010PropOp50
 70
     1
102
RTVSPost2010Prop51ColorIndex
 90
      256
102
RTVSPost2010Prop51ColorRGB
 90
-16777216
102
RTVSPost2010PropOp51
 70
     0
102
RTVSPost2010Prop52
140
1.0
102
RTVSPost2010PropOp52
 70
     0
102
RTVSPost2010Prop53
 90
        2
102
RTVSPost2010PropOp53
 70
     1
102
RTVSPost2010Prop54
  1
strokes_ogs.tif
102
RTVSPost2010PropOp54
 70
     1
102
RTVSPost2010Prop55
280
     0
102
RTVSPost2010PropOp55
 70
     1
102
RTVSPost2010Prop56
140
1.0
102
RTVSPost2010PropOp56
 70
     1
102
RTVSPost2010Prop57
140
1.0
102
RTVSPost2010PropOp57
 70
     1
  0
XRECORD
  5
772
102
{ACAD_REACTORS
330
771
102
}
330
771
100
AcDbXrecord
280
     1
102
RTVSPropertyOp0
 70
     0
102
RTVSPropertyOp1
 70
     0
102
RTVSPropertyOp2
 70
     0
102
RTVSPropertyOp3
 70
     0
102
RTVSPropertyOp4
 70
     0
102
RTVSPropertyOp5
 70
     0
102
RTVSPropertyOp6
 70
     0
102
RTVSPropertyOp7
 70
     0
102
RTVSPropertyOp8
 70
     0
102
RTVSPropertyOp9
 70
     0
102
RTVSPropertyOp10
 70
     0
102
RTVSPropertyOp11
 70
     0
102
RTVSPropertyOp12
 70
     0
102
RTVSPropertyOp13
 70
     0
102
RTVSPropertyOp14
 70
     2
102
RTVSPropertyOp15
 70
     0
102
RTVSPropertyOp16
 70
     0
102
RTVSPropertyOp17
 70
     0
102
RTVSPropertyOp18
 70
     0
102
RTVSPropertyOp19
 70
     0
102
RTVSPropertyOp20
 70
     0
102
RTVSPropertyOp21
 70
     0
102
RTVSPropertyOp22
 70
     0
102
RTVSPropertyOp23
 70
     0
102
RTVSPropertyOp24
 70
     0
102
RTVSPropertyOp25
 70
     0
102
RTVSPropertyOp26
 70
     0
102
RTVSPropertyOp27
 70
     0
102
RTVSPropertyOp28
 70
     0
102
RTVSPropertyOp29
 70
     0
102
RTVSPropertyOp30
 70
     0
102
RTVSPropertyOp31
 70
     0
102
RTVSPropertyOp32
 70
     0
102
RTVSPropertyOp33
 70
     0
102
RTVSPropertyOp34
 70
     0
102
RTVSPropertyOp35
 70
     0
102
RTVSPropertyOp36
 70
     0
102
RTVSPropertyOp37
 70
     0
102
RTVSPropertyOp38
 70
     0
102
RTVSPropertyOp39
 70
     0
102
RTVSPropertyOp40
 70
     0
102
RTVSPropertyOp41
 70
     0
102
RTVSPropertyOp42
 70
     0
102
RTVSPropertyOp43
 70
     0
102
RTVSPropertyOp44
 70
     0
102
RTVSPropertyOp45
 70
     0
102
RTVSPropertyOp46
 70
     0
102
RTVSPropertyOp47
 70
     0
102
RTVSPropertyOp48
 70
     0
102
RTVSPropertyOp49
 70
     0
102
RTVSPropertyOp50
 70
     0
102
RTVSPropertyOp51
 70
     0
102
RTVSPropertyOp52
 70
     0
102
RTVSPropertyOp53
 70
     0
102
RTVSPropertyOp54
 70
     0
102
RTVSPropertyOp55
 70
     0
102
RTVSPropertyOp56
 70
     0
102
RTVSPropertyOp57
 70
     0
102
RTVSPost2010Prop28
280
     0
102
RTVSPost2010PropOp28
 70
     0
102
RTVSPost2010Prop29
280
     1
102
RTVSPost2010PropOp29
 70
     0
102
RTVSPost2010Prop30
280
     1
102
RTVSPost2010PropOp30
 70
     0
102
RTVSPost2010Prop31
280
     0
102
RTVSPost2010PropOp31
 70
     0
102
RTVSPost2010Prop32
280
     0
102
RTVSPost2010PropOp32
 70
     0
102
RTVSPost2010Prop33
280
     0
102
RTVSPost2010PropOp33
 70
     0
102
RTVSPost2010Prop34
280
     0
102
RTVSPost2010PropOp34
 70
     0
102
RTVSPost2010Prop35
280
     0
102
RTVSPost2010PropOp35
 70
     0
102
RTVSPost2010Prop36
280
     0
102
RTVSPost2010PropOp36
 70
     0
102
RTVSPost2010Prop37
 90
       50
102
RTVSPost2010PropOp37
 70
     0
102
RTVSPost2010Prop38
140
0.0
102
RTVSPost2010PropOp38
 70
     0
102
RTVSPost2010Prop39
140
1.0
102
RTVSPost2010PropOp39
 70
     0
102
RTVSPost2010Prop40
 90
        0
102
RTVSPost2010PropOp40
 70
     0
102
RTVSPost2010Prop41ColorIndex
 90
       18
102
RTVSPost2010Prop41ColorRGB
 90
        0
102
RTVSPost2010PropOp41
 70
     0
102
RTVSPost2010Prop42
 90
       50
102
RTVSPost2010PropOp42
 70
     0
102
RTVSPost2010Prop43
 90
        3
102
RTVSPost2010PropOp43
 70
     0
102
RTVSPost2010Prop44ColorIndex
 90
        5
102
RTVSPost2010Prop44ColorRGB
 90
      255
102
RTVSPost2010PropOp44
 70
     0
102
RTVSPost2010Prop45
280
     0
102
RTVSPost2010PropOp45
 70
     0
102
RTVSPost2010Prop46
 90
       50
102
RTVSPost2010PropOp46
 70
     0
102
RTVSPost2010Prop47
 90
       50
102
RTVSPost2010PropOp47
 70
     0
102
RTVSPost2010Prop48
 90
       50
102
RTVSPost2010PropOp48
 70
     0
102
RTVSPost2010Prop49
280
     0
102
RTVSPost2010PropOp49
 70
     0
102
RTVSPost2010Prop50
 90
       50
102
RTVSPost2010PropOp50
 70
     0
102
RTVSPost2010Prop51ColorIndex
 90
      256
102
RTVSPost2010Prop51ColorRGB
 90
-16777216
102
RTVSPost2010PropOp51
 70
     0
102
RTVSPost2010Prop52
140
1.0
102
RTVSPost2010PropOp52
 70
     0
102
RTVSPost2010Prop53
 90
        2
102
RTVSPost2010PropOp53
 70
     0
102
RTVSPost2010Prop54
  1
strokes_ogs.tif
102
RTVSPost2010PropOp54
 70
     0
102
RTVSPost2010Prop55
280
     0
102
RTVSPost2010PropOp55
 70
     0
102
RTVSPost2010Prop56
140
1.0
102
RTVSPost2010PropOp56
 70
     0
102
RTVSPost2010Prop57
140
1.0
102
RTVSPost2010PropOp57
 70
     0
  0
XRECORD
  5
76A
102
{ACAD_REACTORS
330
769
102
}
330
769
100
AcDbXrecord
280
     1
102
RTVSPropertyOp0
 70
     1
102
RTVSPropertyOp1
 70
     1
102
RTVSPropertyOp2
 70
     1
102
RTVSPropertyOp3
 70
     1
102
RTVSPropertyOp4
 70
     1
102
RTVSPropertyOp5
 70
     1
102
RTVSPropertyOp6
 70
     1
102
RTVSPropertyOp7
 70
     1
102
RTVSPropertyOp8
 70
     1
102
RTVSPropertyOp9
 70
     1
102
RTVSPropertyOp10
 70
     1
102
RTVSPropertyOp11
 70
     1
102
RTVSPropertyOp12
 70
     1
102
RTVSPropertyOp13
 70
     1
102
RTVSPropertyOp14
 70
     1
102
RTVSPropertyOp15
 70
     1
102
RTVSPropertyOp16
 70
     1
102
RTVSPropertyOp17
 70
     1
102
RTVSPropertyOp18
 70
     1
102
RTVSPropertyOp19
 70
     1
102
RTVSPropertyOp20
 70
     1
102
RTVSPropertyOp21
 70
     1
102
RTVSPropertyOp22
 70
     1
102
RTVSPropertyOp23
 70
     1
102
RTVSPropertyOp24
 70
     1
102
RTVSPropertyOp25
 70
     1
102
RTVSPropertyOp26
 70
     1
102
RTVSPropertyOp27
 70
     1
102
RTVSPropertyOp28
 70
     1
102
RTVSPropertyOp29
 70
     1
102
RTVSPropertyOp30
 70
     1
102
RTVSPropertyOp31
 70
     1
102
RTVSPropertyOp32
 70
     1
102
RTVSPropertyOp33
 70
     1
102
RTVSPropertyOp34
 70
     1
102
RTVSPropertyOp35
 70
     1
102
RTVSPropertyOp36
 70
     1
102
RTVSPropertyOp37
 70
     1
102
RTVSPropertyOp38
 70
     1
102
RTVSPropertyOp39
 70
     1
102
RTVSPropertyOp40
 70
     1
102
RTVSPropertyOp41
 70
     1
102
RTVSPropertyOp42
 70
     1
102
RTVSPropertyOp43
 70
     1
102
RTVSPropertyOp44
 70
     1
102
RTVSPropertyOp45
 70
     1
102
RTVSPropertyOp46
 70
     1
102
RTVSPropertyOp47
 70
     1
102
RTVSPropertyOp48
 70
     1
102
RTVSPropertyOp49
 70
     1
102
RTVSPropertyOp50
 70
     1
102
RTVSPropertyOp51
 70
     0
102
RTVSPropertyOp52
 70
     0
102
RTVSPropertyOp53
 70
     1
102
RTVSPropertyOp54
 70
     1
102
RTVSPropertyOp55
 70
     1
102
RTVSPropertyOp56
 70
     1
102
RTVSPropertyOp57
 70
     1
102
RTVSPost2010Prop28
280
     0
102
RTVSPost2010PropOp28
 70
     1
102
RTVSPost2010Prop29
280
     1
102
RTVSPost2010PropOp29
 70
     1
102
RTVSPost2010Prop30
280
     1
102
RTVSPost2010PropOp30
 70
     1
102
RTVSPost2010Prop31
280
     0
102
RTVSPost2010PropOp31
 70
     1
102
RTVSPost2010Prop32
280
     0
102
RTVSPost2010PropOp32
 70
     1
102
RTVSPost2010Prop33
280
     0
102
RTVSPost2010PropOp33
 70
     1
102
RTVSPost2010Prop34
280
     0
102
RTVSPost2010PropOp34
 70
     1
102
RTVSPost2010Prop35
280
     0
102
RTVSPost2010PropOp35
 70
     1
102
RTVSPost2010Prop36
280
     0
102
RTVSPost2010PropOp36
 70
     1
102
RTVSPost2010Prop37
 90
       50
102
RTVSPost2010PropOp37
 70
     1
102
RTVSPost2010Prop38
140
0.0
102
RTVSPost2010PropOp38
 70
     1
102
RTVSPost2010Prop39
140
1.0
102
RTVSPost2010PropOp39
 70
     1
102
RTVSPost2010Prop40
 90
        0
102
RTVSPost2010PropOp40
 70
     1
102
RTVSPost2010Prop41ColorIndex
 90
       18
102
RTVSPost2010Prop41ColorRGB
 90
        0
102
RTVSPost2010PropOp41
 70
     1
102
RTVSPost2010Prop42
 90
       50
102
RTVSPost2010PropOp42
 70
     1
102
RTVSPost2010Prop43
 90
        3
102
RTVSPost2010PropOp43
 70
     1
102
RTVSPost2010Prop44ColorIndex
 90
        5
102
RTVSPost2010Prop44ColorRGB
 90
      255
102
RTVSPost2010PropOp44
 70
     1
102
RTVSPost2010Prop45
280
     0
102
RTVSPost2010PropOp45
 70
     1
102
RTVSPost2010Prop46
 90
       50
102
RTVSPost2010PropOp46
 70
     1
102
RTVSPost2010Prop47
 90
       50
102
RTVSPost2010PropOp47
 70
     1
102
RTVSPost2010Prop48
 90
       50
102
RTVSPost2010PropOp48
 70
     1
102
RTVSPost2010Prop49
280
     0
102
RTVSPost2010PropOp49
 70
     1
102
RTVSPost2010Prop50
 90
       50
102
RTVSPost2010PropOp50
 70
     1
102
RTVSPost2010Prop51ColorIndex
 90
      256
102
RTVSPost2010Prop51ColorRGB
 90
-16777216
102
RTVSPost2010PropOp51
 70
     0
102
RTVSPost2010Prop52
140
1.0
102
RTVSPost2010PropOp52
 70
     0
102
RTVSPost2010Prop53
 90
        2
102
RTVSPost2010PropOp53
 70
     1
102
RTVSPost2010Prop54
  1
strokes_ogs.tif
102
RTVSPost2010PropOp54
 70
     1
102
RTVSPost2010Prop55
280
     0
102
RTVSPost2010PropOp55
 70
     1
102
RTVSPost2010Prop56
140
1.0
102
RTVSPost2010PropOp56
 70
     1
102
RTVSPost2010Prop57
140
1.0
102
RTVSPost2010PropOp57
 70
     1
  0
XRECORD
  5
74E
102
{ACAD_REACTORS
330
74D
102
}
330
74D
100
AcDbXrecord
280
     1
102
RTVSPropertyOp0
 70
     1
102
RTVSPropertyOp1
 70
     1
102
RTVSPropertyOp2
 70
     1
102
RTVSPropertyOp3
 70
     1
102
RTVSPropertyOp4
 70
     1
102
RTVSPropertyOp5
 70
     1
102
RTVSPropertyOp6
 70
     1
102
RTVSPropertyOp7
 70
     1
102
RTVSPropertyOp8
 70
     1
102
RTVSPropertyOp9
 70
     1
102
RTVSPropertyOp10
 70
     1
102
RTVSPropertyOp11
 70
     1
102
RTVSPropertyOp12
 70
     1
102
RTVSPropertyOp13
 70
     1
102
RTVSPropertyOp14
 70
     1
102
RTVSPropertyOp15
 70
     1
102
RTVSPropertyOp16
 70
     1
102
RTVSPropertyOp17
 70
     1
102
RTVSPropertyOp18
 70
     1
102
RTVSPropertyOp19
 70
     1
102
RTVSPropertyOp20
 70
     1
102
RTVSPropertyOp21
 70
     1
102
RTVSPropertyOp22
 70
     1
102
RTVSPropertyOp23
 70
     1
102
RTVSPropertyOp24
 70
     1
102
RTVSPropertyOp25
 70
     1
102
RTVSPropertyOp26
 70
     1
102
RTVSPropertyOp27
 70
     1
102
RTVSPropertyOp28
 70
     1
102
RTVSPropertyOp29
 70
     1
102
RTVSPropertyOp30
 70
     1
102
RTVSPropertyOp31
 70
     1
102
RTVSPropertyOp32
 70
     1
102
RTVSPropertyOp33
 70
     1
102
RTVSPropertyOp34
 70
     1
102
RTVSPropertyOp35
 70
     1
102
RTVSPropertyOp36
 70
     1
102
RTVSPropertyOp37
 70
     1
102
RTVSPropertyOp38
 70
     1
102
RTVSPropertyOp39
 70
     1
102
RTVSPropertyOp40
 70
     1
102
RTVSPropertyOp41
 70
     1
102
RTVSPropertyOp42
 70
     1
102
RTVSPropertyOp43
 70
     1
102
RTVSPropertyOp44
 70
     1
102
RTVSPropertyOp45
 70
     1
102
RTVSPropertyOp46
 70
     1
102
RTVSPropertyOp47
 70
     1
102
RTVSPropertyOp48
 70
     1
102
RTVSPropertyOp49
 70
     1
102
RTVSPropertyOp50
 70
     1
102
RTVSPropertyOp51
 70
     0
102
RTVSPropertyOp52
 70
     0
102
RTVSPropertyOp53
 70
     1
102
RTVSPropertyOp54
 70
     1
102
RTVSPropertyOp55
 70
     1
102
RTVSPropertyOp56
 70
     1
102
RTVSPropertyOp57
 70
     1
102
RTVSPost2010Prop28
280
     0
102
RTVSPost2010PropOp28
 70
     1
102
RTVSPost2010Prop29
280
     1
102
RTVSPost2010PropOp29
 70
     1
102
RTVSPost2010Prop30
280
     1
102
RTVSPost2010PropOp30
 70
     1
102
RTVSPost2010Prop31
280
     0
102
RTVSPost2010PropOp31
 70
     1
102
RTVSPost2010Prop32
280
     0
102
RTVSPost2010PropOp32
 70
     1
102
RTVSPost2010Prop33
280
     0
102
RTVSPost2010PropOp33
 70
     1
102
RTVSPost2010Prop34
280
     0
102
RTVSPost2010PropOp34
 70
     1
102
RTVSPost2010Prop35
280
     0
102
RTVSPost2010PropOp35
 70
     1
102
RTVSPost2010Prop36
280
     0
102
RTVSPost2010PropOp36
 70
     1
102
RTVSPost2010Prop37
 90
       50
102
RTVSPost2010PropOp37
 70
     1
102
RTVSPost2010Prop38
140
0.0
102
RTVSPost2010PropOp38
 70
     1
102
RTVSPost2010Prop39
140
1.0
102
RTVSPost2010PropOp39
 70
     1
102
RTVSPost2010Prop40
 90
        0
102
RTVSPost2010PropOp40
 70
     1
102
RTVSPost2010Prop41ColorIndex
 90
       18
102
RTVSPost2010Prop41ColorRGB
 90
        0
102
RTVSPost2010PropOp41
 70
     1
102
RTVSPost2010Prop42
 90
       50
102
RTVSPost2010PropOp42
 70
     1
102
RTVSPost2010Prop43
 90
        3
102
RTVSPost2010PropOp43
 70
     1
102
RTVSPost2010Prop44ColorIndex
 90
        5
102
RTVSPost2010Prop44ColorRGB
 90
      255
102
RTVSPost2010PropOp44
 70
     1
102
RTVSPost2010Prop45
280
     0
102
RTVSPost2010PropOp45
 70
     1
102
RTVSPost2010Prop46
 90
       50
102
RTVSPost2010PropOp46
 70
     1
102
RTVSPost2010Prop47
 90
       50
102
RTVSPost2010PropOp47
 70
     1
102
RTVSPost2010Prop48
 90
       50
102
RTVSPost2010PropOp48
 70
     1
102
RTVSPost2010Prop49
280
     0
102
RTVSPost2010PropOp49
 70
     1
102
RTVSPost2010Prop50
 90
       50
102
RTVSPost2010PropOp50
 70
     1
102
RTVSPost2010Prop51ColorIndex
 90
      256
102
RTVSPost2010Prop51ColorRGB
 90
-16777216
102
RTVSPost2010PropOp51
 70
     0
102
RTVSPost2010Prop52
140
1.0
102
RTVSPost2010PropOp52
 70
     0
102
RTVSPost2010Prop53
 90
        2
102
RTVSPost2010PropOp53
 70
     1
102
RTVSPost2010Prop54
  1
strokes_ogs.tif
102
RTVSPost2010PropOp54
 70
     1
102
RTVSPost2010Prop55
280
     0
102
RTVSPost2010PropOp55
 70
     1
102
RTVSPost2010Prop56
140
1.0
102
RTVSPost2010PropOp56
 70
     1
102
RTVSPost2010Prop57
140
1.0
102
RTVSPost2010PropOp57
 70
     1
  0
XRECORD
  5
750
102
{ACAD_REACTORS
330
74F
102
}
330
74F
100
AcDbXrecord
280
     1
102
RTVSPropertyOp0
 70
     1
102
RTVSPropertyOp1
 70
     1
102
RTVSPropertyOp2
 70
     1
102
RTVSPropertyOp3
 70
     1
102
RTVSPropertyOp4
 70
     1
102
RTVSPropertyOp5
 70
     1
102
RTVSPropertyOp6
 70
     1
102
RTVSPropertyOp7
 70
     1
102
RTVSPropertyOp8
 70
     1
102
RTVSPropertyOp9
 70
     1
102
RTVSPropertyOp10
 70
     1
102
RTVSPropertyOp11
 70
     1
102
RTVSPropertyOp12
 70
     1
102
RTVSPropertyOp13
 70
     1
102
RTVSPropertyOp14
 70
     1
102
RTVSPropertyOp15
 70
     1
102
RTVSPropertyOp16
 70
     1
102
RTVSPropertyOp17
 70
     1
102
RTVSPropertyOp18
 70
     1
102
RTVSPropertyOp19
 70
     1
102
RTVSPropertyOp20
 70
     1
102
RTVSPropertyOp21
 70
     1
102
RTVSPropertyOp22
 70
     1
102
RTVSPropertyOp23
 70
     1
102
RTVSPropertyOp24
 70
     1
102
RTVSPropertyOp25
 70
     1
102
RTVSPropertyOp26
 70
     1
102
RTVSPropertyOp27
 70
     1
102
RTVSPropertyOp28
 70
     1
102
RTVSPropertyOp29
 70
     1
102
RTVSPropertyOp30
 70
     1
102
RTVSPropertyOp31
 70
     1
102
RTVSPropertyOp32
 70
     1
102
RTVSPropertyOp33
 70
     1
102
RTVSPropertyOp34
 70
     1
102
RTVSPropertyOp35
 70
     1
102
RTVSPropertyOp36
 70
     1
102
RTVSPropertyOp37
 70
     1
102
RTVSPropertyOp38
 70
     1
102
RTVSPropertyOp39
 70
     1
102
RTVSPropertyOp40
 70
     1
102
RTVSPropertyOp41
 70
     1
102
RTVSPropertyOp42
 70
     1
102
RTVSPropertyOp43
 70
     1
102
RTVSPropertyOp44
 70
     1
102
RTVSPropertyOp45
 70
     1
102
RTVSPropertyOp46
 70
     1
102
RTVSPropertyOp47
 70
     1
102
RTVSPropertyOp48
 70
     1
102
RTVSPropertyOp49
 70
     1
102
RTVSPropertyOp50
 70
     1
102
RTVSPropertyOp51
 70
     0
102
RTVSPropertyOp52
 70
     0
102
RTVSPropertyOp53
 70
     1
102
RTVSPropertyOp54
 70
     1
102
RTVSPropertyOp55
 70
     1
102
RTVSPropertyOp56
 70
     1
102
RTVSPropertyOp57
 70
     1
102
RTVSPost2010Prop28
280
     0
102
RTVSPost2010PropOp28
 70
     1
102
RTVSPost2010Prop29
280
     1
102
RTVSPost2010PropOp29
 70
     1
102
RTVSPost2010Prop30
280
     1
102
RTVSPost2010PropOp30
 70
     1
102
RTVSPost2010Prop31
280
     0
102
RTVSPost2010PropOp31
 70
     1
102
RTVSPost2010Prop32
280
     0
102
RTVSPost2010PropOp32
 70
     1
102
RTVSPost2010Prop33
280
     0
102
RTVSPost2010PropOp33
 70
     1
102
RTVSPost2010Prop34
280
     0
102
RTVSPost2010PropOp34
 70
     1
102
RTVSPost2010Prop35
280
     0
102
RTVSPost2010PropOp35
 70
     1
102
RTVSPost2010Prop36
280
     0
102
RTVSPost2010PropOp36
 70
     1
102
RTVSPost2010Prop37
 90
       50
102
RTVSPost2010PropOp37
 70
     1
102
RTVSPost2010Prop38
140
0.0
102
RTVSPost2010PropOp38
 70
     1
102
RTVSPost2010Prop39
140
1.0
102
RTVSPost2010PropOp39
 70
     1
102
RTVSPost2010Prop40
 90
        0
102
RTVSPost2010PropOp40
 70
     1
102
RTVSPost2010Prop41ColorIndex
 90
       18
102
RTVSPost2010Prop41ColorRGB
 90
        0
102
RTVSPost2010PropOp41
 70
     1
102
RTVSPost2010Prop42
 90
       50
102
RTVSPost2010PropOp42
 70
     1
102
RTVSPost2010Prop43
 90
        3
102
RTVSPost2010PropOp43
 70
     1
102
RTVSPost2010Prop44ColorIndex
 90
        5
102
RTVSPost2010Prop44ColorRGB
 90
      255
102
RTVSPost2010PropOp44
 70
     1
102
RTVSPost2010Prop45
280
     0
102
RTVSPost2010PropOp45
 70
     1
102
RTVSPost2010Prop46
 90
       50
102
RTVSPost2010PropOp46
 70
     1
102
RTVSPost2010Prop47
 90
       50
102
RTVSPost2010PropOp47
 70
     1
102
RTVSPost2010Prop48
 90
       50
102
RTVSPost2010PropOp48
 70
     1
102
RTVSPost2010Prop49
280
     0
102
RTVSPost2010PropOp49
 70
     1
102
RTVSPost2010Prop50
 90
       50
102
RTVSPost2010PropOp50
 70
     1
102
RTVSPost2010Prop51ColorIndex
 90
      256
102
RTVSPost2010Prop51ColorRGB
 90
-16777216
102
RTVSPost2010PropOp51
 70
     0
102
RTVSPost2010Prop52
140
1.0
102
RTVSPost2010PropOp52
 70
     0
102
RTVSPost2010Prop53
 90
        2
102
RTVSPost2010PropOp53
 70
     1
102
RTVSPost2010Prop54
  1
strokes_ogs.tif
102
RTVSPost2010PropOp54
 70
     1
102
RTVSPost2010Prop55
280
     0
102
RTVSPost2010PropOp55
 70
     1
102
RTVSPost2010Prop56
140
1.0
102
RTVSPost2010PropOp56
 70
     1
102
RTVSPost2010Prop57
140
1.0
102
RTVSPost2010PropOp57
 70
     1
  0
XRECORD
  5
752
102
{ACAD_REACTORS
330
751
102
}
330
751
100
AcDbXrecord
280
     1
102
RTVSPropertyOp0
 70
     1
102
RTVSPropertyOp1
 70
     1
102
RTVSPropertyOp2
 70
     1
102
RTVSPropertyOp3
 70
     1
102
RTVSPropertyOp4
 70
     1
102
RTVSPropertyOp5
 70
     1
102
RTVSPropertyOp6
 70
     1
102
RTVSPropertyOp7
 70
     1
102
RTVSPropertyOp8
 70
     1
102
RTVSPropertyOp9
 70
     1
102
RTVSPropertyOp10
 70
     1
102
RTVSPropertyOp11
 70
     1
102
RTVSPropertyOp12
 70
     1
102
RTVSPropertyOp13
 70
     1
102
RTVSPropertyOp14
 70
     1
102
RTVSPropertyOp15
 70
     1
102
RTVSPropertyOp16
 70
     1
102
RTVSPropertyOp17
 70
     1
102
RTVSPropertyOp18
 70
     1
102
RTVSPropertyOp19
 70
     1
102
RTVSPropertyOp20
 70
     1
102
RTVSPropertyOp21
 70
     1
102
RTVSPropertyOp22
 70
     1
102
RTVSPropertyOp23
 70
     1
102
RTVSPropertyOp24
 70
     1
102
RTVSPropertyOp25
 70
     1
102
RTVSPropertyOp26
 70
     1
102
RTVSPropertyOp27
 70
     1
102
RTVSPropertyOp28
 70
     1
102
RTVSPropertyOp29
 70
     1
102
RTVSPropertyOp30
 70
     1
102
RTVSPropertyOp31
 70
     1
102
RTVSPropertyOp32
 70
     1
102
RTVSPropertyOp33
 70
     1
102
RTVSPropertyOp34
 70
     1
102
RTVSPropertyOp35
 70
     1
102
RTVSPropertyOp36
 70
     1
102
RTVSPropertyOp37
 70
     1
102
RTVSPropertyOp38
 70
     1
102
RTVSPropertyOp39
 70
     1
102
RTVSPropertyOp40
 70
     1
102
RTVSPropertyOp41
 70
     1
102
RTVSPropertyOp42
 70
     1
102
RTVSPropertyOp43
 70
     1
102
RTVSPropertyOp44
 70
     1
102
RTVSPropertyOp45
 70
     1
102
RTVSPropertyOp46
 70
     1
102
RTVSPropertyOp47
 70
     1
102
RTVSPropertyOp48
 70
     1
102
RTVSPropertyOp49
 70
     1
102
RTVSPropertyOp50
 70
     1
102
RTVSPropertyOp51
 70
     0
102
RTVSPropertyOp52
 70
     0
102
RTVSPropertyOp53
 70
     1
102
RTVSPropertyOp54
 70
     1
102
RTVSPropertyOp55
 70
     1
102
RTVSPropertyOp56
 70
     1
102
RTVSPropertyOp57
 70
     1
102
RTVSPost2010Prop28
280
     0
102
RTVSPost2010PropOp28
 70
     1
102
RTVSPost2010Prop29
280
     1
102
RTVSPost2010PropOp29
 70
     1
102
RTVSPost2010Prop30
280
     1
102
RTVSPost2010PropOp30
 70
     1
102
RTVSPost2010Prop31
280
     0
102
RTVSPost2010PropOp31
 70
     1
102
RTVSPost2010Prop32
280
     0
102
RTVSPost2010PropOp32
 70
     1
102
RTVSPost2010Prop33
280
     0
102
RTVSPost2010PropOp33
 70
     1
102
RTVSPost2010Prop34
280
     0
102
RTVSPost2010PropOp34
 70
     1
102
RTVSPost2010Prop35
280
     0
102
RTVSPost2010PropOp35
 70
     1
102
RTVSPost2010Prop36
280
     0
102
RTVSPost2010PropOp36
 70
     1
102
RTVSPost2010Prop37
 90
       50
102
RTVSPost2010PropOp37
 70
     1
102
RTVSPost2010Prop38
140
0.0
102
RTVSPost2010PropOp38
 70
     1
102
RTVSPost2010Prop39
140
1.0
102
RTVSPost2010PropOp39
 70
     1
102
RTVSPost2010Prop40
 90
        0
102
RTVSPost2010PropOp40
 70
     1
102
RTVSPost2010Prop41ColorIndex
 90
       18
102
RTVSPost2010Prop41ColorRGB
 90
        0
102
RTVSPost2010PropOp41
 70
     1
102
RTVSPost2010Prop42
 90
       50
102
RTVSPost2010PropOp42
 70
     1
102
RTVSPost2010Prop43
 90
        3
102
RTVSPost2010PropOp43
 70
     1
102
RTVSPost2010Prop44ColorIndex
 90
        5
102
RTVSPost2010Prop44ColorRGB
 90
      255
102
RTVSPost2010PropOp44
 70
     1
102
RTVSPost2010Prop45
280
     0
102
RTVSPost2010PropOp45
 70
     1
102
RTVSPost2010Prop46
 90
       50
102
RTVSPost2010PropOp46
 70
     1
102
RTVSPost2010Prop47
 90
       50
102
RTVSPost2010PropOp47
 70
     1
102
RTVSPost2010Prop48
 90
       50
102
RTVSPost2010PropOp48
 70
     1
102
RTVSPost2010Prop49
280
     0
102
RTVSPost2010PropOp49
 70
     1
102
RTVSPost2010Prop50
 90
       50
102
RTVSPost2010PropOp50
 70
     1
102
RTVSPost2010Prop51ColorIndex
 90
      256
102
RTVSPost2010Prop51ColorRGB
 90
-16777216
102
RTVSPost2010PropOp51
 70
     0
102
RTVSPost2010Prop52
140
1.0
102
RTVSPost2010PropOp52
 70
     0
102
RTVSPost2010Prop53
 90
        2
102
RTVSPost2010PropOp53
 70
     1
102
RTVSPost2010Prop54
  1
strokes_ogs.tif
102
RTVSPost2010PropOp54
 70
     1
102
RTVSPost2010Prop55
280
     0
102
RTVSPost2010PropOp55
 70
     1
102
RTVSPost2010Prop56
140
1.0
102
RTVSPost2010PropOp56
 70
     1
102
RTVSPost2010Prop57
140
1.0
102
RTVSPost2010PropOp57
 70
     1
  0
XRECORD
  5
754
102
{ACAD_REACTORS
330
753
102
}
330
753
100
AcDbXrecord
280
     1
102
RTVSPropertyOp0
 70
     1
102
RTVSPropertyOp1
 70
     1
102
RTVSPropertyOp2
 70
     1
102
RTVSPropertyOp3
 70
     1
102
RTVSPropertyOp4
 70
     1
102
RTVSPropertyOp5
 70
     1
102
RTVSPropertyOp6
 70
     1
102
RTVSPropertyOp7
 70
     1
102
RTVSPropertyOp8
 70
     1
102
RTVSPropertyOp9
 70
     1
102
RTVSPropertyOp10
 70
     1
102
RTVSPropertyOp11
 70
     1
102
RTVSPropertyOp12
 70
     1
102
RTVSPropertyOp13
 70
     1
102
RTVSPropertyOp14
 70
     1
102
RTVSPropertyOp15
 70
     1
102
RTVSPropertyOp16
 70
     1
102
RTVSPropertyOp17
 70
     1
102
RTVSPropertyOp18
 70
     1
102
RTVSPropertyOp19
 70
     1
102
RTVSPropertyOp20
 70
     1
102
RTVSPropertyOp21
 70
     1
102
RTVSPropertyOp22
 70
     1
102
RTVSPropertyOp23
 70
     1
102
RTVSPropertyOp24
 70
     1
102
RTVSPropertyOp25
 70
     1
102
RTVSPropertyOp26
 70
     1
102
RTVSPropertyOp27
 70
     1
102
RTVSPropertyOp28
 70
     1
102
RTVSPropertyOp29
 70
     1
102
RTVSPropertyOp30
 70
     1
102
RTVSPropertyOp31
 70
     1
102
RTVSPropertyOp32
 70
     1
102
RTVSPropertyOp33
 70
     1
102
RTVSPropertyOp34
 70
     1
102
RTVSPropertyOp35
 70
     1
102
RTVSPropertyOp36
 70
     1
102
RTVSPropertyOp37
 70
     1
102
RTVSPropertyOp38
 70
     1
102
RTVSPropertyOp39
 70
     1
102
RTVSPropertyOp40
 70
     1
102
RTVSPropertyOp41
 70
     1
102
RTVSPropertyOp42
 70
     1
102
RTVSPropertyOp43
 70
     1
102
RTVSPropertyOp44
 70
     1
102
RTVSPropertyOp45
 70
     1
102
RTVSPropertyOp46
 70
     1
102
RTVSPropertyOp47
 70
     1
102
RTVSPropertyOp48
 70
     1
102
RTVSPropertyOp49
 70
     1
102
RTVSPropertyOp50
 70
     1
102
RTVSPropertyOp51
 70
     0
102
RTVSPropertyOp52
 70
     0
102
RTVSPropertyOp53
 70
     1
102
RTVSPropertyOp54
 70
     1
102
RTVSPropertyOp55
 70
     1
102
RTVSPropertyOp56
 70
     1
102
RTVSPropertyOp57
 70
     1
102
RTVSPost2010Prop28
280
     0
102
RTVSPost2010PropOp28
 70
     1
102
RTVSPost2010Prop29
280
     1
102
RTVSPost2010PropOp29
 70
     1
102
RTVSPost2010Prop30
280
     1
102
RTVSPost2010PropOp30
 70
     1
102
RTVSPost2010Prop31
280
     0
102
RTVSPost2010PropOp31
 70
     1
102
RTVSPost2010Prop32
280
     0
102
RTVSPost2010PropOp32
 70
     1
102
RTVSPost2010Prop33
280
     0
102
RTVSPost2010PropOp33
 70
     1
102
RTVSPost2010Prop34
280
     0
102
RTVSPost2010PropOp34
 70
     1
102
RTVSPost2010Prop35
280
     0
102
RTVSPost2010PropOp35
 70
     1
102
RTVSPost2010Prop36
280
     0
102
RTVSPost2010PropOp36
 70
     1
102
RTVSPost2010Prop37
 90
       50
102
RTVSPost2010PropOp37
 70
     1
102
RTVSPost2010Prop38
140
0.0
102
RTVSPost2010PropOp38
 70
     1
102
RTVSPost2010Prop39
140
1.0
102
RTVSPost2010PropOp39
 70
     1
102
RTVSPost2010Prop40
 90
        0
102
RTVSPost2010PropOp40
 70
     1
102
RTVSPost2010Prop41ColorIndex
 90
       18
102
RTVSPost2010Prop41ColorRGB
 90
        0
102
RTVSPost2010PropOp41
 70
     1
102
RTVSPost2010Prop42
 90
       50
102
RTVSPost2010PropOp42
 70
     1
102
RTVSPost2010Prop43
 90
        3
102
RTVSPost2010PropOp43
 70
     1
102
RTVSPost2010Prop44ColorIndex
 90
        5
102
RTVSPost2010Prop44ColorRGB
 90
      255
102
RTVSPost2010PropOp44
 70
     1
102
RTVSPost2010Prop45
280
     0
102
RTVSPost2010PropOp45
 70
     1
102
RTVSPost2010Prop46
 90
       50
102
RTVSPost2010PropOp46
 70
     1
102
RTVSPost2010Prop47
 90
       50
102
RTVSPost2010PropOp47
 70
     1
102
RTVSPost2010Prop48
 90
       50
102
RTVSPost2010PropOp48
 70
     1
102
RTVSPost2010Prop49
280
     0
102
RTVSPost2010PropOp49
 70
     1
102
RTVSPost2010Prop50
 90
       50
102
RTVSPost2010PropOp50
 70
     1
102
RTVSPost2010Prop51ColorIndex
 90
      256
102
RTVSPost2010Prop51ColorRGB
 90
-16777216
102
RTVSPost2010PropOp51
 70
     0
102
RTVSPost2010Prop52
140
1.0
102
RTVSPost2010PropOp52
 70
     0
102
RTVSPost2010Prop53
 90
        2
102
RTVSPost2010PropOp53
 70
     1
102
RTVSPost2010Prop54
  1
strokes_ogs.tif
102
RTVSPost2010PropOp54
 70
     1
102
RTVSPost2010Prop55
280
     0
102
RTVSPost2010PropOp55
 70
     1
102
RTVSPost2010Prop56
140
1.0
102
RTVSPost2010PropOp56
 70
     1
102
RTVSPost2010Prop57
140
1.0
102
RTVSPost2010PropOp57
 70
     1
  0
XRECORD
  5
75A
102
{ACAD_REACTORS
330
759
102
}
330
759
100
AcDbXrecord
280
     1
102
RTVSPropertyOp0
 70
     1
102
RTVSPropertyOp1
 70
     1
102
RTVSPropertyOp2
 70
     1
102
RTVSPropertyOp3
 70
     1
102
RTVSPropertyOp4
 70
     1
102
RTVSPropertyOp5
 70
     1
102
RTVSPropertyOp6
 70
     1
102
RTVSPropertyOp7
 70
     1
102
RTVSPropertyOp8
 70
     1
102
RTVSPropertyOp9
 70
     1
102
RTVSPropertyOp10
 70
     1
102
RTVSPropertyOp11
 70
     1
102
RTVSPropertyOp12
 70
     1
102
RTVSPropertyOp13
 70
     1
102
RTVSPropertyOp14
 70
     1
102
RTVSPropertyOp15
 70
     1
102
RTVSPropertyOp16
 70
     1
102
RTVSPropertyOp17
 70
     1
102
RTVSPropertyOp18
 70
     1
102
RTVSPropertyOp19
 70
     1
102
RTVSPropertyOp20
 70
     1
102
RTVSPropertyOp21
 70
     1
102
RTVSPropertyOp22
 70
     1
102
RTVSPropertyOp23
 70
     1
102
RTVSPropertyOp24
 70
     1
102
RTVSPropertyOp25
 70
     1
102
RTVSPropertyOp26
 70
     1
102
RTVSPropertyOp27
 70
     1
102
RTVSPropertyOp28
 70
     1
102
RTVSPropertyOp29
 70
     1
102
RTVSPropertyOp30
 70
     1
102
RTVSPropertyOp31
 70
     1
102
RTVSPropertyOp32
 70
     1
102
RTVSPropertyOp33
 70
     1
102
RTVSPropertyOp34
 70
     1
102
RTVSPropertyOp35
 70
     1
102
RTVSPropertyOp36
 70
     1
102
RTVSPropertyOp37
 70
     1
102
RTVSPropertyOp38
 70
     1
102
RTVSPropertyOp39
 70
     1
102
RTVSPropertyOp40
 70
     1
102
RTVSPropertyOp41
 70
     1
102
RTVSPropertyOp42
 70
     1
102
RTVSPropertyOp43
 70
     1
102
RTVSPropertyOp44
 70
     1
102
RTVSPropertyOp45
 70
     1
102
RTVSPropertyOp46
 70
     1
102
RTVSPropertyOp47
 70
     1
102
RTVSPropertyOp48
 70
     1
102
RTVSPropertyOp49
 70
     1
102
RTVSPropertyOp50
 70
     1
102
RTVSPropertyOp51
 70
     0
102
RTVSPropertyOp52
 70
     0
102
RTVSPropertyOp53
 70
     1
102
RTVSPropertyOp54
 70
     1
102
RTVSPropertyOp55
 70
     1
102
RTVSPropertyOp56
 70
     1
102
RTVSPropertyOp57
 70
     1
102
RTVSPost2010Prop28
280
     0
102
RTVSPost2010PropOp28
 70
     1
102
RTVSPost2010Prop29
280
     1
102
RTVSPost2010PropOp29
 70
     1
102
RTVSPost2010Prop30
280
     1
102
RTVSPost2010PropOp30
 70
     1
102
RTVSPost2010Prop31
280
     0
102
RTVSPost2010PropOp31
 70
     1
102
RTVSPost2010Prop32
280
     0
102
RTVSPost2010PropOp32
 70
     1
102
RTVSPost2010Prop33
280
     0
102
RTVSPost2010PropOp33
 70
     1
102
RTVSPost2010Prop34
280
     0
102
RTVSPost2010PropOp34
 70
     1
102
RTVSPost2010Prop35
280
     0
102
RTVSPost2010PropOp35
 70
     1
102
RTVSPost2010Prop36
280
     0
102
RTVSPost2010PropOp36
 70
     1
102
RTVSPost2010Prop37
 90
       50
102
RTVSPost2010PropOp37
 70
     1
102
RTVSPost2010Prop38
140
0.0
102
RTVSPost2010PropOp38
 70
     1
102
RTVSPost2010Prop39
140
1.0
102
RTVSPost2010PropOp39
 70
     1
102
RTVSPost2010Prop40
 90
        0
102
RTVSPost2010PropOp40
 70
     1
102
RTVSPost2010Prop41ColorIndex
 90
       18
102
RTVSPost2010Prop41ColorRGB
 90
        0
102
RTVSPost2010PropOp41
 70
     1
102
RTVSPost2010Prop42
 90
       50
102
RTVSPost2010PropOp42
 70
     1
102
RTVSPost2010Prop43
 90
        3
102
RTVSPost2010PropOp43
 70
     1
102
RTVSPost2010Prop44ColorIndex
 90
        5
102
RTVSPost2010Prop44ColorRGB
 90
      255
102
RTVSPost2010PropOp44
 70
     1
102
RTVSPost2010Prop45
280
     0
102
RTVSPost2010PropOp45
 70
     1
102
RTVSPost2010Prop46
 90
       50
102
RTVSPost2010PropOp46
 70
     1
102
RTVSPost2010Prop47
 90
       50
102
RTVSPost2010PropOp47
 70
     1
102
RTVSPost2010Prop48
 90
       50
102
RTVSPost2010PropOp48
 70
     1
102
RTVSPost2010Prop49
280
     0
102
RTVSPost2010PropOp49
 70
     1
102
RTVSPost2010Prop50
 90
       50
102
RTVSPost2010PropOp50
 70
     1
102
RTVSPost2010Prop51ColorIndex
 90
      256
102
RTVSPost2010Prop51ColorRGB
 90
-16777216
102
RTVSPost2010PropOp51
 70
     0
102
RTVSPost2010Prop52
140
1.0
102
RTVSPost2010PropOp52
 70
     0
102
RTVSPost2010Prop53
 90
        2
102
RTVSPost2010PropOp53
 70
     1
102
RTVSPost2010Prop54
  1
strokes_ogs.tif
102
RTVSPost2010PropOp54
 70
     1
102
RTVSPost2010Prop55
280
     0
102
RTVSPost2010PropOp55
 70
     1
102
RTVSPost2010Prop56
140
1.0
102
RTVSPost2010PropOp56
 70
     1
102
RTVSPost2010Prop57
140
1.0
102
RTVSPost2010PropOp57
 70
     1
  0
XRECORD
  5
76E
102
{ACAD_REACTORS
330
76D
102
}
330
76D
100
AcDbXrecord
280
     1
102
RTVSPropertyOp0
 70
     0
102
RTVSPropertyOp1
 70
     0
102
RTVSPropertyOp2
 70
     0
102
RTVSPropertyOp3
 70
     0
102
RTVSPropertyOp4
 70
     0
102
RTVSPropertyOp5
 70
     0
102
RTVSPropertyOp6
 70
     0
102
RTVSPropertyOp7
 70
     0
102
RTVSPropertyOp8
 70
     0
102
RTVSPropertyOp9
 70
     0
102
RTVSPropertyOp10
 70
     0
102
RTVSPropertyOp11
 70
     0
102
RTVSPropertyOp12
 70
     0
102
RTVSPropertyOp13
 70
     0
102
RTVSPropertyOp14
 70
     2
102
RTVSPropertyOp15
 70
     0
102
RTVSPropertyOp16
 70
     0
102
RTVSPropertyOp17
 70
     0
102
RTVSPropertyOp18
 70
     0
102
RTVSPropertyOp19
 70
     0
102
RTVSPropertyOp20
 70
     0
102
RTVSPropertyOp21
 70
     0
102
RTVSPropertyOp22
 70
     0
102
RTVSPropertyOp23
 70
     0
102
RTVSPropertyOp24
 70
     0
102
RTVSPropertyOp25
 70
     0
102
RTVSPropertyOp26
 70
     0
102
RTVSPropertyOp27
 70
     0
102
RTVSPropertyOp28
 70
     0
102
RTVSPropertyOp29
 70
     0
102
RTVSPropertyOp30
 70
     0
102
RTVSPropertyOp31
 70
     0
102
RTVSPropertyOp32
 70
     0
102
RTVSPropertyOp33
 70
     0
102
RTVSPropertyOp34
 70
     0
102
RTVSPropertyOp35
 70
     0
102
RTVSPropertyOp36
 70
     0
102
RTVSPropertyOp37
 70
     0
102
RTVSPropertyOp38
 70
     0
102
RTVSPropertyOp39
 70
     0
102
RTVSPropertyOp40
 70
     0
102
RTVSPropertyOp41
 70
     0
102
RTVSPropertyOp42
 70
     0
102
RTVSPropertyOp43
 70
     0
102
RTVSPropertyOp44
 70
     0
102
RTVSPropertyOp45
 70
     0
102
RTVSPropertyOp46
 70
     0
102
RTVSPropertyOp47
 70
     0
102
RTVSPropertyOp48
 70
     0
102
RTVSPropertyOp49
 70
     0
102
RTVSPropertyOp50
 70
     0
102
RTVSPropertyOp51
 70
     0
102
RTVSPropertyOp52
 70
     0
102
RTVSPropertyOp53
 70
     0
102
RTVSPropertyOp54
 70
     0
102
RTVSPropertyOp55
 70
     0
102
RTVSPropertyOp56
 70
     0
102
RTVSPropertyOp57
 70
     0
102
RTVSPost2010Prop28
280
     0
102
RTVSPost2010PropOp28
 70
     0
102
RTVSPost2010Prop29
280
     1
102
RTVSPost2010PropOp29
 70
     0
102
RTVSPost2010Prop30
280
     1
102
RTVSPost2010PropOp30
 70
     0
102
RTVSPost2010Prop31
280
     0
102
RTVSPost2010PropOp31
 70
     0
102
RTVSPost2010Prop32
280
     0
102
RTVSPost2010PropOp32
 70
     0
102
RTVSPost2010Prop33
280
     0
102
RTVSPost2010PropOp33
 70
     0
102
RTVSPost2010Prop34
280
     0
102
RTVSPost2010PropOp34
 70
     0
102
RTVSPost2010Prop35
280
     0
102
RTVSPost2010PropOp35
 70
     0
102
RTVSPost2010Prop36
280
     0
102
RTVSPost2010PropOp36
 70
     0
102
RTVSPost2010Prop37
 90
       50
102
RTVSPost2010PropOp37
 70
     0
102
RTVSPost2010Prop38
140
0.0
102
RTVSPost2010PropOp38
 70
     0
102
RTVSPost2010Prop39
140
1.0
102
RTVSPost2010PropOp39
 70
     0
102
RTVSPost2010Prop40
 90
        0
102
RTVSPost2010PropOp40
 70
     0
102
RTVSPost2010Prop41ColorIndex
 90
       18
102
RTVSPost2010Prop41ColorRGB
 90
        0
102
RTVSPost2010PropOp41
 70
     0
102
RTVSPost2010Prop42
 90
       50
102
RTVSPost2010PropOp42
 70
     0
102
RTVSPost2010Prop43
 90
        3
102
RTVSPost2010PropOp43
 70
     0
102
RTVSPost2010Prop44ColorIndex
 90
        5
102
RTVSPost2010Prop44ColorRGB
 90
      255
102
RTVSPost2010PropOp44
 70
     0
102
RTVSPost2010Prop45
280
     0
102
RTVSPost2010PropOp45
 70
     0
102
RTVSPost2010Prop46
 90
       50
102
RTVSPost2010PropOp46
 70
     0
102
RTVSPost2010Prop47
 90
       50
102
RTVSPost2010PropOp47
 70
     0
102
RTVSPost2010Prop48
 90
       50
102
RTVSPost2010PropOp48
 70
     0
102
RTVSPost2010Prop49
280
     0
102
RTVSPost2010PropOp49
 70
     0
102
RTVSPost2010Prop50
 90
       50
102
RTVSPost2010PropOp50
 70
     0
102
RTVSPost2010Prop51ColorIndex
 90
      256
102
RTVSPost2010Prop51ColorRGB
 90
-16777216
102
RTVSPost2010PropOp51
 70
     0
102
RTVSPost2010Prop52
140
1.0
102
RTVSPost2010PropOp52
 70
     0
102
RTVSPost2010Prop53
 90
        2
102
RTVSPost2010PropOp53
 70
     0
102
RTVSPost2010Prop54
  1
strokes_ogs.tif
102
RTVSPost2010PropOp54
 70
     0
102
RTVSPost2010Prop55
280
     0
102
RTVSPost2010PropOp55
 70
     0
102
RTVSPost2010Prop56
140
1.0
102
RTVSPost2010PropOp56
 70
     0
102
RTVSPost2010Prop57
140
1.0
102
RTVSPost2010PropOp57
 70
     0
  0
XRECORD
  5
768
102
{ACAD_REACTORS
330
767
102
}
330
767
100
AcDbXrecord
280
     1
102
RTVSPropertyOp0
 70
     1
102
RTVSPropertyOp1
 70
     1
102
RTVSPropertyOp2
 70
     1
102
RTVSPropertyOp3
 70
     1
102
RTVSPropertyOp4
 70
     1
102
RTVSPropertyOp5
 70
     1
102
RTVSPropertyOp6
 70
     1
102
RTVSPropertyOp7
 70
     1
102
RTVSPropertyOp8
 70
     1
102
RTVSPropertyOp9
 70
     1
102
RTVSPropertyOp10
 70
     1
102
RTVSPropertyOp11
 70
     1
102
RTVSPropertyOp12
 70
     1
102
RTVSPropertyOp13
 70
     1
102
RTVSPropertyOp14
 70
     1
102
RTVSPropertyOp15
 70
     1
102
RTVSPropertyOp16
 70
     1
102
RTVSPropertyOp17
 70
     1
102
RTVSPropertyOp18
 70
     1
102
RTVSPropertyOp19
 70
     1
102
RTVSPropertyOp20
 70
     1
102
RTVSPropertyOp21
 70
     1
102
RTVSPropertyOp22
 70
     1
102
RTVSPropertyOp23
 70
     1
102
RTVSPropertyOp24
 70
     1
102
RTVSPropertyOp25
 70
     1
102
RTVSPropertyOp26
 70
     1
102
RTVSPropertyOp27
 70
     1
102
RTVSPropertyOp28
 70
     1
102
RTVSPropertyOp29
 70
     1
102
RTVSPropertyOp30
 70
     1
102
RTVSPropertyOp31
 70
     1
102
RTVSPropertyOp32
 70
     1
102
RTVSPropertyOp33
 70
     1
102
RTVSPropertyOp34
 70
     1
102
RTVSPropertyOp35
 70
     1
102
RTVSPropertyOp36
 70
     1
102
RTVSPropertyOp37
 70
     1
102
RTVSPropertyOp38
 70
     1
102
RTVSPropertyOp39
 70
     1
102
RTVSPropertyOp40
 70
     1
102
RTVSPropertyOp41
 70
     1
102
RTVSPropertyOp42
 70
     1
102
RTVSPropertyOp43
 70
     1
102
RTVSPropertyOp44
 70
     1
102
RTVSPropertyOp45
 70
     1
102
RTVSPropertyOp46
 70
     1
102
RTVSPropertyOp47
 70
     1
102
RTVSPropertyOp48
 70
     1
102
RTVSPropertyOp49
 70
     1
102
RTVSPropertyOp50
 70
     1
102
RTVSPropertyOp51
 70
     0
102
RTVSPropertyOp52
 70
     0
102
RTVSPropertyOp53
 70
     1
102
RTVSPropertyOp54
 70
     1
102
RTVSPropertyOp55
 70
     1
102
RTVSPropertyOp56
 70
     1
102
RTVSPropertyOp57
 70
     1
102
RTVSPost2010Prop28
280
     0
102
RTVSPost2010PropOp28
 70
     1
102
RTVSPost2010Prop29
280
     1
102
RTVSPost2010PropOp29
 70
     1
102
RTVSPost2010Prop30
280
     1
102
RTVSPost2010PropOp30
 70
     1
102
RTVSPost2010Prop31
280
     0
102
RTVSPost2010PropOp31
 70
     1
102
RTVSPost2010Prop32
280
     0
102
RTVSPost2010PropOp32
 70
     1
102
RTVSPost2010Prop33
280
     0
102
RTVSPost2010PropOp33
 70
     1
102
RTVSPost2010Prop34
280
     0
102
RTVSPost2010PropOp34
 70
     1
102
RTVSPost2010Prop35
280
     0
102
RTVSPost2010PropOp35
 70
     1
102
RTVSPost2010Prop36
280
     0
102
RTVSPost2010PropOp36
 70
     1
102
RTVSPost2010Prop37
 90
       50
102
RTVSPost2010PropOp37
 70
     1
102
RTVSPost2010Prop38
140
0.0
102
RTVSPost2010PropOp38
 70
     1
102
RTVSPost2010Prop39
140
1.0
102
RTVSPost2010PropOp39
 70
     1
102
RTVSPost2010Prop40
 90
        0
102
RTVSPost2010PropOp40
 70
     1
102
RTVSPost2010Prop41ColorIndex
 90
       18
102
RTVSPost2010Prop41ColorRGB
 90
        0
102
RTVSPost2010PropOp41
 70
     1
102
RTVSPost2010Prop42
 90
       50
102
RTVSPost2010PropOp42
 70
     1
102
RTVSPost2010Prop43
 90
        3
102
RTVSPost2010PropOp43
 70
     1
102
RTVSPost2010Prop44ColorIndex
 90
        5
102
RTVSPost2010Prop44ColorRGB
 90
      255
102
RTVSPost2010PropOp44
 70
     1
102
RTVSPost2010Prop45
280
     0
102
RTVSPost2010PropOp45
 70
     1
102
RTVSPost2010Prop46
 90
       50
102
RTVSPost2010PropOp46
 70
     1
102
RTVSPost2010Prop47
 90
       50
102
RTVSPost2010PropOp47
 70
     1
102
RTVSPost2010Prop48
 90
       50
102
RTVSPost2010PropOp48
 70
     1
102
RTVSPost2010Prop49
280
     0
102
RTVSPost2010PropOp49
 70
     1
102
RTVSPost2010Prop50
 90
       50
102
RTVSPost2010PropOp50
 70
     1
102
RTVSPost2010Prop51ColorIndex
 90
      256
102
RTVSPost2010Prop51ColorRGB
 90
-16777216
102
RTVSPost2010PropOp51
 70
     0
102
RTVSPost2010Prop52
140
1.0
102
RTVSPost2010PropOp52
 70
     0
102
RTVSPost2010Prop53
 90
        2
102
RTVSPost2010PropOp53
 70
     1
102
RTVSPost2010Prop54
  1
strokes_ogs.tif
102
RTVSPost2010PropOp54
 70
     1
102
RTVSPost2010Prop55
280
     0
102
RTVSPost2010PropOp55
 70
     1
102
RTVSPost2010Prop56
140
1.0
102
RTVSPost2010PropOp56
 70
     1
102
RTVSPost2010Prop57
140
1.0
102
RTVSPost2010PropOp57
 70
     1
  0
XRECORD
  5
770
102
{ACAD_REACTORS
330
76F
102
}
330
76F
100
AcDbXrecord
280
     1
102
RTVSPropertyOp0
 70
     0
102
RTVSPropertyOp1
 70
     0
102
RTVSPropertyOp2
 70
     0
102
RTVSPropertyOp3
 70
     0
102
RTVSPropertyOp4
 70
     0
102
RTVSPropertyOp5
 70
     0
102
RTVSPropertyOp6
 70
     0
102
RTVSPropertyOp7
 70
     0
102
RTVSPropertyOp8
 70
     0
102
RTVSPropertyOp9
 70
     0
102
RTVSPropertyOp10
 70
     0
102
RTVSPropertyOp11
 70
     0
102
RTVSPropertyOp12
 70
     0
102
RTVSPropertyOp13
 70
     0
102
RTVSPropertyOp14
 70
     2
102
RTVSPropertyOp15
 70
     0
102
RTVSPropertyOp16
 70
     0
102
RTVSPropertyOp17
 70
     0
102
RTVSPropertyOp18
 70
     0
102
RTVSPropertyOp19
 70
     0
102
RTVSPropertyOp20
 70
     0
102
RTVSPropertyOp21
 70
     0
102
RTVSPropertyOp22
 70
     0
102
RTVSPropertyOp23
 70
     0
102
RTVSPropertyOp24
 70
     0
102
RTVSPropertyOp25
 70
     0
102
RTVSPropertyOp26
 70
     0
102
RTVSPropertyOp27
 70
     0
102
RTVSPropertyOp28
 70
     0
102
RTVSPropertyOp29
 70
     0
102
RTVSPropertyOp30
 70
     0
102
RTVSPropertyOp31
 70
     0
102
RTVSPropertyOp32
 70
     0
102
RTVSPropertyOp33
 70
     0
102
RTVSPropertyOp34
 70
     0
102
RTVSPropertyOp35
 70
     0
102
RTVSPropertyOp36
 70
     0
102
RTVSPropertyOp37
 70
     0
102
RTVSPropertyOp38
 70
     0
102
RTVSPropertyOp39
 70
     0
102
RTVSPropertyOp40
 70
     0
102
RTVSPropertyOp41
 70
     0
102
RTVSPropertyOp42
 70
     0
102
RTVSPropertyOp43
 70
     0
102
RTVSPropertyOp44
 70
     0
102
RTVSPropertyOp45
 70
     0
102
RTVSPropertyOp46
 70
     0
102
RTVSPropertyOp47
 70
     0
102
RTVSPropertyOp48
 70
     0
102
RTVSPropertyOp49
 70
     0
102
RTVSPropertyOp50
 70
     0
102
RTVSPropertyOp51
 70
     0
102
RTVSPropertyOp52
 70
     0
102
RTVSPropertyOp53
 70
     0
102
RTVSPropertyOp54
 70
     0
102
RTVSPropertyOp55
 70
     0
102
RTVSPropertyOp56
 70
     0
102
RTVSPropertyOp57
 70
     0
102
RTVSPost2010Prop28
280
     0
102
RTVSPost2010PropOp28
 70
     0
102
RTVSPost2010Prop29
280
     1
102
RTVSPost2010PropOp29
 70
     0
102
RTVSPost2010Prop30
280
     1
102
RTVSPost2010PropOp30
 70
     0
102
RTVSPost2010Prop31
280
     0
102
RTVSPost2010PropOp31
 70
     0
102
RTVSPost2010Prop32
280
     0
102
RTVSPost2010PropOp32
 70
     0
102
RTVSPost2010Prop33
280
     0
102
RTVSPost2010PropOp33
 70
     0
102
RTVSPost2010Prop34
280
     0
102
RTVSPost2010PropOp34
 70
     0
102
RTVSPost2010Prop35
280
     0
102
RTVSPost2010PropOp35
 70
     0
102
RTVSPost2010Prop36
280
     0
102
RTVSPost2010PropOp36
 70
     0
102
RTVSPost2010Prop37
 90
       50
102
RTVSPost2010PropOp37
 70
     0
102
RTVSPost2010Prop38
140
0.0
102
RTVSPost2010PropOp38
 70
     0
102
RTVSPost2010Prop39
140
1.0
102
RTVSPost2010PropOp39
 70
     0
102
RTVSPost2010Prop40
 90
        0
102
RTVSPost2010PropOp40
 70
     0
102
RTVSPost2010Prop41ColorIndex
 90
       18
102
RTVSPost2010Prop41ColorRGB
 90
        0
102
RTVSPost2010PropOp41
 70
     0
102
RTVSPost2010Prop42
 90
       50
102
RTVSPost2010PropOp42
 70
     0
102
RTVSPost2010Prop43
 90
        3
102
RTVSPost2010PropOp43
 70
     0
102
RTVSPost2010Prop44ColorIndex
 90
        5
102
RTVSPost2010Prop44ColorRGB
 90
      255
102
RTVSPost2010PropOp44
 70
     0
102
RTVSPost2010Prop45
280
     0
102
RTVSPost2010PropOp45
 70
     0
102
RTVSPost2010Prop46
 90
       50
102
RTVSPost2010PropOp46
 70
     0
102
RTVSPost2010Prop47
 90
       50
102
RTVSPost2010PropOp47
 70
     0
102
RTVSPost2010Prop48
 90
       50
102
RTVSPost2010PropOp48
 70
     0
102
RTVSPost2010Prop49
280
     0
102
RTVSPost2010PropOp49
 70
     0
102
RTVSPost2010Prop50
 90
       50
102
RTVSPost2010PropOp50
 70
     0
102
RTVSPost2010Prop51ColorIndex
 90
      256
102
RTVSPost2010Prop51ColorRGB
 90
-16777216
102
RTVSPost2010PropOp51
 70
     0
102
RTVSPost2010Prop52
140
1.0
102
RTVSPost2010PropOp52
 70
     0
102
RTVSPost2010Prop53
 90
        2
102
RTVSPost2010PropOp53
 70
     0
102
RTVSPost2010Prop54
  1
strokes_ogs.tif
102
RTVSPost2010PropOp54
 70
     0
102
RTVSPost2010Prop55
280
     0
102
RTVSPost2010PropOp55
 70
     0
102
RTVSPost2010Prop56
140
1.0
102
RTVSPost2010PropOp56
 70
     0
102
RTVSPost2010Prop57
140
1.0
102
RTVSPost2010PropOp57
 70
     0
  0
XRECORD
  5
75E
102
{ACAD_REACTORS
330
75D
102
}
330
75D
100
AcDbXrecord
280
     1
102
RTVSPropertyOp0
 70
     1
102
RTVSPropertyOp1
 70
     1
102
RTVSPropertyOp2
 70
     1
102
RTVSPropertyOp3
 70
     1
102
RTVSPropertyOp4
 70
     1
102
RTVSPropertyOp5
 70
     1
102
RTVSPropertyOp6
 70
     1
102
RTVSPropertyOp7
 70
     1
102
RTVSPropertyOp8
 70
     1
102
RTVSPropertyOp9
 70
     1
102
RTVSPropertyOp10
 70
     1
102
RTVSPropertyOp11
 70
     1
102
RTVSPropertyOp12
 70
     1
102
RTVSPropertyOp13
 70
     1
102
RTVSPropertyOp14
 70
     1
102
RTVSPropertyOp15
 70
     1
102
RTVSPropertyOp16
 70
     1
102
RTVSPropertyOp17
 70
     1
102
RTVSPropertyOp18
 70
     1
102
RTVSPropertyOp19
 70
     1
102
RTVSPropertyOp20
 70
     1
102
RTVSPropertyOp21
 70
     1
102
RTVSPropertyOp22
 70
     1
102
RTVSPropertyOp23
 70
     1
102
RTVSPropertyOp24
 70
     1
102
RTVSPropertyOp25
 70
     1
102
RTVSPropertyOp26
 70
     1
102
RTVSPropertyOp27
 70
     1
102
RTVSPropertyOp28
 70
     1
102
RTVSPropertyOp29
 70
     1
102
RTVSPropertyOp30
 70
     1
102
RTVSPropertyOp31
 70
     1
102
RTVSPropertyOp32
 70
     1
102
RTVSPropertyOp33
 70
     1
102
RTVSPropertyOp34
 70
     1
102
RTVSPropertyOp35
 70
     1
102
RTVSPropertyOp36
 70
     1
102
RTVSPropertyOp37
 70
     1
102
RTVSPropertyOp38
 70
     1
102
RTVSPropertyOp39
 70
     1
102
RTVSPropertyOp40
 70
     1
102
RTVSPropertyOp41
 70
     1
102
RTVSPropertyOp42
 70
     1
102
RTVSPropertyOp43
 70
     1
102
RTVSPropertyOp44
 70
     1
102
RTVSPropertyOp45
 70
     1
102
RTVSPropertyOp46
 70
     1
102
RTVSPropertyOp47
 70
     1
102
RTVSPropertyOp48
 70
     1
102
RTVSPropertyOp49
 70
     1
102
RTVSPropertyOp50
 70
     1
102
RTVSPropertyOp51
 70
     0
102
RTVSPropertyOp52
 70
     0
102
RTVSPropertyOp53
 70
     1
102
RTVSPropertyOp54
 70
     1
102
RTVSPropertyOp55
 70
     1
102
RTVSPropertyOp56
 70
     1
102
RTVSPropertyOp57
 70
     1
102
RTVSPost2010Prop28
280
     0
102
RTVSPost2010PropOp28
 70
     1
102
RTVSPost2010Prop29
280
     1
102
RTVSPost2010PropOp29
 70
     1
102
RTVSPost2010Prop30
280
     1
102
RTVSPost2010PropOp30
 70
     1
102
RTVSPost2010Prop31
280
     0
102
RTVSPost2010PropOp31
 70
     1
102
RTVSPost2010Prop32
280
     0
102
RTVSPost2010PropOp32
 70
     1
102
RTVSPost2010Prop33
280
     0
102
RTVSPost2010PropOp33
 70
     1
102
RTVSPost2010Prop34
280
     0
102
RTVSPost2010PropOp34
 70
     1
102
RTVSPost2010Prop35
280
     0
102
RTVSPost2010PropOp35
 70
     1
102
RTVSPost2010Prop36
280
     0
102
RTVSPost2010PropOp36
 70
     1
102
RTVSPost2010Prop37
 90
       50
102
RTVSPost2010PropOp37
 70
     1
102
RTVSPost2010Prop38
140
0.0
102
RTVSPost2010PropOp38
 70
     1
102
RTVSPost2010Prop39
140
1.0
102
RTVSPost2010PropOp39
 70
     1
102
RTVSPost2010Prop40
 90
        0
102
RTVSPost2010PropOp40
 70
     1
102
RTVSPost2010Prop41ColorIndex
 90
       18
102
RTVSPost2010Prop41ColorRGB
 90
        0
102
RTVSPost2010PropOp41
 70
     1
102
RTVSPost2010Prop42
 90
       50
102
RTVSPost2010PropOp42
 70
     1
102
RTVSPost2010Prop43
 90
        3
102
RTVSPost2010PropOp43
 70
     1
102
RTVSPost2010Prop44ColorIndex
 90
        5
102
RTVSPost2010Prop44ColorRGB
 90
      255
102
RTVSPost2010PropOp44
 70
     1
102
RTVSPost2010Prop45
280
     0
102
RTVSPost2010PropOp45
 70
     1
102
RTVSPost2010Prop46
 90
       50
102
RTVSPost2010PropOp46
 70
     1
102
RTVSPost2010Prop47
 90
       50
102
RTVSPost2010PropOp47
 70
     1
102
RTVSPost2010Prop48
 90
       50
102
RTVSPost2010PropOp48
 70
     1
102
RTVSPost2010Prop49
280
     0
102
RTVSPost2010PropOp49
 70
     1
102
RTVSPost2010Prop50
 90
       50
102
RTVSPost2010PropOp50
 70
     1
102
RTVSPost2010Prop51ColorIndex
 90
      256
102
RTVSPost2010Prop51ColorRGB
 90
-16777216
102
RTVSPost2010PropOp51
 70
     0
102
RTVSPost2010Prop52
140
1.0
102
RTVSPost2010PropOp52
 70
     0
102
RTVSPost2010Prop53
 90
        2
102
RTVSPost2010PropOp53
 70
     1
102
RTVSPost2010Prop54
  1
strokes_ogs.tif
102
RTVSPost2010PropOp54
 70
     1
102
RTVSPost2010Prop55
280
     0
102
RTVSPost2010PropOp55
 70
     1
102
RTVSPost2010Prop56
140
1.0
102
RTVSPost2010PropOp56
 70
     1
102
RTVSPost2010Prop57
140
1.0
102
RTVSPost2010PropOp57
 70
     1
  0
XRECORD
  5
77C
102
{ACAD_REACTORS
330
77B
102
}
330
77B
100
AcDbXrecord
280
     1
102
RTVSPropertyOp0
 70
     1
102
RTVSPropertyOp1
 70
     1
102
RTVSPropertyOp2
 70
     1
102
RTVSPropertyOp3
 70
     1
102
RTVSPropertyOp4
 70
     1
102
RTVSPropertyOp5
 70
     1
102
RTVSPropertyOp6
 70
     1
102
RTVSPropertyOp7
 70
     1
102
RTVSPropertyOp8
 70
     1
102
RTVSPropertyOp9
 70
     1
102
RTVSPropertyOp10
 70
     1
102
RTVSPropertyOp11
 70
     1
102
RTVSPropertyOp12
 70
     1
102
RTVSPropertyOp13
 70
     1
102
RTVSPropertyOp14
 70
     1
102
RTVSPropertyOp15
 70
     1
102
RTVSPropertyOp16
 70
     1
102
RTVSPropertyOp17
 70
     1
102
RTVSPropertyOp18
 70
     1
102
RTVSPropertyOp19
 70
     1
102
RTVSPropertyOp20
 70
     1
102
RTVSPropertyOp21
 70
     1
102
RTVSPropertyOp22
 70
     1
102
RTVSPropertyOp23
 70
     1
102
RTVSPropertyOp24
 70
     1
102
RTVSPropertyOp25
 70
     1
102
RTVSPropertyOp26
 70
     1
102
RTVSPropertyOp27
 70
     1
102
RTVSPropertyOp28
 70
     1
102
RTVSPropertyOp29
 70
     1
102
RTVSPropertyOp30
 70
     1
102
RTVSPropertyOp31
 70
     1
102
RTVSPropertyOp32
 70
     1
102
RTVSPropertyOp33
 70
     1
102
RTVSPropertyOp34
 70
     1
102
RTVSPropertyOp35
 70
     1
102
RTVSPropertyOp36
 70
     1
102
RTVSPropertyOp37
 70
     1
102
RTVSPropertyOp38
 70
     1
102
RTVSPropertyOp39
 70
     1
102
RTVSPropertyOp40
 70
     1
102
RTVSPropertyOp41
 70
     1
102
RTVSPropertyOp42
 70
     1
102
RTVSPropertyOp43
 70
     1
102
RTVSPropertyOp44
 70
     1
102
RTVSPropertyOp45
 70
     1
102
RTVSPropertyOp46
 70
     1
102
RTVSPropertyOp47
 70
     1
102
RTVSPropertyOp48
 70
     1
102
RTVSPropertyOp49
 70
     1
102
RTVSPropertyOp50
 70
     1
102
RTVSPropertyOp51
 70
     0
102
RTVSPropertyOp52
 70
     0
102
RTVSPropertyOp53
 70
     1
102
RTVSPropertyOp54
 70
     1
102
RTVSPropertyOp55
 70
     1
102
RTVSPropertyOp56
 70
     1
102
RTVSPropertyOp57
 70
     1
102
RTVSPost2010Prop28
280
     0
102
RTVSPost2010PropOp28
 70
     1
102
RTVSPost2010Prop29
280
     1
102
RTVSPost2010PropOp29
 70
     1
102
RTVSPost2010Prop30
280
     1
102
RTVSPost2010PropOp30
 70
     1
102
RTVSPost2010Prop31
280
     0
102
RTVSPost2010PropOp31
 70
     1
102
RTVSPost2010Prop32
280
     0
102
RTVSPost2010PropOp32
 70
     1
102
RTVSPost2010Prop33
280
     0
102
RTVSPost2010PropOp33
 70
     1
102
RTVSPost2010Prop34
280
     0
102
RTVSPost2010PropOp34
 70
     1
102
RTVSPost2010Prop35
280
     0
102
RTVSPost2010PropOp35
 70
     1
102
RTVSPost2010Prop36
280
     0
102
RTVSPost2010PropOp36
 70
     1
102
RTVSPost2010Prop37
 90
       50
102
RTVSPost2010PropOp37
 70
     1
102
RTVSPost2010Prop38
140
0.0
102
RTVSPost2010PropOp38
 70
     1
102
RTVSPost2010Prop39
140
1.0
102
RTVSPost2010PropOp39
 70
     1
102
RTVSPost2010Prop40
 90
        0
102
RTVSPost2010PropOp40
 70
     1
102
RTVSPost2010Prop41ColorIndex
 90
       18
102
RTVSPost2010Prop41ColorRGB
 90
        0
102
RTVSPost2010PropOp41
 70
     1
102
RTVSPost2010Prop42
 90
       50
102
RTVSPost2010PropOp42
 70
     1
102
RTVSPost2010Prop43
 90
        3
102
RTVSPost2010PropOp43
 70
     1
102
RTVSPost2010Prop44ColorIndex
 90
        5
102
RTVSPost2010Prop44ColorRGB
 90
      255
102
RTVSPost2010PropOp44
 70
     1
102
RTVSPost2010Prop45
280
     0
102
RTVSPost2010PropOp45
 70
     1
102
RTVSPost2010Prop46
 90
       50
102
RTVSPost2010PropOp46
 70
     1
102
RTVSPost2010Prop47
 90
       50
102
RTVSPost2010PropOp47
 70
     1
102
RTVSPost2010Prop48
 90
       50
102
RTVSPost2010PropOp48
 70
     1
102
RTVSPost2010Prop49
280
     0
102
RTVSPost2010PropOp49
 70
     1
102
RTVSPost2010Prop50
 90
       50
102
RTVSPost2010PropOp50
 70
     1
102
RTVSPost2010Prop51ColorIndex
 90
      256
102
RTVSPost2010Prop51ColorRGB
 90
-16777216
102
RTVSPost2010PropOp51
 70
     0
102
RTVSPost2010Prop52
140
1.0
102
RTVSPost2010PropOp52
 70
     0
102
RTVSPost2010Prop53
 90
        2
102
RTVSPost2010PropOp53
 70
     1
102
RTVSPost2010Prop54
  1
strokes_ogs.tif
102
RTVSPost2010PropOp54
 70
     1
102
RTVSPost2010Prop55
280
     0
102
RTVSPost2010PropOp55
 70
     1
102
RTVSPost2010Prop56
140
1.0
102
RTVSPost2010PropOp56
 70
     1
102
RTVSPost2010Prop57
140
1.0
102
RTVSPost2010PropOp57
 70
     1
  0
XRECORD
  5
77A
102
{ACAD_REACTORS
330
779
102
}
330
779
100
AcDbXrecord
280
     1
102
RTVSPropertyOp0
 70
     1
102
RTVSPropertyOp1
 70
     1
102
RTVSPropertyOp2
 70
     1
102
RTVSPropertyOp3
 70
     1
102
RTVSPropertyOp4
 70
     1
102
RTVSPropertyOp5
 70
     1
102
RTVSPropertyOp6
 70
     1
102
RTVSPropertyOp7
 70
     1
102
RTVSPropertyOp8
 70
     1
102
RTVSPropertyOp9
 70
     1
102
RTVSPropertyOp10
 70
     1
102
RTVSPropertyOp11
 70
     1
102
RTVSPropertyOp12
 70
     1
102
RTVSPropertyOp13
 70
     1
102
RTVSPropertyOp14
 70
     1
102
RTVSPropertyOp15
 70
     1
102
RTVSPropertyOp16
 70
     1
102
RTVSPropertyOp17
 70
     1
102
RTVSPropertyOp18
 70
     1
102
RTVSPropertyOp19
 70
     1
102
RTVSPropertyOp20
 70
     1
102
RTVSPropertyOp21
 70
     1
102
RTVSPropertyOp22
 70
     1
102
RTVSPropertyOp23
 70
     1
102
RTVSPropertyOp24
 70
     1
102
RTVSPropertyOp25
 70
     1
102
RTVSPropertyOp26
 70
     1
102
RTVSPropertyOp27
 70
     1
102
RTVSPropertyOp28
 70
     1
102
RTVSPropertyOp29
 70
     1
102
RTVSPropertyOp30
 70
     1
102
RTVSPropertyOp31
 70
     1
102
RTVSPropertyOp32
 70
     1
102
RTVSPropertyOp33
 70
     1
102
RTVSPropertyOp34
 70
     1
102
RTVSPropertyOp35
 70
     1
102
RTVSPropertyOp36
 70
     1
102
RTVSPropertyOp37
 70
     1
102
RTVSPropertyOp38
 70
     1
102
RTVSPropertyOp39
 70
     1
102
RTVSPropertyOp40
 70
     1
102
RTVSPropertyOp41
 70
     1
102
RTVSPropertyOp42
 70
     1
102
RTVSPropertyOp43
 70
     1
102
RTVSPropertyOp44
 70
     1
102
RTVSPropertyOp45
 70
     1
102
RTVSPropertyOp46
 70
     1
102
RTVSPropertyOp47
 70
     1
102
RTVSPropertyOp48
 70
     1
102
RTVSPropertyOp49
 70
     1
102
RTVSPropertyOp50
 70
     1
102
RTVSPropertyOp51
 70
     0
102
RTVSPropertyOp52
 70
     0
102
RTVSPropertyOp53
 70
     1
102
RTVSPropertyOp54
 70
     1
102
RTVSPropertyOp55
 70
     1
102
RTVSPropertyOp56
 70
     1
102
RTVSPropertyOp57
 70
     1
102
RTVSPost2010Prop28
280
     0
102
RTVSPost2010PropOp28
 70
     1
102
RTVSPost2010Prop29
280
     1
102
RTVSPost2010PropOp29
 70
     1
102
RTVSPost2010Prop30
280
     1
102
RTVSPost2010PropOp30
 70
     1
102
RTVSPost2010Prop31
280
     0
102
RTVSPost2010PropOp31
 70
     1
102
RTVSPost2010Prop32
280
     0
102
RTVSPost2010PropOp32
 70
     1
102
RTVSPost2010Prop33
280
     0
102
RTVSPost2010PropOp33
 70
     1
102
RTVSPost2010Prop34
280
     0
102
RTVSPost2010PropOp34
 70
     1
102
RTVSPost2010Prop35
280
     0
102
RTVSPost2010PropOp35
 70
     1
102
RTVSPost2010Prop36
280
     0
102
RTVSPost2010PropOp36
 70
     1
102
RTVSPost2010Prop37
 90
       50
102
RTVSPost2010PropOp37
 70
     1
102
RTVSPost2010Prop38
140
0.0
102
RTVSPost2010PropOp38
 70
     1
102
RTVSPost2010Prop39
140
1.0
102
RTVSPost2010PropOp39
 70
     1
102
RTVSPost2010Prop40
 90
        0
102
RTVSPost2010PropOp40
 70
     1
102
RTVSPost2010Prop41ColorIndex
 90
       18
102
RTVSPost2010Prop41ColorRGB
 90
        0
102
RTVSPost2010PropOp41
 70
     1
102
RTVSPost2010Prop42
 90
       50
102
RTVSPost2010PropOp42
 70
     1
102
RTVSPost2010Prop43
 90
        3
102
RTVSPost2010PropOp43
 70
     1
102
RTVSPost2010Prop44ColorIndex
 90
        5
102
RTVSPost2010Prop44ColorRGB
 90
      255
102
RTVSPost2010PropOp44
 70
     1
102
RTVSPost2010Prop45
280
     0
102
RTVSPost2010PropOp45
 70
     1
102
RTVSPost2010Prop46
 90
       50
102
RTVSPost2010PropOp46
 70
     1
102
RTVSPost2010Prop47
 90
       50
102
RTVSPost2010PropOp47
 70
     1
102
RTVSPost2010Prop48
 90
       50
102
RTVSPost2010PropOp48
 70
     1
102
RTVSPost2010Prop49
280
     0
102
RTVSPost2010PropOp49
 70
     1
102
RTVSPost2010Prop50
 90
       50
102
RTVSPost2010PropOp50
 70
     1
102
RTVSPost2010Prop51ColorIndex
 90
      256
102
RTVSPost2010Prop51ColorRGB
 90
-16777216
102
RTVSPost2010PropOp51
 70
     0
102
RTVSPost2010Prop52
140
1.0
102
RTVSPost2010PropOp52
 70
     0
102
RTVSPost2010Prop53
 90
        2
102
RTVSPost2010PropOp53
 70
     1
102
RTVSPost2010Prop54
  1
strokes_ogs.tif
102
RTVSPost2010PropOp54
 70
     1
102
RTVSPost2010Prop55
280
     0
102
RTVSPost2010PropOp55
 70
     1
102
RTVSPost2010Prop56
140
1.0
102
RTVSPost2010PropOp56
 70
     1
102
RTVSPost2010Prop57
140
1.0
102
RTVSPost2010PropOp57
 70
     1
  0
XRECORD
  5
774
102
{ACAD_REACTORS
330
773
102
}
330
773
100
AcDbXrecord
280
     1
102
RTVSPropertyOp0
 70
     1
102
RTVSPropertyOp1
 70
     1
102
RTVSPropertyOp2
 70
     1
102
RTVSPropertyOp3
 70
     1
102
RTVSPropertyOp4
 70
     1
102
RTVSPropertyOp5
 70
     1
102
RTVSPropertyOp6
 70
     1
102
RTVSPropertyOp7
 70
     1
102
RTVSPropertyOp8
 70
     1
102
RTVSPropertyOp9
 70
     1
102
RTVSPropertyOp10
 70
     1
102
RTVSPropertyOp11
 70
     1
102
RTVSPropertyOp12
 70
     1
102
RTVSPropertyOp13
 70
     1
102
RTVSPropertyOp14
 70
     1
102
RTVSPropertyOp15
 70
     1
102
RTVSPropertyOp16
 70
     1
102
RTVSPropertyOp17
 70
     1
102
RTVSPropertyOp18
 70
     1
102
RTVSPropertyOp19
 70
     1
102
RTVSPropertyOp20
 70
     1
102
RTVSPropertyOp21
 70
     1
102
RTVSPropertyOp22
 70
     1
102
RTVSPropertyOp23
 70
     1
102
RTVSPropertyOp24
 70
     1
102
RTVSPropertyOp25
 70
     1
102
RTVSPropertyOp26
 70
     1
102
RTVSPropertyOp27
 70
     1
102
RTVSPropertyOp28
 70
     1
102
RTVSPropertyOp29
 70
     1
102
RTVSPropertyOp30
 70
     1
102
RTVSPropertyOp31
 70
     1
102
RTVSPropertyOp32
 70
     1
102
RTVSPropertyOp33
 70
     1
102
RTVSPropertyOp34
 70
     1
102
RTVSPropertyOp35
 70
     1
102
RTVSPropertyOp36
 70
     1
102
RTVSPropertyOp37
 70
     1
102
RTVSPropertyOp38
 70
     1
102
RTVSPropertyOp39
 70
     1
102
RTVSPropertyOp40
 70
     1
102
RTVSPropertyOp41
 70
     1
102
RTVSPropertyOp42
 70
     1
102
RTVSPropertyOp43
 70
     1
102
RTVSPropertyOp44
 70
     1
102
RTVSPropertyOp45
 70
     1
102
RTVSPropertyOp46
 70
     1
102
RTVSPropertyOp47
 70
     1
102
RTVSPropertyOp48
 70
     1
102
RTVSPropertyOp49
 70
     1
102
RTVSPropertyOp50
 70
     1
102
RTVSPropertyOp51
 70
     0
102
RTVSPropertyOp52
 70
     0
102
RTVSPropertyOp53
 70
     1
102
RTVSPropertyOp54
 70
     1
102
RTVSPropertyOp55
 70
     1
102
RTVSPropertyOp56
 70
     1
102
RTVSPropertyOp57
 70
     1
102
RTVSPost2010Prop28
280
     0
102
RTVSPost2010PropOp28
 70
     1
102
RTVSPost2010Prop29
280
     1
102
RTVSPost2010PropOp29
 70
     1
102
RTVSPost2010Prop30
280
     1
102
RTVSPost2010PropOp30
 70
     1
102
RTVSPost2010Prop31
280
     0
102
RTVSPost2010PropOp31
 70
     1
102
RTVSPost2010Prop32
280
     0
102
RTVSPost2010PropOp32
 70
     1
102
RTVSPost2010Prop33
280
     0
102
RTVSPost2010PropOp33
 70
     1
102
RTVSPost2010Prop34
280
     0
102
RTVSPost2010PropOp34
 70
     1
102
RTVSPost2010Prop35
280
     0
102
RTVSPost2010PropOp35
 70
     1
102
RTVSPost2010Prop36
280
     0
102
RTVSPost2010PropOp36
 70
     1
102
RTVSPost2010Prop37
 90
       50
102
RTVSPost2010PropOp37
 70
     1
102
RTVSPost2010Prop38
140
0.0
102
RTVSPost2010PropOp38
 70
     1
102
RTVSPost2010Prop39
140
1.0
102
RTVSPost2010PropOp39
 70
     1
102
RTVSPost2010Prop40
 90
        0
102
RTVSPost2010PropOp40
 70
     1
102
RTVSPost2010Prop41ColorIndex
 90
       18
102
RTVSPost2010Prop41ColorRGB
 90
        0
102
RTVSPost2010PropOp41
 70
     1
102
RTVSPost2010Prop42
 90
       50
102
RTVSPost2010PropOp42
 70
     1
102
RTVSPost2010Prop43
 90
        3
102
RTVSPost2010PropOp43
 70
     1
102
RTVSPost2010Prop44ColorIndex
 90
        5
102
RTVSPost2010Prop44ColorRGB
 90
      255
102
RTVSPost2010PropOp44
 70
     1
102
RTVSPost2010Prop45
280
     0
102
RTVSPost2010PropOp45
 70
     1
102
RTVSPost2010Prop46
 90
       50
102
RTVSPost2010PropOp46
 70
     1
102
RTVSPost2010Prop47
 90
       50
102
RTVSPost2010PropOp47
 70
     1
102
RTVSPost2010Prop48
 90
       50
102
RTVSPost2010PropOp48
 70
     1
102
RTVSPost2010Prop49
280
     0
102
RTVSPost2010PropOp49
 70
     1
102
RTVSPost2010Prop50
 90
       50
102
RTVSPost2010PropOp50
 70
     1
102
RTVSPost2010Prop51ColorIndex
 90
      256
102
RTVSPost2010Prop51ColorRGB
 90
-16777216
102
RTVSPost2010PropOp51
 70
     0
102
RTVSPost2010Prop52
140
1.0
102
RTVSPost2010PropOp52
 70
     0
102
RTVSPost2010Prop53
 90
        2
102
RTVSPost2010PropOp53
 70
     1
102
RTVSPost2010Prop54
  1
strokes_ogs.tif
102
RTVSPost2010PropOp54
 70
     1
102
RTVSPost2010Prop55
280
     0
102
RTVSPost2010PropOp55
 70
     1
102
RTVSPost2010Prop56
140
1.0
102
RTVSPost2010PropOp56
 70
     1
102
RTVSPost2010Prop57
140
1.0
102
RTVSPost2010PropOp57
 70
     1
  0
XRECORD
  5
776
102
{ACAD_REACTORS
330
775
102
}
330
775
100
AcDbXrecord
280
     1
102
RTVSPropertyOp0
 70
     1
102
RTVSPropertyOp1
 70
     1
102
RTVSPropertyOp2
 70
     1
102
RTVSPropertyOp3
 70
     1
102
RTVSPropertyOp4
 70
     1
102
RTVSPropertyOp5
 70
     1
102
RTVSPropertyOp6
 70
     1
102
RTVSPropertyOp7
 70
     1
102
RTVSPropertyOp8
 70
     1
102
RTVSPropertyOp9
 70
     1
102
RTVSPropertyOp10
 70
     1
102
RTVSPropertyOp11
 70
     1
102
RTVSPropertyOp12
 70
     1
102
RTVSPropertyOp13
 70
     1
102
RTVSPropertyOp14
 70
     1
102
RTVSPropertyOp15
 70
     1
102
RTVSPropertyOp16
 70
     1
102
RTVSPropertyOp17
 70
     1
102
RTVSPropertyOp18
 70
     1
102
RTVSPropertyOp19
 70
     1
102
RTVSPropertyOp20
 70
     1
102
RTVSPropertyOp21
 70
     1
102
RTVSPropertyOp22
 70
     1
102
RTVSPropertyOp23
 70
     1
102
RTVSPropertyOp24
 70
     1
102
RTVSPropertyOp25
 70
     1
102
RTVSPropertyOp26
 70
     1
102
RTVSPropertyOp27
 70
     1
102
RTVSPropertyOp28
 70
     1
102
RTVSPropertyOp29
 70
     1
102
RTVSPropertyOp30
 70
     1
102
RTVSPropertyOp31
 70
     1
102
RTVSPropertyOp32
 70
     1
102
RTVSPropertyOp33
 70
     1
102
RTVSPropertyOp34
 70
     1
102
RTVSPropertyOp35
 70
     1
102
RTVSPropertyOp36
 70
     1
102
RTVSPropertyOp37
 70
     1
102
RTVSPropertyOp38
 70
     1
102
RTVSPropertyOp39
 70
     1
102
RTVSPropertyOp40
 70
     1
102
RTVSPropertyOp41
 70
     1
102
RTVSPropertyOp42
 70
     1
102
RTVSPropertyOp43
 70
     1
102
RTVSPropertyOp44
 70
     1
102
RTVSPropertyOp45
 70
     1
102
RTVSPropertyOp46
 70
     1
102
RTVSPropertyOp47
 70
     1
102
RTVSPropertyOp48
 70
     1
102
RTVSPropertyOp49
 70
     1
102
RTVSPropertyOp50
 70
     1
102
RTVSPropertyOp51
 70
     0
102
RTVSPropertyOp52
 70
     0
102
RTVSPropertyOp53
 70
     1
102
RTVSPropertyOp54
 70
     1
102
RTVSPropertyOp55
 70
     1
102
RTVSPropertyOp56
 70
     1
102
RTVSPropertyOp57
 70
     1
102
RTVSPost2010Prop28
280
     0
102
RTVSPost2010PropOp28
 70
     1
102
RTVSPost2010Prop29
280
     1
102
RTVSPost2010PropOp29
 70
     1
102
RTVSPost2010Prop30
280
     1
102
RTVSPost2010PropOp30
 70
     1
102
RTVSPost2010Prop31
280
     0
102
RTVSPost2010PropOp31
 70
     1
102
RTVSPost2010Prop32
280
     0
102
RTVSPost2010PropOp32
 70
     1
102
RTVSPost2010Prop33
280
     0
102
RTVSPost2010PropOp33
 70
     1
102
RTVSPost2010Prop34
280
     0
102
RTVSPost2010PropOp34
 70
     1
102
RTVSPost2010Prop35
280
     0
102
RTVSPost2010PropOp35
 70
     1
102
RTVSPost2010Prop36
280
     0
102
RTVSPost2010PropOp36
 70
     1
102
RTVSPost2010Prop37
 90
       50
102
RTVSPost2010PropOp37
 70
     1
102
RTVSPost2010Prop38
140
0.0
102
RTVSPost2010PropOp38
 70
     1
102
RTVSPost2010Prop39
140
1.0
102
RTVSPost2010PropOp39
 70
     1
102
RTVSPost2010Prop40
 90
        0
102
RTVSPost2010PropOp40
 70
     1
102
RTVSPost2010Prop41ColorIndex
 90
       18
102
RTVSPost2010Prop41ColorRGB
 90
        0
102
RTVSPost2010PropOp41
 70
     1
102
RTVSPost2010Prop42
 90
       50
102
RTVSPost2010PropOp42
 70
     1
102
RTVSPost2010Prop43
 90
        3
102
RTVSPost2010PropOp43
 70
     1
102
RTVSPost2010Prop44ColorIndex
 90
        5
102
RTVSPost2010Prop44ColorRGB
 90
      255
102
RTVSPost2010PropOp44
 70
     1
102
RTVSPost2010Prop45
280
     0
102
RTVSPost2010PropOp45
 70
     1
102
RTVSPost2010Prop46
 90
       50
102
RTVSPost2010PropOp46
 70
     1
102
RTVSPost2010Prop47
 90
       50
102
RTVSPost2010PropOp47
 70
     1
102
RTVSPost2010Prop48
 90
       50
102
RTVSPost2010PropOp48
 70
     1
102
RTVSPost2010Prop49
280
     0
102
RTVSPost2010PropOp49
 70
     1
102
RTVSPost2010Prop50
 90
       50
102
RTVSPost2010PropOp50
 70
     1
102
RTVSPost2010Prop51ColorIndex
 90
      256
102
RTVSPost2010Prop51ColorRGB
 90
-16777216
102
RTVSPost2010PropOp51
 70
     0
102
RTVSPost2010Prop52
140
1.0
102
RTVSPost2010PropOp52
 70
     0
102
RTVSPost2010Prop53
 90
        2
102
RTVSPost2010PropOp53
 70
     1
102
RTVSPost2010Prop54
  1
strokes_ogs.tif
102
RTVSPost2010PropOp54
 70
     1
102
RTVSPost2010Prop55
280
     0
102
RTVSPost2010PropOp55
 70
     1
102
RTVSPost2010Prop56
140
1.0
102
RTVSPost2010PropOp56
 70
     1
102
RTVSPost2010Prop57
140
1.0
102
RTVSPost2010PropOp57
 70
     1
  0
XRECORD
  5
766
102
{ACAD_REACTORS
330
765
102
}
330
765
100
AcDbXrecord
280
     1
102
RTVSPropertyOp0
 70
     1
102
RTVSPropertyOp1
 70
     1
102
RTVSPropertyOp2
 70
     1
102
RTVSPropertyOp3
 70
     1
102
RTVSPropertyOp4
 70
     1
102
RTVSPropertyOp5
 70
     1
102
RTVSPropertyOp6
 70
     1
102
RTVSPropertyOp7
 70
     1
102
RTVSPropertyOp8
 70
     1
102
RTVSPropertyOp9
 70
     1
102
RTVSPropertyOp10
 70
     1
102
RTVSPropertyOp11
 70
     1
102
RTVSPropertyOp12
 70
     1
102
RTVSPropertyOp13
 70
     1
102
RTVSPropertyOp14
 70
     1
102
RTVSPropertyOp15
 70
     1
102
RTVSPropertyOp16
 70
     1
102
RTVSPropertyOp17
 70
     1
102
RTVSPropertyOp18
 70
     1
102
RTVSPropertyOp19
 70
     1
102
RTVSPropertyOp20
 70
     1
102
RTVSPropertyOp21
 70
     1
102
RTVSPropertyOp22
 70
     1
102
RTVSPropertyOp23
 70
     1
102
RTVSPropertyOp24
 70
     1
102
RTVSPropertyOp25
 70
     1
102
RTVSPropertyOp26
 70
     1
102
RTVSPropertyOp27
 70
     1
102
RTVSPropertyOp28
 70
     1
102
RTVSPropertyOp29
 70
     1
102
RTVSPropertyOp30
 70
     1
102
RTVSPropertyOp31
 70
     1
102
RTVSPropertyOp32
 70
     1
102
RTVSPropertyOp33
 70
     1
102
RTVSPropertyOp34
 70
     1
102
RTVSPropertyOp35
 70
     1
102
RTVSPropertyOp36
 70
     1
102
RTVSPropertyOp37
 70
     1
102
RTVSPropertyOp38
 70
     1
102
RTVSPropertyOp39
 70
     1
102
RTVSPropertyOp40
 70
     1
102
RTVSPropertyOp41
 70
     1
102
RTVSPropertyOp42
 70
     1
102
RTVSPropertyOp43
 70
     1
102
RTVSPropertyOp44
 70
     1
102
RTVSPropertyOp45
 70
     1
102
RTVSPropertyOp46
 70
     1
102
RTVSPropertyOp47
 70
     1
102
RTVSPropertyOp48
 70
     1
102
RTVSPropertyOp49
 70
     1
102
RTVSPropertyOp50
 70
     1
102
RTVSPropertyOp51
 70
     0
102
RTVSPropertyOp52
 70
     0
102
RTVSPropertyOp53
 70
     1
102
RTVSPropertyOp54
 70
     1
102
RTVSPropertyOp55
 70
     1
102
RTVSPropertyOp56
 70
     1
102
RTVSPropertyOp57
 70
     1
102
RTVSPost2010Prop28
280
     0
102
RTVSPost2010PropOp28
 70
     1
102
RTVSPost2010Prop29
280
     1
102
RTVSPost2010PropOp29
 70
     1
102
RTVSPost2010Prop30
280
     1
102
RTVSPost2010PropOp30
 70
     1
102
RTVSPost2010Prop31
280
     0
102
RTVSPost2010PropOp31
 70
     1
102
RTVSPost2010Prop32
280
     0
102
RTVSPost2010PropOp32
 70
     1
102
RTVSPost2010Prop33
280
     0
102
RTVSPost2010PropOp33
 70
     1
102
RTVSPost2010Prop34
280
     0
102
RTVSPost2010PropOp34
 70
     1
102
RTVSPost2010Prop35
280
     0
102
RTVSPost2010PropOp35
 70
     1
102
RTVSPost2010Prop36
280
     0
102
RTVSPost2010PropOp36
 70
     1
102
RTVSPost2010Prop37
 90
       50
102
RTVSPost2010PropOp37
 70
     1
102
RTVSPost2010Prop38
140
0.0
102
RTVSPost2010PropOp38
 70
     1
102
RTVSPost2010Prop39
140
1.0
102
RTVSPost2010PropOp39
 70
     1
102
RTVSPost2010Prop40
 90
        0
102
RTVSPost2010PropOp40
 70
     1
102
RTVSPost2010Prop41ColorIndex
 90
       18
102
RTVSPost2010Prop41ColorRGB
 90
        0
102
RTVSPost2010PropOp41
 70
     1
102
RTVSPost2010Prop42
 90
       50
102
RTVSPost2010PropOp42
 70
     1
102
RTVSPost2010Prop43
 90
        3
102
RTVSPost2010PropOp43
 70
     1
102
RTVSPost2010Prop44ColorIndex
 90
        5
102
RTVSPost2010Prop44ColorRGB
 90
      255
102
RTVSPost2010PropOp44
 70
     1
102
RTVSPost2010Prop45
280
     0
102
RTVSPost2010PropOp45
 70
     1
102
RTVSPost2010Prop46
 90
       50
102
RTVSPost2010PropOp46
 70
     1
102
RTVSPost2010Prop47
 90
       50
102
RTVSPost2010PropOp47
 70
     1
102
RTVSPost2010Prop48
 90
       50
102
RTVSPost2010PropOp48
 70
     1
102
RTVSPost2010Prop49
280
     0
102
RTVSPost2010PropOp49
 70
     1
102
RTVSPost2010Prop50
 90
       50
102
RTVSPost2010PropOp50
 70
     1
102
RTVSPost2010Prop51ColorIndex
 90
      256
102
RTVSPost2010Prop51ColorRGB
 90
-16777216
102
RTVSPost2010PropOp51
 70
     0
102
RTVSPost2010Prop52
140
1.0
102
RTVSPost2010PropOp52
 70
     0
102
RTVSPost2010Prop53
 90
        2
102
RTVSPost2010PropOp53
 70
     1
102
RTVSPost2010Prop54
  1
strokes_ogs.tif
102
RTVSPost2010PropOp54
 70
     1
102
RTVSPost2010Prop55
280
     0
102
RTVSPost2010PropOp55
 70
     1
102
RTVSPost2010Prop56
140
1.0
102
RTVSPost2010PropOp56
 70
     1
102
RTVSPost2010Prop57
140
1.0
102
RTVSPost2010PropOp57
 70
     1
  0
XRECORD
  5
758
102
{ACAD_REACTORS
330
757
102
}
330
757
100
AcDbXrecord
280
     1
102
RTVSPropertyOp0
 70
     1
102
RTVSPropertyOp1
 70
     1
102
RTVSPropertyOp2
 70
     1
102
RTVSPropertyOp3
 70
     1
102
RTVSPropertyOp4
 70
     1
102
RTVSPropertyOp5
 70
     1
102
RTVSPropertyOp6
 70
     1
102
RTVSPropertyOp7
 70
     1
102
RTVSPropertyOp8
 70
     1
102
RTVSPropertyOp9
 70
     1
102
RTVSPropertyOp10
 70
     1
102
RTVSPropertyOp11
 70
     1
102
RTVSPropertyOp12
 70
     1
102
RTVSPropertyOp13
 70
     1
102
RTVSPropertyOp14
 70
     1
102
RTVSPropertyOp15
 70
     1
102
RTVSPropertyOp16
 70
     1
102
RTVSPropertyOp17
 70
     1
102
RTVSPropertyOp18
 70
     1
102
RTVSPropertyOp19
 70
     1
102
RTVSPropertyOp20
 70
     1
102
RTVSPropertyOp21
 70
     1
102
RTVSPropertyOp22
 70
     1
102
RTVSPropertyOp23
 70
     1
102
RTVSPropertyOp24
 70
     1
102
RTVSPropertyOp25
 70
     1
102
RTVSPropertyOp26
 70
     1
102
RTVSPropertyOp27
 70
     1
102
RTVSPropertyOp28
 70
     1
102
RTVSPropertyOp29
 70
     1
102
RTVSPropertyOp30
 70
     1
102
RTVSPropertyOp31
 70
     1
102
RTVSPropertyOp32
 70
     1
102
RTVSPropertyOp33
 70
     1
102
RTVSPropertyOp34
 70
     1
102
RTVSPropertyOp35
 70
     1
102
RTVSPropertyOp36
 70
     1
102
RTVSPropertyOp37
 70
     1
102
RTVSPropertyOp38
 70
     1
102
RTVSPropertyOp39
 70
     1
102
RTVSPropertyOp40
 70
     1
102
RTVSPropertyOp41
 70
     1
102
RTVSPropertyOp42
 70
     1
102
RTVSPropertyOp43
 70
     1
102
RTVSPropertyOp44
 70
     1
102
RTVSPropertyOp45
 70
     1
102
RTVSPropertyOp46
 70
     1
102
RTVSPropertyOp47
 70
     1
102
RTVSPropertyOp48
 70
     1
102
RTVSPropertyOp49
 70
     1
102
RTVSPropertyOp50
 70
     1
102
RTVSPropertyOp51
 70
     0
102
RTVSPropertyOp52
 70
     0
102
RTVSPropertyOp53
 70
     1
102
RTVSPropertyOp54
 70
     1
102
RTVSPropertyOp55
 70
     1
102
RTVSPropertyOp56
 70
     1
102
RTVSPropertyOp57
 70
     1
102
RTVSPost2010Prop28
280
     0
102
RTVSPost2010PropOp28
 70
     1
102
RTVSPost2010Prop29
280
     1
102
RTVSPost2010PropOp29
 70
     1
102
RTVSPost2010Prop30
280
     1
102
RTVSPost2010PropOp30
 70
     1
102
RTVSPost2010Prop31
280
     0
102
RTVSPost2010PropOp31
 70
     1
102
RTVSPost2010Prop32
280
     0
102
RTVSPost2010PropOp32
 70
     1
102
RTVSPost2010Prop33
280
     0
102
RTVSPost2010PropOp33
 70
     1
102
RTVSPost2010Prop34
280
     0
102
RTVSPost2010PropOp34
 70
     1
102
RTVSPost2010Prop35
280
     0
102
RTVSPost2010PropOp35
 70
     1
102
RTVSPost2010Prop36
280
     0
102
RTVSPost2010PropOp36
 70
     1
102
RTVSPost2010Prop37
 90
       50
102
RTVSPost2010PropOp37
 70
     1
102
RTVSPost2010Prop38
140
0.0
102
RTVSPost2010PropOp38
 70
     1
102
RTVSPost2010Prop39
140
1.0
102
RTVSPost2010PropOp39
 70
     1
102
RTVSPost2010Prop40
 90
        0
102
RTVSPost2010PropOp40
 70
     1
102
RTVSPost2010Prop41ColorIndex
 90
       18
102
RTVSPost2010Prop41ColorRGB
 90
        0
102
RTVSPost2010PropOp41
 70
     1
102
RTVSPost2010Prop42
 90
       50
102
RTVSPost2010PropOp42
 70
     1
102
RTVSPost2010Prop43
 90
        3
102
RTVSPost2010PropOp43
 70
     1
102
RTVSPost2010Prop44ColorIndex
 90
        5
102
RTVSPost2010Prop44ColorRGB
 90
      255
102
RTVSPost2010PropOp44
 70
     1
102
RTVSPost2010Prop45
280
     0
102
RTVSPost2010PropOp45
 70
     1
102
RTVSPost2010Prop46
 90
       50
102
RTVSPost2010PropOp46
 70
     1
102
RTVSPost2010Prop47
 90
       50
102
RTVSPost2010PropOp47
 70
     1
102
RTVSPost2010Prop48
 90
       50
102
RTVSPost2010PropOp48
 70
     1
102
RTVSPost2010Prop49
280
     0
102
RTVSPost2010PropOp49
 70
     1
102
RTVSPost2010Prop50
 90
       50
102
RTVSPost2010PropOp50
 70
     1
102
RTVSPost2010Prop51ColorIndex
 90
      256
102
RTVSPost2010Prop51ColorRGB
 90
-16777216
102
RTVSPost2010PropOp51
 70
     0
102
RTVSPost2010Prop52
140
1.0
102
RTVSPost2010PropOp52
 70
     0
102
RTVSPost2010Prop53
 90
        2
102
RTVSPost2010PropOp53
 70
     1
102
RTVSPost2010Prop54
  1
strokes_ogs.tif
102
RTVSPost2010PropOp54
 70
     1
102
RTVSPost2010Prop55
280
     0
102
RTVSPost2010PropOp55
 70
     1
102
RTVSPost2010Prop56
140
1.0
102
RTVSPost2010PropOp56
 70
     1
102
RTVSPost2010Prop57
140
1.0
102
RTVSPost2010PropOp57
 70
     1
  0
XRECORD
  5
778
102
{ACAD_REACTORS
330
777
102
}
330
777
100
AcDbXrecord
280
     1
102
RTVSPropertyOp0
 70
     1
102
RTVSPropertyOp1
 70
     1
102
RTVSPropertyOp2
 70
     1
102
RTVSPropertyOp3
 70
     1
102
RTVSPropertyOp4
 70
     1
102
RTVSPropertyOp5
 70
     1
102
RTVSPropertyOp6
 70
     1
102
RTVSPropertyOp7
 70
     1
102
RTVSPropertyOp8
 70
     1
102
RTVSPropertyOp9
 70
     1
102
RTVSPropertyOp10
 70
     1
102
RTVSPropertyOp11
 70
     1
102
RTVSPropertyOp12
 70
     1
102
RTVSPropertyOp13
 70
     1
102
RTVSPropertyOp14
 70
     1
102
RTVSPropertyOp15
 70
     1
102
RTVSPropertyOp16
 70
     1
102
RTVSPropertyOp17
 70
     1
102
RTVSPropertyOp18
 70
     1
102
RTVSPropertyOp19
 70
     1
102
RTVSPropertyOp20
 70
     1
102
RTVSPropertyOp21
 70
     1
102
RTVSPropertyOp22
 70
     1
102
RTVSPropertyOp23
 70
     1
102
RTVSPropertyOp24
 70
     1
102
RTVSPropertyOp25
 70
     1
102
RTVSPropertyOp26
 70
     1
102
RTVSPropertyOp27
 70
     1
102
RTVSPropertyOp28
 70
     1
102
RTVSPropertyOp29
 70
     1
102
RTVSPropertyOp30
 70
     1
102
RTVSPropertyOp31
 70
     1
102
RTVSPropertyOp32
 70
     1
102
RTVSPropertyOp33
 70
     1
102
RTVSPropertyOp34
 70
     1
102
RTVSPropertyOp35
 70
     1
102
RTVSPropertyOp36
 70
     1
102
RTVSPropertyOp37
 70
     1
102
RTVSPropertyOp38
 70
     1
102
RTVSPropertyOp39
 70
     1
102
RTVSPropertyOp40
 70
     1
102
RTVSPropertyOp41
 70
     1
102
RTVSPropertyOp42
 70
     1
102
RTVSPropertyOp43
 70
     1
102
RTVSPropertyOp44
 70
     1
102
RTVSPropertyOp45
 70
     1
102
RTVSPropertyOp46
 70
     1
102
RTVSPropertyOp47
 70
     1
102
RTVSPropertyOp48
 70
     1
102
RTVSPropertyOp49
 70
     1
102
RTVSPropertyOp50
 70
     1
102
RTVSPropertyOp51
 70
     0
102
RTVSPropertyOp52
 70
     0
102
RTVSPropertyOp53
 70
     1
102
RTVSPropertyOp54
 70
     1
102
RTVSPropertyOp55
 70
     1
102
RTVSPropertyOp56
 70
     1
102
RTVSPropertyOp57
 70
     1
102
RTVSPost2010Prop28
280
     0
102
RTVSPost2010PropOp28
 70
     1
102
RTVSPost2010Prop29
280
     1
102
RTVSPost2010PropOp29
 70
     1
102
RTVSPost2010Prop30
280
     1
102
RTVSPost2010PropOp30
 70
     1
102
RTVSPost2010Prop31
280
     0
102
RTVSPost2010PropOp31
 70
     1
102
RTVSPost2010Prop32
280
     0
102
RTVSPost2010PropOp32
 70
     1
102
RTVSPost2010Prop33
280
     0
102
RTVSPost2010PropOp33
 70
     1
102
RTVSPost2010Prop34
280
     0
102
RTVSPost2010PropOp34
 70
     1
102
RTVSPost2010Prop35
280
     0
102
RTVSPost2010PropOp35
 70
     1
102
RTVSPost2010Prop36
280
     0
102
RTVSPost2010PropOp36
 70
     1
102
RTVSPost2010Prop37
 90
       50
102
RTVSPost2010PropOp37
 70
     1
102
RTVSPost2010Prop38
140
0.0
102
RTVSPost2010PropOp38
 70
     1
102
RTVSPost2010Prop39
140
1.0
102
RTVSPost2010PropOp39
 70
     1
102
RTVSPost2010Prop40
 90
        0
102
RTVSPost2010PropOp40
 70
     1
102
RTVSPost2010Prop41ColorIndex
 90
       18
102
RTVSPost2010Prop41ColorRGB
 90
        0
102
RTVSPost2010PropOp41
 70
     1
102
RTVSPost2010Prop42
 90
       50
102
RTVSPost2010PropOp42
 70
     1
102
RTVSPost2010Prop43
 90
        3
102
RTVSPost2010PropOp43
 70
     1
102
RTVSPost2010Prop44ColorIndex
 90
        5
102
RTVSPost2010Prop44ColorRGB
 90
      255
102
RTVSPost2010PropOp44
 70
     1
102
RTVSPost2010Prop45
280
     0
102
RTVSPost2010PropOp45
 70
     1
102
RTVSPost2010Prop46
 90
       50
102
RTVSPost2010PropOp46
 70
     1
102
RTVSPost2010Prop47
 90
       50
102
RTVSPost2010PropOp47
 70
     1
102
RTVSPost2010Prop48
 90
       50
102
RTVSPost2010PropOp48
 70
     1
102
RTVSPost2010Prop49
280
     0
102
RTVSPost2010PropOp49
 70
     1
102
RTVSPost2010Prop50
 90
       50
102
RTVSPost2010PropOp50
 70
     1
102
RTVSPost2010Prop51ColorIndex
 90
      256
102
RTVSPost2010Prop51ColorRGB
 90
-16777216
102
RTVSPost2010PropOp51
 70
     0
102
RTVSPost2010Prop52
140
1.0
102
RTVSPost2010PropOp52
 70
     0
102
RTVSPost2010Prop53
 90
        2
102
RTVSPost2010PropOp53
 70
     1
102
RTVSPost2010Prop54
  1
strokes_ogs.tif
102
RTVSPost2010PropOp54
 70
     1
102
RTVSPost2010Prop55
280
     0
102
RTVSPost2010PropOp55
 70
     1
102
RTVSPost2010Prop56
140
1.0
102
RTVSPost2010PropOp56
 70
     1
102
RTVSPost2010Prop57
140
1.0
102
RTVSPost2010PropOp57
 70
     1
  0
ENDSEC
  0
EOF
